ISO-10303-21;
HEADER;
/* Generated by software containing ST-Developer
 * from STEP Tools, Inc. (www.steptools.com) 
 */

FILE_DESCRIPTION(
/* description */ (''),
/* implementation_level */ '2;1');

FILE_NAME(
/* name */ 'USB_HUB_.step',
/* time_stamp */ '2026-06-20T21:01:49+05:30',
/* author */ (''),
/* organization */ (''),
/* preprocessor_version */ 'ST-DEVELOPER v20.1',
/* originating_system */ 'Autodesk Translation Framework v15.8.0.0',
/* authorisation */ '');

FILE_SCHEMA (('AUTOMOTIVE_DESIGN { 1 0 10303 214 3 1 1 }'));
ENDSEC;

DATA;
#10=MECHANICAL_DESIGN_GEOMETRIC_PRESENTATION_REPRESENTATION('',(#23,#24,
#25,#26,#27,#28,#29,#30,#31,#32,#33,#34,#35,#36),#3599);
#11=ITEM_DEFINED_TRANSFORMATION($,$,#2161,#2364);
#12=ITEM_DEFINED_TRANSFORMATION($,$,#2219,#2365);
#13=(
REPRESENTATION_RELATIONSHIP($,$,#3613,#3612)
REPRESENTATION_RELATIONSHIP_WITH_TRANSFORMATION(#11)
SHAPE_REPRESENTATION_RELATIONSHIP()
);
#14=(
REPRESENTATION_RELATIONSHIP($,$,#3614,#3612)
REPRESENTATION_RELATIONSHIP_WITH_TRANSFORMATION(#12)
SHAPE_REPRESENTATION_RELATIONSHIP()
);
#15=CONTEXT_DEPENDENT_SHAPE_REPRESENTATION(#13,#3610);
#16=CONTEXT_DEPENDENT_SHAPE_REPRESENTATION(#14,#3611);
#17=NEXT_ASSEMBLY_USAGE_OCCURRENCE('Component1:1','Component1:1',
'Component1:1',#3616,#3617,'Component1:1');
#18=NEXT_ASSEMBLY_USAGE_OCCURRENCE('Component2:1','Component2:1',
'Component2:1',#3616,#3618,'Component2:1');
#19=SHAPE_REPRESENTATION_RELATIONSHIP('SRR','None',#3613,#21);
#20=SHAPE_REPRESENTATION_RELATIONSHIP('SRR','None',#3614,#22);
#21=ADVANCED_BREP_SHAPE_REPRESENTATION('',(#37),#3597);
#22=ADVANCED_BREP_SHAPE_REPRESENTATION('',(#38),#3598);
#23=STYLED_ITEM('',(#3632),#37);
#24=STYLED_ITEM('',(#3633),#2067);
#25=STYLED_ITEM('',(#3633),#2068);
#26=STYLED_ITEM('',(#3634),#2069);
#27=STYLED_ITEM('',(#3634),#2070);
#28=STYLED_ITEM('',(#3635),#2071);
#29=STYLED_ITEM('',(#3635),#2072);
#30=STYLED_ITEM('',(#3636),#2073);
#31=STYLED_ITEM('',(#3636),#2074);
#32=STYLED_ITEM('',(#3636),#2099);
#33=STYLED_ITEM('',(#3635),#2102);
#34=STYLED_ITEM('',(#3636),#2109);
#35=STYLED_ITEM('',(#3637),#2115);
#36=STYLED_ITEM('',(#3632),#38);
#37=MANIFOLD_SOLID_BREP('Body1',#2135);
#38=MANIFOLD_SOLID_BREP('Body1',#2136);
#39=FACE_BOUND('',#260,.T.);
#40=FACE_BOUND('',#262,.T.);
#41=FACE_BOUND('',#263,.T.);
#42=FACE_BOUND('',#267,.T.);
#43=FACE_BOUND('',#268,.T.);
#44=FACE_BOUND('',#270,.T.);
#45=FACE_BOUND('',#271,.T.);
#46=FACE_BOUND('',#272,.T.);
#47=FACE_BOUND('',#273,.T.);
#48=FACE_BOUND('',#294,.T.);
#49=FACE_BOUND('',#295,.T.);
#50=FACE_BOUND('',#296,.T.);
#51=FACE_BOUND('',#297,.T.);
#52=FACE_BOUND('',#299,.T.);
#53=FACE_BOUND('',#300,.T.);
#54=FACE_BOUND('',#308,.T.);
#55=FACE_BOUND('',#310,.T.);
#56=FACE_BOUND('',#365,.T.);
#57=FACE_BOUND('',#366,.T.);
#58=FACE_BOUND('',#367,.T.);
#59=FACE_BOUND('',#368,.T.);
#60=FACE_BOUND('',#369,.T.);
#61=FACE_BOUND('',#370,.T.);
#62=FACE_BOUND('',#371,.T.);
#63=FACE_BOUND('',#372,.T.);
#64=FACE_BOUND('',#373,.T.);
#65=FACE_BOUND('',#374,.T.);
#66=FACE_BOUND('',#377,.T.);
#67=FACE_BOUND('',#378,.T.);
#68=FACE_BOUND('',#386,.T.);
#69=FACE_BOUND('',#387,.T.);
#70=FACE_BOUND('',#388,.T.);
#71=FACE_BOUND('',#389,.T.);
#72=PLANE('',#2177);
#73=PLANE('',#2181);
#74=PLANE('',#2186);
#75=PLANE('',#2187);
#76=PLANE('',#2190);
#77=PLANE('',#2191);
#78=PLANE('',#2192);
#79=PLANE('',#2193);
#80=PLANE('',#2194);
#81=PLANE('',#2195);
#82=PLANE('',#2196);
#83=PLANE('',#2197);
#84=PLANE('',#2198);
#85=PLANE('',#2199);
#86=PLANE('',#2200);
#87=PLANE('',#2201);
#88=PLANE('',#2202);
#89=PLANE('',#2203);
#90=PLANE('',#2204);
#91=PLANE('',#2205);
#92=PLANE('',#2206);
#93=PLANE('',#2207);
#94=PLANE('',#2208);
#95=PLANE('',#2209);
#96=PLANE('',#2210);
#97=PLANE('',#2211);
#98=PLANE('',#2212);
#99=PLANE('',#2213);
#100=PLANE('',#2214);
#101=PLANE('',#2215);
#102=PLANE('',#2216);
#103=PLANE('',#2217);
#104=PLANE('',#2218);
#105=PLANE('',#2235);
#106=PLANE('',#2239);
#107=PLANE('',#2243);
#108=PLANE('',#2247);
#109=PLANE('',#2248);
#110=PLANE('',#2252);
#111=PLANE('',#2256);
#112=PLANE('',#2260);
#113=PLANE('',#2264);
#114=PLANE('',#2268);
#115=PLANE('',#2275);
#116=PLANE('',#2279);
#117=PLANE('',#2283);
#118=PLANE('',#2287);
#119=PLANE('',#2291);
#120=PLANE('',#2295);
#121=PLANE('',#2296);
#122=PLANE('',#2300);
#123=PLANE('',#2301);
#124=PLANE('',#2307);
#125=PLANE('',#2310);
#126=PLANE('',#2314);
#127=PLANE('',#2315);
#128=PLANE('',#2321);
#129=PLANE('',#2328);
#130=PLANE('',#2339);
#131=PLANE('',#2346);
#132=PLANE('',#2349);
#133=PLANE('',#2350);
#134=PLANE('',#2355);
#135=PLANE('',#2357);
#136=PLANE('',#2359);
#137=PLANE('',#2360);
#138=PLANE('',#2361);
#139=PLANE('',#2362);
#140=PLANE('',#2363);
#141=FACE_OUTER_BOUND('',#254,.T.);
#142=FACE_OUTER_BOUND('',#255,.T.);
#143=FACE_OUTER_BOUND('',#256,.T.);
#144=FACE_OUTER_BOUND('',#257,.T.);
#145=FACE_OUTER_BOUND('',#258,.T.);
#146=FACE_OUTER_BOUND('',#259,.T.);
#147=FACE_OUTER_BOUND('',#261,.T.);
#148=FACE_OUTER_BOUND('',#264,.T.);
#149=FACE_OUTER_BOUND('',#265,.T.);
#150=FACE_OUTER_BOUND('',#266,.T.);
#151=FACE_OUTER_BOUND('',#269,.T.);
#152=FACE_OUTER_BOUND('',#274,.T.);
#153=FACE_OUTER_BOUND('',#275,.T.);
#154=FACE_OUTER_BOUND('',#276,.T.);
#155=FACE_OUTER_BOUND('',#277,.T.);
#156=FACE_OUTER_BOUND('',#278,.T.);
#157=FACE_OUTER_BOUND('',#279,.T.);
#158=FACE_OUTER_BOUND('',#280,.T.);
#159=FACE_OUTER_BOUND('',#281,.T.);
#160=FACE_OUTER_BOUND('',#282,.T.);
#161=FACE_OUTER_BOUND('',#283,.T.);
#162=FACE_OUTER_BOUND('',#284,.T.);
#163=FACE_OUTER_BOUND('',#285,.T.);
#164=FACE_OUTER_BOUND('',#286,.T.);
#165=FACE_OUTER_BOUND('',#287,.T.);
#166=FACE_OUTER_BOUND('',#288,.T.);
#167=FACE_OUTER_BOUND('',#289,.T.);
#168=FACE_OUTER_BOUND('',#290,.T.);
#169=FACE_OUTER_BOUND('',#291,.T.);
#170=FACE_OUTER_BOUND('',#292,.T.);
#171=FACE_OUTER_BOUND('',#293,.T.);
#172=FACE_OUTER_BOUND('',#298,.T.);
#173=FACE_OUTER_BOUND('',#301,.T.);
#174=FACE_OUTER_BOUND('',#302,.T.);
#175=FACE_OUTER_BOUND('',#303,.T.);
#176=FACE_OUTER_BOUND('',#304,.T.);
#177=FACE_OUTER_BOUND('',#305,.T.);
#178=FACE_OUTER_BOUND('',#306,.T.);
#179=FACE_OUTER_BOUND('',#307,.T.);
#180=FACE_OUTER_BOUND('',#309,.T.);
#181=FACE_OUTER_BOUND('',#311,.T.);
#182=FACE_OUTER_BOUND('',#312,.T.);
#183=FACE_OUTER_BOUND('',#313,.T.);
#184=FACE_OUTER_BOUND('',#314,.T.);
#185=FACE_OUTER_BOUND('',#315,.T.);
#186=FACE_OUTER_BOUND('',#316,.T.);
#187=FACE_OUTER_BOUND('',#317,.T.);
#188=FACE_OUTER_BOUND('',#318,.T.);
#189=FACE_OUTER_BOUND('',#319,.T.);
#190=FACE_OUTER_BOUND('',#320,.T.);
#191=FACE_OUTER_BOUND('',#321,.T.);
#192=FACE_OUTER_BOUND('',#322,.T.);
#193=FACE_OUTER_BOUND('',#323,.T.);
#194=FACE_OUTER_BOUND('',#324,.T.);
#195=FACE_OUTER_BOUND('',#325,.T.);
#196=FACE_OUTER_BOUND('',#326,.T.);
#197=FACE_OUTER_BOUND('',#327,.T.);
#198=FACE_OUTER_BOUND('',#328,.T.);
#199=FACE_OUTER_BOUND('',#329,.T.);
#200=FACE_OUTER_BOUND('',#330,.T.);
#201=FACE_OUTER_BOUND('',#331,.T.);
#202=FACE_OUTER_BOUND('',#332,.T.);
#203=FACE_OUTER_BOUND('',#333,.T.);
#204=FACE_OUTER_BOUND('',#334,.T.);
#205=FACE_OUTER_BOUND('',#335,.T.);
#206=FACE_OUTER_BOUND('',#336,.T.);
#207=FACE_OUTER_BOUND('',#337,.T.);
#208=FACE_OUTER_BOUND('',#338,.T.);
#209=FACE_OUTER_BOUND('',#339,.T.);
#210=FACE_OUTER_BOUND('',#340,.T.);
#211=FACE_OUTER_BOUND('',#341,.T.);
#212=FACE_OUTER_BOUND('',#342,.T.);
#213=FACE_OUTER_BOUND('',#343,.T.);
#214=FACE_OUTER_BOUND('',#344,.T.);
#215=FACE_OUTER_BOUND('',#345,.T.);
#216=FACE_OUTER_BOUND('',#346,.T.);
#217=FACE_OUTER_BOUND('',#347,.T.);
#218=FACE_OUTER_BOUND('',#348,.T.);
#219=FACE_OUTER_BOUND('',#349,.T.);
#220=FACE_OUTER_BOUND('',#350,.T.);
#221=FACE_OUTER_BOUND('',#351,.T.);
#222=FACE_OUTER_BOUND('',#352,.T.);
#223=FACE_OUTER_BOUND('',#353,.T.);
#224=FACE_OUTER_BOUND('',#354,.T.);
#225=FACE_OUTER_BOUND('',#355,.T.);
#226=FACE_OUTER_BOUND('',#356,.T.);
#227=FACE_OUTER_BOUND('',#357,.T.);
#228=FACE_OUTER_BOUND('',#358,.T.);
#229=FACE_OUTER_BOUND('',#359,.T.);
#230=FACE_OUTER_BOUND('',#360,.T.);
#231=FACE_OUTER_BOUND('',#361,.T.);
#232=FACE_OUTER_BOUND('',#362,.T.);
#233=FACE_OUTER_BOUND('',#363,.T.);
#234=FACE_OUTER_BOUND('',#364,.T.);
#235=FACE_OUTER_BOUND('',#375,.T.);
#236=FACE_OUTER_BOUND('',#376,.T.);
#237=FACE_OUTER_BOUND('',#379,.T.);
#238=FACE_OUTER_BOUND('',#380,.T.);
#239=FACE_OUTER_BOUND('',#381,.T.);
#240=FACE_OUTER_BOUND('',#382,.T.);
#241=FACE_OUTER_BOUND('',#383,.T.);
#242=FACE_OUTER_BOUND('',#384,.T.);
#243=FACE_OUTER_BOUND('',#385,.T.);
#244=FACE_OUTER_BOUND('',#390,.T.);
#245=FACE_OUTER_BOUND('',#391,.T.);
#246=FACE_OUTER_BOUND('',#392,.T.);
#247=FACE_OUTER_BOUND('',#393,.T.);
#248=FACE_OUTER_BOUND('',#394,.T.);
#249=FACE_OUTER_BOUND('',#395,.T.);
#250=FACE_OUTER_BOUND('',#396,.T.);
#251=FACE_OUTER_BOUND('',#397,.T.);
#252=FACE_OUTER_BOUND('',#398,.T.);
#253=FACE_OUTER_BOUND('',#399,.T.);
#254=EDGE_LOOP('',(#1390,#1391,#1392,#1393));
#255=EDGE_LOOP('',(#1394,#1395,#1396,#1397));
#256=EDGE_LOOP('',(#1398,#1399,#1400,#1401));
#257=EDGE_LOOP('',(#1402,#1403,#1404,#1405));
#258=EDGE_LOOP('',(#1406,#1407,#1408,#1409));
#259=EDGE_LOOP('',(#1410,#1411,#1412,#1413,#1414,#1415,#1416,#1417));
#260=EDGE_LOOP('',(#1418,#1419,#1420,#1421));
#261=EDGE_LOOP('',(#1422,#1423,#1424,#1425));
#262=EDGE_LOOP('',(#1426,#1427,#1428,#1429));
#263=EDGE_LOOP('',(#1430,#1431,#1432,#1433));
#264=EDGE_LOOP('',(#1434,#1435,#1436,#1437));
#265=EDGE_LOOP('',(#1438,#1439,#1440,#1441));
#266=EDGE_LOOP('',(#1442,#1443,#1444,#1445));
#267=EDGE_LOOP('',(#1446,#1447,#1448,#1449));
#268=EDGE_LOOP('',(#1450,#1451,#1452,#1453));
#269=EDGE_LOOP('',(#1454,#1455,#1456,#1457,#1458,#1459,#1460,#1461));
#270=EDGE_LOOP('',(#1462));
#271=EDGE_LOOP('',(#1463));
#272=EDGE_LOOP('',(#1464));
#273=EDGE_LOOP('',(#1465));
#274=EDGE_LOOP('',(#1466,#1467,#1468,#1469));
#275=EDGE_LOOP('',(#1470,#1471,#1472,#1473));
#276=EDGE_LOOP('',(#1474,#1475,#1476,#1477));
#277=EDGE_LOOP('',(#1478,#1479,#1480,#1481));
#278=EDGE_LOOP('',(#1482,#1483,#1484,#1485));
#279=EDGE_LOOP('',(#1486,#1487,#1488,#1489));
#280=EDGE_LOOP('',(#1490,#1491,#1492,#1493));
#281=EDGE_LOOP('',(#1494,#1495,#1496,#1497));
#282=EDGE_LOOP('',(#1498,#1499,#1500,#1501));
#283=EDGE_LOOP('',(#1502,#1503,#1504,#1505));
#284=EDGE_LOOP('',(#1506,#1507,#1508,#1509));
#285=EDGE_LOOP('',(#1510,#1511,#1512,#1513));
#286=EDGE_LOOP('',(#1514,#1515,#1516,#1517));
#287=EDGE_LOOP('',(#1518,#1519,#1520,#1521));
#288=EDGE_LOOP('',(#1522,#1523,#1524,#1525));
#289=EDGE_LOOP('',(#1526,#1527,#1528,#1529));
#290=EDGE_LOOP('',(#1530,#1531,#1532,#1533));
#291=EDGE_LOOP('',(#1534,#1535,#1536,#1537));
#292=EDGE_LOOP('',(#1538,#1539,#1540,#1541));
#293=EDGE_LOOP('',(#1542,#1543,#1544,#1545));
#294=EDGE_LOOP('',(#1546));
#295=EDGE_LOOP('',(#1547));
#296=EDGE_LOOP('',(#1548));
#297=EDGE_LOOP('',(#1549));
#298=EDGE_LOOP('',(#1550,#1551,#1552,#1553));
#299=EDGE_LOOP('',(#1554,#1555,#1556,#1557));
#300=EDGE_LOOP('',(#1558,#1559,#1560,#1561));
#301=EDGE_LOOP('',(#1562,#1563,#1564,#1565));
#302=EDGE_LOOP('',(#1566,#1567,#1568,#1569));
#303=EDGE_LOOP('',(#1570,#1571,#1572,#1573));
#304=EDGE_LOOP('',(#1574,#1575,#1576,#1577));
#305=EDGE_LOOP('',(#1578,#1579,#1580,#1581));
#306=EDGE_LOOP('',(#1582,#1583,#1584,#1585));
#307=EDGE_LOOP('',(#1586,#1587,#1588,#1589));
#308=EDGE_LOOP('',(#1590,#1591,#1592,#1593));
#309=EDGE_LOOP('',(#1594,#1595,#1596,#1597));
#310=EDGE_LOOP('',(#1598,#1599,#1600,#1601));
#311=EDGE_LOOP('',(#1602,#1603,#1604,#1605));
#312=EDGE_LOOP('',(#1606,#1607,#1608,#1609));
#313=EDGE_LOOP('',(#1610,#1611,#1612,#1613));
#314=EDGE_LOOP('',(#1614,#1615,#1616,#1617));
#315=EDGE_LOOP('',(#1618,#1619,#1620,#1621));
#316=EDGE_LOOP('',(#1622,#1623,#1624,#1625));
#317=EDGE_LOOP('',(#1626));
#318=EDGE_LOOP('',(#1627,#1628,#1629,#1630));
#319=EDGE_LOOP('',(#1631));
#320=EDGE_LOOP('',(#1632,#1633,#1634,#1635));
#321=EDGE_LOOP('',(#1636));
#322=EDGE_LOOP('',(#1637,#1638,#1639,#1640));
#323=EDGE_LOOP('',(#1641));
#324=EDGE_LOOP('',(#1642,#1643,#1644,#1645));
#325=EDGE_LOOP('',(#1646,#1647,#1648,#1649));
#326=EDGE_LOOP('',(#1650,#1651,#1652,#1653));
#327=EDGE_LOOP('',(#1654,#1655,#1656,#1657));
#328=EDGE_LOOP('',(#1658,#1659,#1660,#1661));
#329=EDGE_LOOP('',(#1662,#1663,#1664,#1665));
#330=EDGE_LOOP('',(#1666,#1667,#1668,#1669));
#331=EDGE_LOOP('',(#1670,#1671,#1672,#1673));
#332=EDGE_LOOP('',(#1674,#1675,#1676,#1677));
#333=EDGE_LOOP('',(#1678,#1679,#1680,#1681));
#334=EDGE_LOOP('',(#1682,#1683,#1684,#1685));
#335=EDGE_LOOP('',(#1686,#1687,#1688,#1689));
#336=EDGE_LOOP('',(#1690,#1691,#1692,#1693));
#337=EDGE_LOOP('',(#1694,#1695,#1696,#1697));
#338=EDGE_LOOP('',(#1698,#1699,#1700,#1701));
#339=EDGE_LOOP('',(#1702,#1703,#1704,#1705));
#340=EDGE_LOOP('',(#1706,#1707,#1708,#1709));
#341=EDGE_LOOP('',(#1710,#1711,#1712,#1713));
#342=EDGE_LOOP('',(#1714,#1715,#1716,#1717));
#343=EDGE_LOOP('',(#1718,#1719,#1720,#1721));
#344=EDGE_LOOP('',(#1722,#1723,#1724,#1725));
#345=EDGE_LOOP('',(#1726,#1727,#1728,#1729));
#346=EDGE_LOOP('',(#1730,#1731,#1732,#1733));
#347=EDGE_LOOP('',(#1734,#1735,#1736,#1737));
#348=EDGE_LOOP('',(#1738,#1739,#1740,#1741,#1742,#1743,#1744,#1745,#1746,
#1747,#1748,#1749,#1750,#1751,#1752,#1753,#1754,#1755,#1756,#1757,#1758,
#1759,#1760,#1761));
#349=EDGE_LOOP('',(#1762,#1763,#1764,#1765));
#350=EDGE_LOOP('',(#1766,#1767,#1768,#1769));
#351=EDGE_LOOP('',(#1770,#1771,#1772,#1773,#1774,#1775,#1776,#1777));
#352=EDGE_LOOP('',(#1778,#1779,#1780,#1781));
#353=EDGE_LOOP('',(#1782,#1783,#1784,#1785));
#354=EDGE_LOOP('',(#1786,#1787,#1788,#1789));
#355=EDGE_LOOP('',(#1790,#1791,#1792,#1793));
#356=EDGE_LOOP('',(#1794,#1795,#1796,#1797));
#357=EDGE_LOOP('',(#1798,#1799,#1800,#1801));
#358=EDGE_LOOP('',(#1802,#1803,#1804,#1805,#1806,#1807,#1808,#1809));
#359=EDGE_LOOP('',(#1810,#1811,#1812,#1813));
#360=EDGE_LOOP('',(#1814,#1815,#1816,#1817));
#361=EDGE_LOOP('',(#1818,#1819,#1820,#1821));
#362=EDGE_LOOP('',(#1822,#1823,#1824,#1825));
#363=EDGE_LOOP('',(#1826,#1827,#1828,#1829));
#364=EDGE_LOOP('',(#1830,#1831,#1832,#1833,#1834,#1835,#1836,#1837));
#365=EDGE_LOOP('',(#1838));
#366=EDGE_LOOP('',(#1839));
#367=EDGE_LOOP('',(#1840,#1841,#1842,#1843,#1844,#1845,#1846,#1847,#1848,
#1849,#1850,#1851,#1852,#1853,#1854,#1855,#1856,#1857,#1858,#1859,#1860,
#1861,#1862,#1863));
#368=EDGE_LOOP('',(#1864));
#369=EDGE_LOOP('',(#1865));
#370=EDGE_LOOP('',(#1866,#1867,#1868,#1869,#1870,#1871));
#371=EDGE_LOOP('',(#1872));
#372=EDGE_LOOP('',(#1873));
#373=EDGE_LOOP('',(#1874));
#374=EDGE_LOOP('',(#1875));
#375=EDGE_LOOP('',(#1876,#1877,#1878,#1879));
#376=EDGE_LOOP('',(#1880,#1881,#1882,#1883,#1884,#1885));
#377=EDGE_LOOP('',(#1886,#1887,#1888,#1889,#1890,#1891,#1892,#1893));
#378=EDGE_LOOP('',(#1894,#1895,#1896,#1897,#1898,#1899,#1900,#1901));
#379=EDGE_LOOP('',(#1902,#1903,#1904,#1905));
#380=EDGE_LOOP('',(#1906,#1907,#1908,#1909));
#381=EDGE_LOOP('',(#1910,#1911,#1912,#1913));
#382=EDGE_LOOP('',(#1914,#1915,#1916,#1917));
#383=EDGE_LOOP('',(#1918,#1919,#1920,#1921));
#384=EDGE_LOOP('',(#1922,#1923,#1924,#1925));
#385=EDGE_LOOP('',(#1926,#1927,#1928,#1929,#1930,#1931,#1932,#1933));
#386=EDGE_LOOP('',(#1934));
#387=EDGE_LOOP('',(#1935));
#388=EDGE_LOOP('',(#1936));
#389=EDGE_LOOP('',(#1937));
#390=EDGE_LOOP('',(#1938,#1939,#1940,#1941));
#391=EDGE_LOOP('',(#1942,#1943,#1944,#1945));
#392=EDGE_LOOP('',(#1946,#1947,#1948,#1949));
#393=EDGE_LOOP('',(#1950,#1951,#1952,#1953));
#394=EDGE_LOOP('',(#1954,#1955,#1956,#1957));
#395=EDGE_LOOP('',(#1958,#1959,#1960,#1961));
#396=EDGE_LOOP('',(#1962,#1963,#1964,#1965));
#397=EDGE_LOOP('',(#1966,#1967,#1968,#1969));
#398=EDGE_LOOP('',(#1970,#1971,#1972,#1973));
#399=EDGE_LOOP('',(#1974,#1975,#1976,#1977));
#400=LINE('',#2990,#606);
#401=LINE('',#2996,#607);
#402=LINE('',#3002,#608);
#403=LINE('',#3008,#609);
#404=LINE('',#3015,#610);
#405=LINE('',#3018,#611);
#406=LINE('',#3021,#612);
#407=LINE('',#3025,#613);
#408=LINE('',#3029,#614);
#409=LINE('',#3032,#615);
#410=LINE('',#3035,#616);
#411=LINE('',#3037,#617);
#412=LINE('',#3039,#618);
#413=LINE('',#3040,#619);
#414=LINE('',#3043,#620);
#415=LINE('',#3044,#621);
#416=LINE('',#3047,#622);
#417=LINE('',#3049,#623);
#418=LINE('',#3051,#624);
#419=LINE('',#3052,#625);
#420=LINE('',#3055,#626);
#421=LINE('',#3057,#627);
#422=LINE('',#3059,#628);
#423=LINE('',#3060,#629);
#424=LINE('',#3064,#630);
#425=LINE('',#3067,#631);
#426=LINE('',#3070,#632);
#427=LINE('',#3073,#633);
#428=LINE('',#3074,#634);
#429=LINE('',#3077,#635);
#430=LINE('',#3079,#636);
#431=LINE('',#3081,#637);
#432=LINE('',#3082,#638);
#433=LINE('',#3085,#639);
#434=LINE('',#3087,#640);
#435=LINE('',#3089,#641);
#436=LINE('',#3090,#642);
#437=LINE('',#3093,#643);
#438=LINE('',#3095,#644);
#439=LINE('',#3097,#645);
#440=LINE('',#3101,#646);
#441=LINE('',#3103,#647);
#442=LINE('',#3105,#648);
#443=LINE('',#3106,#649);
#444=LINE('',#3109,#650);
#445=LINE('',#3111,#651);
#446=LINE('',#3112,#652);
#447=LINE('',#3115,#653);
#448=LINE('',#3117,#654);
#449=LINE('',#3118,#655);
#450=LINE('',#3120,#656);
#451=LINE('',#3121,#657);
#452=LINE('',#3124,#658);
#453=LINE('',#3126,#659);
#454=LINE('',#3127,#660);
#455=LINE('',#3130,#661);
#456=LINE('',#3131,#662);
#457=LINE('',#3134,#663);
#458=LINE('',#3135,#664);
#459=LINE('',#3137,#665);
#460=LINE('',#3141,#666);
#461=LINE('',#3143,#667);
#462=LINE('',#3144,#668);
#463=LINE('',#3147,#669);
#464=LINE('',#3148,#670);
#465=LINE('',#3151,#671);
#466=LINE('',#3152,#672);
#467=LINE('',#3154,#673);
#468=LINE('',#3159,#674);
#469=LINE('',#3160,#675);
#470=LINE('',#3161,#676);
#471=LINE('',#3164,#677);
#472=LINE('',#3165,#678);
#473=LINE('',#3168,#679);
#474=LINE('',#3169,#680);
#475=LINE('',#3171,#681);
#476=LINE('',#3175,#682);
#477=LINE('',#3177,#683);
#478=LINE('',#3179,#684);
#479=LINE('',#3180,#685);
#480=LINE('',#3182,#686);
#481=LINE('',#3183,#687);
#482=LINE('',#3186,#688);
#483=LINE('',#3188,#689);
#484=LINE('',#3190,#690);
#485=LINE('',#3191,#691);
#486=LINE('',#3193,#692);
#487=LINE('',#3194,#693);
#488=LINE('',#3196,#694);
#489=LINE('',#3198,#695);
#490=LINE('',#3201,#696);
#491=LINE('',#3203,#697);
#492=LINE('',#3212,#698);
#493=LINE('',#3218,#699);
#494=LINE('',#3224,#700);
#495=LINE('',#3230,#701);
#496=LINE('',#3236,#702);
#497=LINE('',#3243,#703);
#498=LINE('',#3250,#704);
#499=LINE('',#3257,#705);
#500=LINE('',#3263,#706);
#501=LINE('',#3265,#707);
#502=LINE('',#3267,#708);
#503=LINE('',#3268,#709);
#504=LINE('',#3273,#710);
#505=LINE('',#3277,#711);
#506=LINE('',#3279,#712);
#507=LINE('',#3280,#713);
#508=LINE('',#3285,#714);
#509=LINE('',#3289,#715);
#510=LINE('',#3291,#716);
#511=LINE('',#3292,#717);
#512=LINE('',#3297,#718);
#513=LINE('',#3301,#719);
#514=LINE('',#3303,#720);
#515=LINE('',#3304,#721);
#516=LINE('',#3309,#722);
#517=LINE('',#3313,#723);
#518=LINE('',#3315,#724);
#519=LINE('',#3316,#725);
#520=LINE('',#3321,#726);
#521=LINE('',#3325,#727);
#522=LINE('',#3327,#728);
#523=LINE('',#3328,#729);
#524=LINE('',#3333,#730);
#525=LINE('',#3340,#731);
#526=LINE('',#3343,#732);
#527=LINE('',#3345,#733);
#528=LINE('',#3346,#734);
#529=LINE('',#3352,#735);
#530=LINE('',#3355,#736);
#531=LINE('',#3357,#737);
#532=LINE('',#3358,#738);
#533=LINE('',#3364,#739);
#534=LINE('',#3367,#740);
#535=LINE('',#3369,#741);
#536=LINE('',#3370,#742);
#537=LINE('',#3376,#743);
#538=LINE('',#3379,#744);
#539=LINE('',#3381,#745);
#540=LINE('',#3382,#746);
#541=LINE('',#3388,#747);
#542=LINE('',#3391,#748);
#543=LINE('',#3393,#749);
#544=LINE('',#3394,#750);
#545=LINE('',#3400,#751);
#546=LINE('',#3402,#752);
#547=LINE('',#3403,#753);
#548=LINE('',#3410,#754);
#549=LINE('',#3413,#755);
#550=LINE('',#3416,#756);
#551=LINE('',#3418,#757);
#552=LINE('',#3419,#758);
#553=LINE('',#3422,#759);
#554=LINE('',#3426,#760);
#555=LINE('',#3430,#761);
#556=LINE('',#3434,#762);
#557=LINE('',#3438,#763);
#558=LINE('',#3439,#764);
#559=LINE('',#3442,#765);
#560=LINE('',#3446,#766);
#561=LINE('',#3447,#767);
#562=LINE('',#3453,#768);
#563=LINE('',#3456,#769);
#564=LINE('',#3459,#770);
#565=LINE('',#3461,#771);
#566=LINE('',#3462,#772);
#567=LINE('',#3465,#773);
#568=LINE('',#3469,#774);
#569=LINE('',#3473,#775);
#570=LINE('',#3477,#776);
#571=LINE('',#3480,#777);
#572=LINE('',#3483,#778);
#573=LINE('',#3484,#779);
#574=LINE('',#3488,#780);
#575=LINE('',#3491,#781);
#576=LINE('',#3495,#782);
#577=LINE('',#3502,#783);
#578=LINE('',#3506,#784);
#579=LINE('',#3510,#785);
#580=LINE('',#3513,#786);
#581=LINE('',#3516,#787);
#582=LINE('',#3522,#788);
#583=LINE('',#3530,#789);
#584=LINE('',#3531,#790);
#585=LINE('',#3536,#791);
#586=LINE('',#3541,#792);
#587=LINE('',#3542,#793);
#588=LINE('',#3543,#794);
#589=LINE('',#3544,#795);
#590=LINE('',#3546,#796);
#591=LINE('',#3548,#797);
#592=LINE('',#3549,#798);
#593=LINE('',#3551,#799);
#594=LINE('',#3555,#800);
#595=LINE('',#3558,#801);
#596=LINE('',#3561,#802);
#597=LINE('',#3562,#803);
#598=LINE('',#3565,#804);
#599=LINE('',#3569,#805);
#600=LINE('',#3573,#806);
#601=LINE('',#3576,#807);
#602=LINE('',#3578,#808);
#603=LINE('',#3580,#809);
#604=LINE('',#3582,#810);
#605=LINE('',#3584,#811);
#606=VECTOR('',#2374,1.);
#607=VECTOR('',#2381,1.00000000000001);
#608=VECTOR('',#2388,1.00000001490116);
#609=VECTOR('',#2395,0.999999999999996);
#610=VECTOR('',#2402,10.);
#611=VECTOR('',#2405,10.);
#612=VECTOR('',#2408,10.);
#613=VECTOR('',#2411,10.);
#614=VECTOR('',#2414,10.);
#615=VECTOR('',#2417,10.);
#616=VECTOR('',#2418,10.);
#617=VECTOR('',#2419,10.);
#618=VECTOR('',#2420,10.);
#619=VECTOR('',#2421,10.);
#620=VECTOR('',#2424,10.);
#621=VECTOR('',#2425,10.);
#622=VECTOR('',#2426,10.);
#623=VECTOR('',#2427,10.);
#624=VECTOR('',#2428,10.);
#625=VECTOR('',#2429,10.);
#626=VECTOR('',#2430,10.);
#627=VECTOR('',#2431,10.);
#628=VECTOR('',#2432,10.);
#629=VECTOR('',#2433,10.);
#630=VECTOR('',#2438,10.);
#631=VECTOR('',#2441,10.);
#632=VECTOR('',#2444,10.);
#633=VECTOR('',#2447,10.);
#634=VECTOR('',#2448,10.);
#635=VECTOR('',#2449,10.);
#636=VECTOR('',#2450,10.);
#637=VECTOR('',#2451,10.);
#638=VECTOR('',#2452,10.);
#639=VECTOR('',#2453,10.);
#640=VECTOR('',#2454,10.);
#641=VECTOR('',#2455,10.);
#642=VECTOR('',#2456,10.);
#643=VECTOR('',#2459,10.);
#644=VECTOR('',#2462,10.);
#645=VECTOR('',#2465,10.);
#646=VECTOR('',#2468,10.);
#647=VECTOR('',#2469,10.);
#648=VECTOR('',#2470,10.);
#649=VECTOR('',#2471,10.);
#650=VECTOR('',#2474,10.);
#651=VECTOR('',#2475,10.);
#652=VECTOR('',#2476,10.);
#653=VECTOR('',#2479,10.);
#654=VECTOR('',#2480,10.);
#655=VECTOR('',#2481,10.);
#656=VECTOR('',#2484,10.);
#657=VECTOR('',#2485,10.);
#658=VECTOR('',#2488,10.);
#659=VECTOR('',#2489,10.);
#660=VECTOR('',#2490,10.);
#661=VECTOR('',#2493,10.);
#662=VECTOR('',#2494,10.);
#663=VECTOR('',#2497,10.);
#664=VECTOR('',#2498,10.);
#665=VECTOR('',#2501,10.);
#666=VECTOR('',#2506,10.);
#667=VECTOR('',#2507,10.);
#668=VECTOR('',#2508,10.);
#669=VECTOR('',#2511,10.);
#670=VECTOR('',#2512,10.);
#671=VECTOR('',#2515,10.);
#672=VECTOR('',#2516,10.);
#673=VECTOR('',#2519,10.);
#674=VECTOR('',#2524,10.);
#675=VECTOR('',#2525,10.);
#676=VECTOR('',#2526,10.);
#677=VECTOR('',#2529,10.);
#678=VECTOR('',#2530,10.);
#679=VECTOR('',#2533,10.);
#680=VECTOR('',#2534,10.);
#681=VECTOR('',#2537,10.);
#682=VECTOR('',#2540,10.);
#683=VECTOR('',#2541,10.);
#684=VECTOR('',#2542,10.);
#685=VECTOR('',#2543,10.);
#686=VECTOR('',#2546,10.);
#687=VECTOR('',#2547,10.);
#688=VECTOR('',#2548,10.);
#689=VECTOR('',#2549,10.);
#690=VECTOR('',#2550,10.);
#691=VECTOR('',#2551,10.);
#692=VECTOR('',#2554,10.);
#693=VECTOR('',#2555,10.);
#694=VECTOR('',#2558,10.);
#695=VECTOR('',#2561,10.);
#696=VECTOR('',#2566,10.);
#697=VECTOR('',#2569,10.);
#698=VECTOR('',#2582,0.999999999999996);
#699=VECTOR('',#2589,1.00000001490116);
#700=VECTOR('',#2596,1.00000000000001);
#701=VECTOR('',#2603,1.00000000000001);
#702=VECTOR('',#2610,2.00000000000001);
#703=VECTOR('',#2619,2.00000002980232);
#704=VECTOR('',#2628,2.00000002980232);
#705=VECTOR('',#2637,2.00000002980232);
#706=VECTOR('',#2644,10.);
#707=VECTOR('',#2645,10.);
#708=VECTOR('',#2646,10.);
#709=VECTOR('',#2647,10.);
#710=VECTOR('',#2652,10.);
#711=VECTOR('',#2657,10.);
#712=VECTOR('',#2658,10.);
#713=VECTOR('',#2659,10.);
#714=VECTOR('',#2664,10.);
#715=VECTOR('',#2669,10.);
#716=VECTOR('',#2670,10.);
#717=VECTOR('',#2671,10.);
#718=VECTOR('',#2676,10.);
#719=VECTOR('',#2681,10.);
#720=VECTOR('',#2682,10.);
#721=VECTOR('',#2683,10.);
#722=VECTOR('',#2688,10.);
#723=VECTOR('',#2693,10.);
#724=VECTOR('',#2694,10.);
#725=VECTOR('',#2695,10.);
#726=VECTOR('',#2700,10.);
#727=VECTOR('',#2705,10.);
#728=VECTOR('',#2706,10.);
#729=VECTOR('',#2707,10.);
#730=VECTOR('',#2712,10.);
#731=VECTOR('',#2721,10.);
#732=VECTOR('',#2724,10.);
#733=VECTOR('',#2725,10.);
#734=VECTOR('',#2726,10.);
#735=VECTOR('',#2733,10.);
#736=VECTOR('',#2736,10.);
#737=VECTOR('',#2737,10.);
#738=VECTOR('',#2738,10.);
#739=VECTOR('',#2745,10.);
#740=VECTOR('',#2748,10.);
#741=VECTOR('',#2749,10.);
#742=VECTOR('',#2750,10.);
#743=VECTOR('',#2757,10.);
#744=VECTOR('',#2760,10.);
#745=VECTOR('',#2761,10.);
#746=VECTOR('',#2762,10.);
#747=VECTOR('',#2769,10.);
#748=VECTOR('',#2772,10.);
#749=VECTOR('',#2773,10.);
#750=VECTOR('',#2774,10.);
#751=VECTOR('',#2781,10.);
#752=VECTOR('',#2784,10.);
#753=VECTOR('',#2785,10.);
#754=VECTOR('',#2792,10.);
#755=VECTOR('',#2795,10.);
#756=VECTOR('',#2798,10.);
#757=VECTOR('',#2799,10.);
#758=VECTOR('',#2800,10.);
#759=VECTOR('',#2803,10.);
#760=VECTOR('',#2806,10.);
#761=VECTOR('',#2809,10.);
#762=VECTOR('',#2814,10.);
#763=VECTOR('',#2819,10.);
#764=VECTOR('',#2820,10.);
#765=VECTOR('',#2823,10.);
#766=VECTOR('',#2828,10.);
#767=VECTOR('',#2829,10.);
#768=VECTOR('',#2834,10.);
#769=VECTOR('',#2837,10.);
#770=VECTOR('',#2840,10.);
#771=VECTOR('',#2841,10.);
#772=VECTOR('',#2842,10.);
#773=VECTOR('',#2845,10.);
#774=VECTOR('',#2848,10.);
#775=VECTOR('',#2851,10.);
#776=VECTOR('',#2856,10.);
#777=VECTOR('',#2859,10.);
#778=VECTOR('',#2862,10.);
#779=VECTOR('',#2863,10.);
#780=VECTOR('',#2868,10.);
#781=VECTOR('',#2871,10.);
#782=VECTOR('',#2876,10.);
#783=VECTOR('',#2883,10.);
#784=VECTOR('',#2886,10.);
#785=VECTOR('',#2889,10.);
#786=VECTOR('',#2892,10.);
#787=VECTOR('',#2893,10.);
#788=VECTOR('',#2898,10.);
#789=VECTOR('',#2907,10.);
#790=VECTOR('',#2908,10.);
#791=VECTOR('',#2913,10.);
#792=VECTOR('',#2918,10.);
#793=VECTOR('',#2919,10.);
#794=VECTOR('',#2920,10.);
#795=VECTOR('',#2921,10.);
#796=VECTOR('',#2924,10.);
#797=VECTOR('',#2927,10.);
#798=VECTOR('',#2928,10.);
#799=VECTOR('',#2931,10.);
#800=VECTOR('',#2936,10.);
#801=VECTOR('',#2939,10.);
#802=VECTOR('',#2942,10.);
#803=VECTOR('',#2943,10.);
#804=VECTOR('',#2946,10.);
#805=VECTOR('',#2949,10.);
#806=VECTOR('',#2952,10.);
#807=VECTOR('',#2957,10.);
#808=VECTOR('',#2960,10.);
#809=VECTOR('',#2963,10.);
#810=VECTOR('',#2966,10.);
#811=VECTOR('',#2969,10.);
#812=CIRCLE('',#2163,1.);
#813=CIRCLE('',#2164,1.);
#814=CIRCLE('',#2166,1.00000000000001);
#815=CIRCLE('',#2167,1.00000000000001);
#816=CIRCLE('',#2169,1.00000001490116);
#817=CIRCLE('',#2170,1.00000001490116);
#818=CIRCLE('',#2172,0.999999999999996);
#819=CIRCLE('',#2173,0.999999999999996);
#820=CIRCLE('',#2175,2.);
#821=CIRCLE('',#2176,2.);
#822=CIRCLE('',#2178,2.);
#823=CIRCLE('',#2179,2.);
#824=CIRCLE('',#2180,2.);
#825=CIRCLE('',#2183,2.);
#826=CIRCLE('',#2185,2.);
#827=CIRCLE('',#2188,2.);
#828=CIRCLE('',#2221,0.999999999999996);
#829=CIRCLE('',#2222,0.999999999999996);
#830=CIRCLE('',#2224,1.00000001490116);
#831=CIRCLE('',#2225,1.00000001490116);
#832=CIRCLE('',#2227,1.00000000000001);
#833=CIRCLE('',#2228,1.00000000000001);
#834=CIRCLE('',#2230,1.00000000000001);
#835=CIRCLE('',#2231,1.00000000000001);
#836=CIRCLE('',#2233,2.00000000000001);
#837=CIRCLE('',#2234,2.00000000000001);
#838=CIRCLE('',#2237,2.00000002980232);
#839=CIRCLE('',#2238,2.00000002980232);
#840=CIRCLE('',#2241,2.00000002980232);
#841=CIRCLE('',#2242,2.00000002980232);
#842=CIRCLE('',#2245,2.00000002980232);
#843=CIRCLE('',#2246,2.00000002980232);
#844=CIRCLE('',#2250,1.);
#845=CIRCLE('',#2251,1.);
#846=CIRCLE('',#2254,1.);
#847=CIRCLE('',#2255,1.);
#848=CIRCLE('',#2258,1.);
#849=CIRCLE('',#2259,1.);
#850=CIRCLE('',#2262,1.);
#851=CIRCLE('',#2263,1.);
#852=CIRCLE('',#2266,1.);
#853=CIRCLE('',#2267,1.);
#854=CIRCLE('',#2270,1.);
#855=CIRCLE('',#2271,1.);
#856=CIRCLE('',#2273,1.);
#857=CIRCLE('',#2274,1.);
#858=CIRCLE('',#2277,1.);
#859=CIRCLE('',#2278,1.);
#860=CIRCLE('',#2281,1.);
#861=CIRCLE('',#2282,1.);
#862=CIRCLE('',#2285,1.);
#863=CIRCLE('',#2286,1.);
#864=CIRCLE('',#2289,1.);
#865=CIRCLE('',#2290,1.);
#866=CIRCLE('',#2293,1.);
#867=CIRCLE('',#2294,1.);
#868=CIRCLE('',#2298,0.5);
#869=CIRCLE('',#2299,0.5);
#870=CIRCLE('',#2302,0.5);
#871=CIRCLE('',#2303,0.5);
#872=CIRCLE('',#2304,0.5);
#873=CIRCLE('',#2306,0.5);
#874=CIRCLE('',#2309,0.5);
#875=CIRCLE('',#2312,0.5);
#876=CIRCLE('',#2313,0.5);
#877=CIRCLE('',#2316,0.5);
#878=CIRCLE('',#2317,0.5);
#879=CIRCLE('',#2318,0.5);
#880=CIRCLE('',#2320,0.5);
#881=CIRCLE('',#2323,0.5);
#882=CIRCLE('',#2325,0.5);
#883=CIRCLE('',#2327,0.5);
#884=CIRCLE('',#2329,2.);
#885=CIRCLE('',#2330,2.);
#886=CIRCLE('',#2331,2.);
#887=CIRCLE('',#2332,2.);
#888=CIRCLE('',#2333,1.25);
#889=CIRCLE('',#2334,1.25);
#890=CIRCLE('',#2335,1.25);
#891=CIRCLE('',#2336,1.25);
#892=CIRCLE('',#2338,1.25);
#893=CIRCLE('',#2340,1.25);
#894=CIRCLE('',#2341,1.25);
#895=CIRCLE('',#2342,1.25);
#896=CIRCLE('',#2348,2.);
#897=CIRCLE('',#2351,2.);
#898=CIRCLE('',#2352,2.);
#899=CIRCLE('',#2353,2.);
#900=VERTEX_POINT('',#2987);
#901=VERTEX_POINT('',#2989);
#902=VERTEX_POINT('',#2993);
#903=VERTEX_POINT('',#2995);
#904=VERTEX_POINT('',#2999);
#905=VERTEX_POINT('',#3001);
#906=VERTEX_POINT('',#3005);
#907=VERTEX_POINT('',#3007);
#908=VERTEX_POINT('',#3011);
#909=VERTEX_POINT('',#3012);
#910=VERTEX_POINT('',#3014);
#911=VERTEX_POINT('',#3016);
#912=VERTEX_POINT('',#3020);
#913=VERTEX_POINT('',#3022);
#914=VERTEX_POINT('',#3024);
#915=VERTEX_POINT('',#3026);
#916=VERTEX_POINT('',#3028);
#917=VERTEX_POINT('',#3030);
#918=VERTEX_POINT('',#3033);
#919=VERTEX_POINT('',#3034);
#920=VERTEX_POINT('',#3036);
#921=VERTEX_POINT('',#3038);
#922=VERTEX_POINT('',#3042);
#923=VERTEX_POINT('',#3045);
#924=VERTEX_POINT('',#3046);
#925=VERTEX_POINT('',#3048);
#926=VERTEX_POINT('',#3050);
#927=VERTEX_POINT('',#3053);
#928=VERTEX_POINT('',#3054);
#929=VERTEX_POINT('',#3056);
#930=VERTEX_POINT('',#3058);
#931=VERTEX_POINT('',#3062);
#932=VERTEX_POINT('',#3066);
#933=VERTEX_POINT('',#3068);
#934=VERTEX_POINT('',#3072);
#935=VERTEX_POINT('',#3075);
#936=VERTEX_POINT('',#3076);
#937=VERTEX_POINT('',#3078);
#938=VERTEX_POINT('',#3080);
#939=VERTEX_POINT('',#3083);
#940=VERTEX_POINT('',#3084);
#941=VERTEX_POINT('',#3086);
#942=VERTEX_POINT('',#3088);
#943=VERTEX_POINT('',#3092);
#944=VERTEX_POINT('',#3099);
#945=VERTEX_POINT('',#3100);
#946=VERTEX_POINT('',#3102);
#947=VERTEX_POINT('',#3104);
#948=VERTEX_POINT('',#3108);
#949=VERTEX_POINT('',#3110);
#950=VERTEX_POINT('',#3114);
#951=VERTEX_POINT('',#3116);
#952=VERTEX_POINT('',#3123);
#953=VERTEX_POINT('',#3125);
#954=VERTEX_POINT('',#3129);
#955=VERTEX_POINT('',#3133);
#956=VERTEX_POINT('',#3140);
#957=VERTEX_POINT('',#3142);
#958=VERTEX_POINT('',#3146);
#959=VERTEX_POINT('',#3150);
#960=VERTEX_POINT('',#3157);
#961=VERTEX_POINT('',#3158);
#962=VERTEX_POINT('',#3163);
#963=VERTEX_POINT('',#3167);
#964=VERTEX_POINT('',#3173);
#965=VERTEX_POINT('',#3174);
#966=VERTEX_POINT('',#3176);
#967=VERTEX_POINT('',#3178);
#968=VERTEX_POINT('',#3184);
#969=VERTEX_POINT('',#3185);
#970=VERTEX_POINT('',#3187);
#971=VERTEX_POINT('',#3189);
#972=VERTEX_POINT('',#3209);
#973=VERTEX_POINT('',#3211);
#974=VERTEX_POINT('',#3215);
#975=VERTEX_POINT('',#3217);
#976=VERTEX_POINT('',#3221);
#977=VERTEX_POINT('',#3223);
#978=VERTEX_POINT('',#3227);
#979=VERTEX_POINT('',#3229);
#980=VERTEX_POINT('',#3233);
#981=VERTEX_POINT('',#3235);
#982=VERTEX_POINT('',#3240);
#983=VERTEX_POINT('',#3242);
#984=VERTEX_POINT('',#3247);
#985=VERTEX_POINT('',#3249);
#986=VERTEX_POINT('',#3254);
#987=VERTEX_POINT('',#3256);
#988=VERTEX_POINT('',#3261);
#989=VERTEX_POINT('',#3262);
#990=VERTEX_POINT('',#3264);
#991=VERTEX_POINT('',#3266);
#992=VERTEX_POINT('',#3270);
#993=VERTEX_POINT('',#3272);
#994=VERTEX_POINT('',#3276);
#995=VERTEX_POINT('',#3278);
#996=VERTEX_POINT('',#3282);
#997=VERTEX_POINT('',#3284);
#998=VERTEX_POINT('',#3288);
#999=VERTEX_POINT('',#3290);
#1000=VERTEX_POINT('',#3294);
#1001=VERTEX_POINT('',#3296);
#1002=VERTEX_POINT('',#3300);
#1003=VERTEX_POINT('',#3302);
#1004=VERTEX_POINT('',#3306);
#1005=VERTEX_POINT('',#3308);
#1006=VERTEX_POINT('',#3312);
#1007=VERTEX_POINT('',#3314);
#1008=VERTEX_POINT('',#3318);
#1009=VERTEX_POINT('',#3320);
#1010=VERTEX_POINT('',#3324);
#1011=VERTEX_POINT('',#3326);
#1012=VERTEX_POINT('',#3330);
#1013=VERTEX_POINT('',#3332);
#1014=VERTEX_POINT('',#3336);
#1015=VERTEX_POINT('',#3338);
#1016=VERTEX_POINT('',#3342);
#1017=VERTEX_POINT('',#3344);
#1018=VERTEX_POINT('',#3348);
#1019=VERTEX_POINT('',#3350);
#1020=VERTEX_POINT('',#3354);
#1021=VERTEX_POINT('',#3356);
#1022=VERTEX_POINT('',#3360);
#1023=VERTEX_POINT('',#3362);
#1024=VERTEX_POINT('',#3366);
#1025=VERTEX_POINT('',#3368);
#1026=VERTEX_POINT('',#3372);
#1027=VERTEX_POINT('',#3374);
#1028=VERTEX_POINT('',#3378);
#1029=VERTEX_POINT('',#3380);
#1030=VERTEX_POINT('',#3384);
#1031=VERTEX_POINT('',#3386);
#1032=VERTEX_POINT('',#3390);
#1033=VERTEX_POINT('',#3392);
#1034=VERTEX_POINT('',#3396);
#1035=VERTEX_POINT('',#3398);
#1036=VERTEX_POINT('',#3406);
#1037=VERTEX_POINT('',#3407);
#1038=VERTEX_POINT('',#3409);
#1039=VERTEX_POINT('',#3411);
#1040=VERTEX_POINT('',#3415);
#1041=VERTEX_POINT('',#3417);
#1042=VERTEX_POINT('',#3421);
#1043=VERTEX_POINT('',#3423);
#1044=VERTEX_POINT('',#3425);
#1045=VERTEX_POINT('',#3427);
#1046=VERTEX_POINT('',#3429);
#1047=VERTEX_POINT('',#3433);
#1048=VERTEX_POINT('',#3437);
#1049=VERTEX_POINT('',#3441);
#1050=VERTEX_POINT('',#3445);
#1051=VERTEX_POINT('',#3449);
#1052=VERTEX_POINT('',#3450);
#1053=VERTEX_POINT('',#3452);
#1054=VERTEX_POINT('',#3454);
#1055=VERTEX_POINT('',#3458);
#1056=VERTEX_POINT('',#3460);
#1057=VERTEX_POINT('',#3464);
#1058=VERTEX_POINT('',#3466);
#1059=VERTEX_POINT('',#3468);
#1060=VERTEX_POINT('',#3470);
#1061=VERTEX_POINT('',#3472);
#1062=VERTEX_POINT('',#3476);
#1063=VERTEX_POINT('',#3478);
#1064=VERTEX_POINT('',#3482);
#1065=VERTEX_POINT('',#3486);
#1066=VERTEX_POINT('',#3490);
#1067=VERTEX_POINT('',#3494);
#1068=VERTEX_POINT('',#3498);
#1069=VERTEX_POINT('',#3499);
#1070=VERTEX_POINT('',#3501);
#1071=VERTEX_POINT('',#3503);
#1072=VERTEX_POINT('',#3505);
#1073=VERTEX_POINT('',#3507);
#1074=VERTEX_POINT('',#3509);
#1075=VERTEX_POINT('',#3511);
#1076=VERTEX_POINT('',#3514);
#1077=VERTEX_POINT('',#3515);
#1078=VERTEX_POINT('',#3517);
#1079=VERTEX_POINT('',#3519);
#1080=VERTEX_POINT('',#3521);
#1081=VERTEX_POINT('',#3523);
#1082=VERTEX_POINT('',#3527);
#1083=VERTEX_POINT('',#3528);
#1084=VERTEX_POINT('',#3533);
#1085=VERTEX_POINT('',#3535);
#1086=VERTEX_POINT('',#3537);
#1087=VERTEX_POINT('',#3539);
#1088=VERTEX_POINT('',#3554);
#1089=VERTEX_POINT('',#3556);
#1090=VERTEX_POINT('',#3560);
#1091=VERTEX_POINT('',#3564);
#1092=VERTEX_POINT('',#3566);
#1093=VERTEX_POINT('',#3568);
#1094=VERTEX_POINT('',#3570);
#1095=VERTEX_POINT('',#3572);
#1096=EDGE_CURVE('',#900,#900,#812,.T.);
#1097=EDGE_CURVE('',#900,#901,#400,.T.);
#1098=EDGE_CURVE('',#901,#901,#813,.T.);
#1099=EDGE_CURVE('',#902,#902,#814,.T.);
#1100=EDGE_CURVE('',#902,#903,#401,.T.);
#1101=EDGE_CURVE('',#903,#903,#815,.T.);
#1102=EDGE_CURVE('',#904,#904,#816,.T.);
#1103=EDGE_CURVE('',#904,#905,#402,.T.);
#1104=EDGE_CURVE('',#905,#905,#817,.T.);
#1105=EDGE_CURVE('',#906,#906,#818,.T.);
#1106=EDGE_CURVE('',#906,#907,#403,.T.);
#1107=EDGE_CURVE('',#907,#907,#819,.T.);
#1108=EDGE_CURVE('',#908,#909,#820,.T.);
#1109=EDGE_CURVE('',#909,#910,#404,.T.);
#1110=EDGE_CURVE('',#910,#911,#821,.T.);
#1111=EDGE_CURVE('',#911,#908,#405,.T.);
#1112=EDGE_CURVE('',#908,#912,#406,.T.);
#1113=EDGE_CURVE('',#913,#912,#822,.T.);
#1114=EDGE_CURVE('',#913,#914,#407,.T.);
#1115=EDGE_CURVE('',#915,#914,#823,.T.);
#1116=EDGE_CURVE('',#915,#916,#408,.T.);
#1117=EDGE_CURVE('',#917,#916,#824,.T.);
#1118=EDGE_CURVE('',#917,#909,#409,.T.);
#1119=EDGE_CURVE('',#918,#919,#410,.T.);
#1120=EDGE_CURVE('',#919,#920,#411,.T.);
#1121=EDGE_CURVE('',#920,#921,#412,.T.);
#1122=EDGE_CURVE('',#921,#918,#413,.T.);
#1123=EDGE_CURVE('',#911,#922,#414,.T.);
#1124=EDGE_CURVE('',#912,#922,#415,.T.);
#1125=EDGE_CURVE('',#923,#924,#416,.T.);
#1126=EDGE_CURVE('',#924,#925,#417,.T.);
#1127=EDGE_CURVE('',#925,#926,#418,.T.);
#1128=EDGE_CURVE('',#926,#923,#419,.T.);
#1129=EDGE_CURVE('',#927,#928,#420,.T.);
#1130=EDGE_CURVE('',#928,#929,#421,.T.);
#1131=EDGE_CURVE('',#929,#930,#422,.T.);
#1132=EDGE_CURVE('',#930,#927,#423,.T.);
#1133=EDGE_CURVE('',#922,#931,#825,.T.);
#1134=EDGE_CURVE('',#931,#913,#424,.T.);
#1135=EDGE_CURVE('',#914,#932,#425,.T.);
#1136=EDGE_CURVE('',#932,#933,#826,.T.);
#1137=EDGE_CURVE('',#933,#915,#426,.T.);
#1138=EDGE_CURVE('',#934,#933,#427,.T.);
#1139=EDGE_CURVE('',#916,#934,#428,.T.);
#1140=EDGE_CURVE('',#935,#936,#429,.T.);
#1141=EDGE_CURVE('',#936,#937,#430,.T.);
#1142=EDGE_CURVE('',#937,#938,#431,.T.);
#1143=EDGE_CURVE('',#938,#935,#432,.T.);
#1144=EDGE_CURVE('',#939,#940,#433,.T.);
#1145=EDGE_CURVE('',#940,#941,#434,.T.);
#1146=EDGE_CURVE('',#941,#942,#435,.T.);
#1147=EDGE_CURVE('',#942,#939,#436,.T.);
#1148=EDGE_CURVE('',#943,#910,#437,.T.);
#1149=EDGE_CURVE('',#934,#943,#827,.T.);
#1150=EDGE_CURVE('',#931,#932,#438,.T.);
#1151=EDGE_CURVE('',#943,#917,#439,.T.);
#1152=EDGE_CURVE('',#944,#945,#440,.T.);
#1153=EDGE_CURVE('',#944,#946,#441,.T.);
#1154=EDGE_CURVE('',#947,#946,#442,.T.);
#1155=EDGE_CURVE('',#945,#947,#443,.T.);
#1156=EDGE_CURVE('',#948,#944,#444,.T.);
#1157=EDGE_CURVE('',#948,#949,#445,.T.);
#1158=EDGE_CURVE('',#946,#949,#446,.T.);
#1159=EDGE_CURVE('',#950,#948,#447,.T.);
#1160=EDGE_CURVE('',#950,#951,#448,.T.);
#1161=EDGE_CURVE('',#949,#951,#449,.T.);
#1162=EDGE_CURVE('',#945,#950,#450,.T.);
#1163=EDGE_CURVE('',#951,#947,#451,.T.);
#1164=EDGE_CURVE('',#923,#952,#452,.T.);
#1165=EDGE_CURVE('',#952,#953,#453,.T.);
#1166=EDGE_CURVE('',#924,#953,#454,.T.);
#1167=EDGE_CURVE('',#926,#954,#455,.T.);
#1168=EDGE_CURVE('',#954,#952,#456,.T.);
#1169=EDGE_CURVE('',#925,#955,#457,.T.);
#1170=EDGE_CURVE('',#955,#954,#458,.T.);
#1171=EDGE_CURVE('',#953,#955,#459,.T.);
#1172=EDGE_CURVE('',#927,#956,#460,.T.);
#1173=EDGE_CURVE('',#956,#957,#461,.T.);
#1174=EDGE_CURVE('',#928,#957,#462,.T.);
#1175=EDGE_CURVE('',#930,#958,#463,.T.);
#1176=EDGE_CURVE('',#958,#956,#464,.T.);
#1177=EDGE_CURVE('',#929,#959,#465,.T.);
#1178=EDGE_CURVE('',#959,#958,#466,.T.);
#1179=EDGE_CURVE('',#957,#959,#467,.T.);
#1180=EDGE_CURVE('',#960,#961,#468,.T.);
#1181=EDGE_CURVE('',#938,#960,#469,.T.);
#1182=EDGE_CURVE('',#937,#961,#470,.T.);
#1183=EDGE_CURVE('',#961,#962,#471,.T.);
#1184=EDGE_CURVE('',#936,#962,#472,.T.);
#1185=EDGE_CURVE('',#962,#963,#473,.T.);
#1186=EDGE_CURVE('',#935,#963,#474,.T.);
#1187=EDGE_CURVE('',#963,#960,#475,.T.);
#1188=EDGE_CURVE('',#964,#965,#476,.T.);
#1189=EDGE_CURVE('',#965,#966,#477,.T.);
#1190=EDGE_CURVE('',#966,#967,#478,.T.);
#1191=EDGE_CURVE('',#967,#964,#479,.T.);
#1192=EDGE_CURVE('',#964,#919,#480,.T.);
#1193=EDGE_CURVE('',#965,#918,#481,.T.);
#1194=EDGE_CURVE('',#968,#969,#482,.T.);
#1195=EDGE_CURVE('',#969,#970,#483,.T.);
#1196=EDGE_CURVE('',#970,#971,#484,.T.);
#1197=EDGE_CURVE('',#971,#968,#485,.T.);
#1198=EDGE_CURVE('',#942,#970,#486,.T.);
#1199=EDGE_CURVE('',#941,#971,#487,.T.);
#1200=EDGE_CURVE('',#940,#968,#488,.T.);
#1201=EDGE_CURVE('',#939,#969,#489,.T.);
#1202=EDGE_CURVE('',#966,#921,#490,.T.);
#1203=EDGE_CURVE('',#967,#920,#491,.T.);
#1204=EDGE_CURVE('',#972,#972,#828,.T.);
#1205=EDGE_CURVE('',#972,#973,#492,.T.);
#1206=EDGE_CURVE('',#973,#973,#829,.T.);
#1207=EDGE_CURVE('',#974,#974,#830,.T.);
#1208=EDGE_CURVE('',#974,#975,#493,.T.);
#1209=EDGE_CURVE('',#975,#975,#831,.T.);
#1210=EDGE_CURVE('',#976,#976,#832,.T.);
#1211=EDGE_CURVE('',#976,#977,#494,.T.);
#1212=EDGE_CURVE('',#977,#977,#833,.T.);
#1213=EDGE_CURVE('',#978,#978,#834,.T.);
#1214=EDGE_CURVE('',#978,#979,#495,.T.);
#1215=EDGE_CURVE('',#979,#979,#835,.T.);
#1216=EDGE_CURVE('',#980,#980,#836,.T.);
#1217=EDGE_CURVE('',#980,#981,#496,.T.);
#1218=EDGE_CURVE('',#981,#981,#837,.T.);
#1219=EDGE_CURVE('',#982,#982,#838,.T.);
#1220=EDGE_CURVE('',#982,#983,#497,.T.);
#1221=EDGE_CURVE('',#983,#983,#839,.T.);
#1222=EDGE_CURVE('',#984,#984,#840,.T.);
#1223=EDGE_CURVE('',#984,#985,#498,.T.);
#1224=EDGE_CURVE('',#985,#985,#841,.T.);
#1225=EDGE_CURVE('',#986,#986,#842,.T.);
#1226=EDGE_CURVE('',#986,#987,#499,.T.);
#1227=EDGE_CURVE('',#987,#987,#843,.T.);
#1228=EDGE_CURVE('',#988,#989,#500,.T.);
#1229=EDGE_CURVE('',#988,#990,#501,.T.);
#1230=EDGE_CURVE('',#991,#990,#502,.T.);
#1231=EDGE_CURVE('',#989,#991,#503,.T.);
#1232=EDGE_CURVE('',#988,#992,#844,.T.);
#1233=EDGE_CURVE('',#992,#993,#504,.T.);
#1234=EDGE_CURVE('',#990,#993,#845,.T.);
#1235=EDGE_CURVE('',#994,#992,#505,.T.);
#1236=EDGE_CURVE('',#994,#995,#506,.T.);
#1237=EDGE_CURVE('',#993,#995,#507,.T.);
#1238=EDGE_CURVE('',#994,#996,#846,.T.);
#1239=EDGE_CURVE('',#996,#997,#508,.T.);
#1240=EDGE_CURVE('',#995,#997,#847,.T.);
#1241=EDGE_CURVE('',#998,#996,#509,.T.);
#1242=EDGE_CURVE('',#998,#999,#510,.T.);
#1243=EDGE_CURVE('',#997,#999,#511,.T.);
#1244=EDGE_CURVE('',#998,#1000,#848,.T.);
#1245=EDGE_CURVE('',#1000,#1001,#512,.T.);
#1246=EDGE_CURVE('',#999,#1001,#849,.T.);
#1247=EDGE_CURVE('',#1002,#1000,#513,.T.);
#1248=EDGE_CURVE('',#1002,#1003,#514,.T.);
#1249=EDGE_CURVE('',#1001,#1003,#515,.T.);
#1250=EDGE_CURVE('',#1002,#1004,#850,.T.);
#1251=EDGE_CURVE('',#1004,#1005,#516,.T.);
#1252=EDGE_CURVE('',#1003,#1005,#851,.T.);
#1253=EDGE_CURVE('',#1006,#1004,#517,.T.);
#1254=EDGE_CURVE('',#1006,#1007,#518,.T.);
#1255=EDGE_CURVE('',#1005,#1007,#519,.T.);
#1256=EDGE_CURVE('',#1006,#1008,#852,.T.);
#1257=EDGE_CURVE('',#1008,#1009,#520,.T.);
#1258=EDGE_CURVE('',#1007,#1009,#853,.T.);
#1259=EDGE_CURVE('',#1010,#1008,#521,.T.);
#1260=EDGE_CURVE('',#1010,#1011,#522,.T.);
#1261=EDGE_CURVE('',#1009,#1011,#523,.T.);
#1262=EDGE_CURVE('',#1010,#1012,#854,.T.);
#1263=EDGE_CURVE('',#1012,#1013,#524,.T.);
#1264=EDGE_CURVE('',#1011,#1013,#855,.T.);
#1265=EDGE_CURVE('',#1014,#989,#856,.T.);
#1266=EDGE_CURVE('',#1015,#991,#857,.T.);
#1267=EDGE_CURVE('',#1014,#1015,#525,.T.);
#1268=EDGE_CURVE('',#1014,#1016,#526,.T.);
#1269=EDGE_CURVE('',#1017,#1015,#527,.T.);
#1270=EDGE_CURVE('',#1016,#1017,#528,.T.);
#1271=EDGE_CURVE('',#1018,#1016,#858,.T.);
#1272=EDGE_CURVE('',#1019,#1017,#859,.T.);
#1273=EDGE_CURVE('',#1018,#1019,#529,.T.);
#1274=EDGE_CURVE('',#1018,#1020,#530,.T.);
#1275=EDGE_CURVE('',#1021,#1019,#531,.T.);
#1276=EDGE_CURVE('',#1020,#1021,#532,.T.);
#1277=EDGE_CURVE('',#1022,#1020,#860,.T.);
#1278=EDGE_CURVE('',#1023,#1021,#861,.T.);
#1279=EDGE_CURVE('',#1022,#1023,#533,.T.);
#1280=EDGE_CURVE('',#1022,#1024,#534,.T.);
#1281=EDGE_CURVE('',#1025,#1023,#535,.T.);
#1282=EDGE_CURVE('',#1024,#1025,#536,.T.);
#1283=EDGE_CURVE('',#1026,#1024,#862,.T.);
#1284=EDGE_CURVE('',#1027,#1025,#863,.T.);
#1285=EDGE_CURVE('',#1026,#1027,#537,.T.);
#1286=EDGE_CURVE('',#1026,#1028,#538,.T.);
#1287=EDGE_CURVE('',#1029,#1027,#539,.T.);
#1288=EDGE_CURVE('',#1028,#1029,#540,.T.);
#1289=EDGE_CURVE('',#1030,#1028,#864,.T.);
#1290=EDGE_CURVE('',#1031,#1029,#865,.T.);
#1291=EDGE_CURVE('',#1030,#1031,#541,.T.);
#1292=EDGE_CURVE('',#1030,#1032,#542,.T.);
#1293=EDGE_CURVE('',#1033,#1031,#543,.T.);
#1294=EDGE_CURVE('',#1032,#1033,#544,.T.);
#1295=EDGE_CURVE('',#1034,#1032,#866,.T.);
#1296=EDGE_CURVE('',#1035,#1033,#867,.T.);
#1297=EDGE_CURVE('',#1034,#1035,#545,.T.);
#1298=EDGE_CURVE('',#1034,#1012,#546,.T.);
#1299=EDGE_CURVE('',#1013,#1035,#547,.T.);
#1300=EDGE_CURVE('',#1036,#1037,#868,.T.);
#1301=EDGE_CURVE('',#1037,#1038,#548,.T.);
#1302=EDGE_CURVE('',#1038,#1039,#869,.F.);
#1303=EDGE_CURVE('',#1039,#1036,#549,.T.);
#1304=EDGE_CURVE('',#1040,#1037,#550,.T.);
#1305=EDGE_CURVE('',#1041,#1040,#551,.T.);
#1306=EDGE_CURVE('',#1041,#1038,#552,.T.);
#1307=EDGE_CURVE('',#1036,#1042,#553,.T.);
#1308=EDGE_CURVE('',#1043,#1042,#870,.T.);
#1309=EDGE_CURVE('',#1043,#1044,#554,.T.);
#1310=EDGE_CURVE('',#1045,#1044,#871,.T.);
#1311=EDGE_CURVE('',#1045,#1046,#555,.T.);
#1312=EDGE_CURVE('',#1040,#1046,#872,.T.);
#1313=EDGE_CURVE('',#1046,#1047,#556,.T.);
#1314=EDGE_CURVE('',#1047,#1041,#873,.F.);
#1315=EDGE_CURVE('',#1048,#1045,#557,.T.);
#1316=EDGE_CURVE('',#1048,#1047,#558,.T.);
#1317=EDGE_CURVE('',#1044,#1049,#559,.T.);
#1318=EDGE_CURVE('',#1049,#1048,#874,.F.);
#1319=EDGE_CURVE('',#1050,#1043,#560,.T.);
#1320=EDGE_CURVE('',#1050,#1049,#561,.T.);
#1321=EDGE_CURVE('',#1051,#1052,#875,.T.);
#1322=EDGE_CURVE('',#1052,#1053,#562,.T.);
#1323=EDGE_CURVE('',#1053,#1054,#876,.F.);
#1324=EDGE_CURVE('',#1054,#1051,#563,.T.);
#1325=EDGE_CURVE('',#1055,#1052,#564,.T.);
#1326=EDGE_CURVE('',#1056,#1055,#565,.T.);
#1327=EDGE_CURVE('',#1056,#1053,#566,.T.);
#1328=EDGE_CURVE('',#1051,#1057,#567,.T.);
#1329=EDGE_CURVE('',#1058,#1057,#877,.T.);
#1330=EDGE_CURVE('',#1058,#1059,#568,.T.);
#1331=EDGE_CURVE('',#1060,#1059,#878,.T.);
#1332=EDGE_CURVE('',#1060,#1061,#569,.T.);
#1333=EDGE_CURVE('',#1055,#1061,#879,.T.);
#1334=EDGE_CURVE('',#1057,#1062,#570,.T.);
#1335=EDGE_CURVE('',#1062,#1063,#880,.F.);
#1336=EDGE_CURVE('',#1063,#1058,#571,.T.);
#1337=EDGE_CURVE('',#1063,#1064,#572,.T.);
#1338=EDGE_CURVE('',#1059,#1064,#573,.T.);
#1339=EDGE_CURVE('',#1064,#1065,#881,.F.);
#1340=EDGE_CURVE('',#1065,#1060,#574,.T.);
#1341=EDGE_CURVE('',#1061,#1066,#575,.T.);
#1342=EDGE_CURVE('',#1066,#1056,#882,.F.);
#1343=EDGE_CURVE('',#1042,#1067,#576,.T.);
#1344=EDGE_CURVE('',#1067,#1050,#883,.F.);
#1345=EDGE_CURVE('',#1068,#1069,#884,.T.);
#1346=EDGE_CURVE('',#1068,#1070,#577,.T.);
#1347=EDGE_CURVE('',#1071,#1070,#885,.T.);
#1348=EDGE_CURVE('',#1071,#1072,#578,.T.);
#1349=EDGE_CURVE('',#1073,#1072,#886,.T.);
#1350=EDGE_CURVE('',#1073,#1074,#579,.T.);
#1351=EDGE_CURVE('',#1075,#1074,#887,.T.);
#1352=EDGE_CURVE('',#1075,#1069,#580,.T.);
#1353=EDGE_CURVE('',#1076,#1077,#581,.T.);
#1354=EDGE_CURVE('',#1078,#1077,#888,.T.);
#1355=EDGE_CURVE('',#1079,#1078,#889,.T.);
#1356=EDGE_CURVE('',#1079,#1080,#582,.T.);
#1357=EDGE_CURVE('',#1081,#1080,#890,.T.);
#1358=EDGE_CURVE('',#1076,#1081,#891,.T.);
#1359=EDGE_CURVE('',#1082,#1083,#892,.T.);
#1360=EDGE_CURVE('',#1082,#1079,#583,.T.);
#1361=EDGE_CURVE('',#1083,#1078,#584,.T.);
#1362=EDGE_CURVE('',#1083,#1084,#893,.T.);
#1363=EDGE_CURVE('',#1085,#1084,#585,.T.);
#1364=EDGE_CURVE('',#1085,#1086,#894,.T.);
#1365=EDGE_CURVE('',#1086,#1087,#895,.T.);
#1366=EDGE_CURVE('',#1082,#1087,#586,.T.);
#1367=EDGE_CURVE('',#1065,#1066,#587,.T.);
#1368=EDGE_CURVE('',#1054,#1062,#588,.T.);
#1369=EDGE_CURVE('',#1039,#1067,#589,.T.);
#1370=EDGE_CURVE('',#1077,#1084,#590,.T.);
#1371=EDGE_CURVE('',#1085,#1076,#591,.T.);
#1372=EDGE_CURVE('',#1086,#1081,#592,.T.);
#1373=EDGE_CURVE('',#1080,#1087,#593,.T.);
#1374=EDGE_CURVE('',#1069,#1088,#594,.T.);
#1375=EDGE_CURVE('',#1088,#1089,#896,.T.);
#1376=EDGE_CURVE('',#1089,#1068,#595,.T.);
#1377=EDGE_CURVE('',#1090,#1089,#596,.T.);
#1378=EDGE_CURVE('',#1070,#1090,#597,.T.);
#1379=EDGE_CURVE('',#1088,#1091,#598,.T.);
#1380=EDGE_CURVE('',#1092,#1091,#897,.T.);
#1381=EDGE_CURVE('',#1092,#1093,#599,.T.);
#1382=EDGE_CURVE('',#1094,#1093,#898,.T.);
#1383=EDGE_CURVE('',#1094,#1095,#600,.T.);
#1384=EDGE_CURVE('',#1090,#1095,#899,.T.);
#1385=EDGE_CURVE('',#1095,#1071,#601,.T.);
#1386=EDGE_CURVE('',#1072,#1094,#602,.T.);
#1387=EDGE_CURVE('',#1093,#1073,#603,.T.);
#1388=EDGE_CURVE('',#1074,#1092,#604,.T.);
#1389=EDGE_CURVE('',#1091,#1075,#605,.T.);
#1390=ORIENTED_EDGE('',*,*,#1096,.F.);
#1391=ORIENTED_EDGE('',*,*,#1097,.T.);
#1392=ORIENTED_EDGE('',*,*,#1098,.F.);
#1393=ORIENTED_EDGE('',*,*,#1097,.F.);
#1394=ORIENTED_EDGE('',*,*,#1099,.F.);
#1395=ORIENTED_EDGE('',*,*,#1100,.T.);
#1396=ORIENTED_EDGE('',*,*,#1101,.F.);
#1397=ORIENTED_EDGE('',*,*,#1100,.F.);
#1398=ORIENTED_EDGE('',*,*,#1102,.F.);
#1399=ORIENTED_EDGE('',*,*,#1103,.T.);
#1400=ORIENTED_EDGE('',*,*,#1104,.F.);
#1401=ORIENTED_EDGE('',*,*,#1103,.F.);
#1402=ORIENTED_EDGE('',*,*,#1105,.F.);
#1403=ORIENTED_EDGE('',*,*,#1106,.T.);
#1404=ORIENTED_EDGE('',*,*,#1107,.F.);
#1405=ORIENTED_EDGE('',*,*,#1106,.F.);
#1406=ORIENTED_EDGE('',*,*,#1108,.T.);
#1407=ORIENTED_EDGE('',*,*,#1109,.T.);
#1408=ORIENTED_EDGE('',*,*,#1110,.T.);
#1409=ORIENTED_EDGE('',*,*,#1111,.T.);
#1410=ORIENTED_EDGE('',*,*,#1108,.F.);
#1411=ORIENTED_EDGE('',*,*,#1112,.T.);
#1412=ORIENTED_EDGE('',*,*,#1113,.F.);
#1413=ORIENTED_EDGE('',*,*,#1114,.T.);
#1414=ORIENTED_EDGE('',*,*,#1115,.F.);
#1415=ORIENTED_EDGE('',*,*,#1116,.T.);
#1416=ORIENTED_EDGE('',*,*,#1117,.F.);
#1417=ORIENTED_EDGE('',*,*,#1118,.T.);
#1418=ORIENTED_EDGE('',*,*,#1119,.T.);
#1419=ORIENTED_EDGE('',*,*,#1120,.T.);
#1420=ORIENTED_EDGE('',*,*,#1121,.T.);
#1421=ORIENTED_EDGE('',*,*,#1122,.T.);
#1422=ORIENTED_EDGE('',*,*,#1111,.F.);
#1423=ORIENTED_EDGE('',*,*,#1123,.T.);
#1424=ORIENTED_EDGE('',*,*,#1124,.F.);
#1425=ORIENTED_EDGE('',*,*,#1112,.F.);
#1426=ORIENTED_EDGE('',*,*,#1125,.T.);
#1427=ORIENTED_EDGE('',*,*,#1126,.T.);
#1428=ORIENTED_EDGE('',*,*,#1127,.T.);
#1429=ORIENTED_EDGE('',*,*,#1128,.T.);
#1430=ORIENTED_EDGE('',*,*,#1129,.T.);
#1431=ORIENTED_EDGE('',*,*,#1130,.T.);
#1432=ORIENTED_EDGE('',*,*,#1131,.T.);
#1433=ORIENTED_EDGE('',*,*,#1132,.T.);
#1434=ORIENTED_EDGE('',*,*,#1113,.T.);
#1435=ORIENTED_EDGE('',*,*,#1124,.T.);
#1436=ORIENTED_EDGE('',*,*,#1133,.T.);
#1437=ORIENTED_EDGE('',*,*,#1134,.T.);
#1438=ORIENTED_EDGE('',*,*,#1115,.T.);
#1439=ORIENTED_EDGE('',*,*,#1135,.T.);
#1440=ORIENTED_EDGE('',*,*,#1136,.T.);
#1441=ORIENTED_EDGE('',*,*,#1137,.T.);
#1442=ORIENTED_EDGE('',*,*,#1137,.F.);
#1443=ORIENTED_EDGE('',*,*,#1138,.F.);
#1444=ORIENTED_EDGE('',*,*,#1139,.F.);
#1445=ORIENTED_EDGE('',*,*,#1116,.F.);
#1446=ORIENTED_EDGE('',*,*,#1140,.T.);
#1447=ORIENTED_EDGE('',*,*,#1141,.T.);
#1448=ORIENTED_EDGE('',*,*,#1142,.T.);
#1449=ORIENTED_EDGE('',*,*,#1143,.T.);
#1450=ORIENTED_EDGE('',*,*,#1144,.T.);
#1451=ORIENTED_EDGE('',*,*,#1145,.T.);
#1452=ORIENTED_EDGE('',*,*,#1146,.T.);
#1453=ORIENTED_EDGE('',*,*,#1147,.T.);
#1454=ORIENTED_EDGE('',*,*,#1110,.F.);
#1455=ORIENTED_EDGE('',*,*,#1148,.F.);
#1456=ORIENTED_EDGE('',*,*,#1149,.F.);
#1457=ORIENTED_EDGE('',*,*,#1138,.T.);
#1458=ORIENTED_EDGE('',*,*,#1136,.F.);
#1459=ORIENTED_EDGE('',*,*,#1150,.F.);
#1460=ORIENTED_EDGE('',*,*,#1133,.F.);
#1461=ORIENTED_EDGE('',*,*,#1123,.F.);
#1462=ORIENTED_EDGE('',*,*,#1096,.T.);
#1463=ORIENTED_EDGE('',*,*,#1099,.T.);
#1464=ORIENTED_EDGE('',*,*,#1102,.T.);
#1465=ORIENTED_EDGE('',*,*,#1105,.T.);
#1466=ORIENTED_EDGE('',*,*,#1117,.T.);
#1467=ORIENTED_EDGE('',*,*,#1139,.T.);
#1468=ORIENTED_EDGE('',*,*,#1149,.T.);
#1469=ORIENTED_EDGE('',*,*,#1151,.T.);
#1470=ORIENTED_EDGE('',*,*,#1152,.F.);
#1471=ORIENTED_EDGE('',*,*,#1153,.T.);
#1472=ORIENTED_EDGE('',*,*,#1154,.F.);
#1473=ORIENTED_EDGE('',*,*,#1155,.F.);
#1474=ORIENTED_EDGE('',*,*,#1156,.F.);
#1475=ORIENTED_EDGE('',*,*,#1157,.T.);
#1476=ORIENTED_EDGE('',*,*,#1158,.F.);
#1477=ORIENTED_EDGE('',*,*,#1153,.F.);
#1478=ORIENTED_EDGE('',*,*,#1159,.F.);
#1479=ORIENTED_EDGE('',*,*,#1160,.T.);
#1480=ORIENTED_EDGE('',*,*,#1161,.F.);
#1481=ORIENTED_EDGE('',*,*,#1157,.F.);
#1482=ORIENTED_EDGE('',*,*,#1162,.F.);
#1483=ORIENTED_EDGE('',*,*,#1155,.T.);
#1484=ORIENTED_EDGE('',*,*,#1163,.F.);
#1485=ORIENTED_EDGE('',*,*,#1160,.F.);
#1486=ORIENTED_EDGE('',*,*,#1125,.F.);
#1487=ORIENTED_EDGE('',*,*,#1164,.T.);
#1488=ORIENTED_EDGE('',*,*,#1165,.T.);
#1489=ORIENTED_EDGE('',*,*,#1166,.F.);
#1490=ORIENTED_EDGE('',*,*,#1128,.F.);
#1491=ORIENTED_EDGE('',*,*,#1167,.T.);
#1492=ORIENTED_EDGE('',*,*,#1168,.T.);
#1493=ORIENTED_EDGE('',*,*,#1164,.F.);
#1494=ORIENTED_EDGE('',*,*,#1127,.F.);
#1495=ORIENTED_EDGE('',*,*,#1169,.T.);
#1496=ORIENTED_EDGE('',*,*,#1170,.T.);
#1497=ORIENTED_EDGE('',*,*,#1167,.F.);
#1498=ORIENTED_EDGE('',*,*,#1126,.F.);
#1499=ORIENTED_EDGE('',*,*,#1166,.T.);
#1500=ORIENTED_EDGE('',*,*,#1171,.T.);
#1501=ORIENTED_EDGE('',*,*,#1169,.F.);
#1502=ORIENTED_EDGE('',*,*,#1171,.F.);
#1503=ORIENTED_EDGE('',*,*,#1165,.F.);
#1504=ORIENTED_EDGE('',*,*,#1168,.F.);
#1505=ORIENTED_EDGE('',*,*,#1170,.F.);
#1506=ORIENTED_EDGE('',*,*,#1129,.F.);
#1507=ORIENTED_EDGE('',*,*,#1172,.T.);
#1508=ORIENTED_EDGE('',*,*,#1173,.T.);
#1509=ORIENTED_EDGE('',*,*,#1174,.F.);
#1510=ORIENTED_EDGE('',*,*,#1132,.F.);
#1511=ORIENTED_EDGE('',*,*,#1175,.T.);
#1512=ORIENTED_EDGE('',*,*,#1176,.T.);
#1513=ORIENTED_EDGE('',*,*,#1172,.F.);
#1514=ORIENTED_EDGE('',*,*,#1131,.F.);
#1515=ORIENTED_EDGE('',*,*,#1177,.T.);
#1516=ORIENTED_EDGE('',*,*,#1178,.T.);
#1517=ORIENTED_EDGE('',*,*,#1175,.F.);
#1518=ORIENTED_EDGE('',*,*,#1130,.F.);
#1519=ORIENTED_EDGE('',*,*,#1174,.T.);
#1520=ORIENTED_EDGE('',*,*,#1179,.T.);
#1521=ORIENTED_EDGE('',*,*,#1177,.F.);
#1522=ORIENTED_EDGE('',*,*,#1179,.F.);
#1523=ORIENTED_EDGE('',*,*,#1173,.F.);
#1524=ORIENTED_EDGE('',*,*,#1176,.F.);
#1525=ORIENTED_EDGE('',*,*,#1178,.F.);
#1526=ORIENTED_EDGE('',*,*,#1180,.F.);
#1527=ORIENTED_EDGE('',*,*,#1181,.F.);
#1528=ORIENTED_EDGE('',*,*,#1142,.F.);
#1529=ORIENTED_EDGE('',*,*,#1182,.T.);
#1530=ORIENTED_EDGE('',*,*,#1183,.F.);
#1531=ORIENTED_EDGE('',*,*,#1182,.F.);
#1532=ORIENTED_EDGE('',*,*,#1141,.F.);
#1533=ORIENTED_EDGE('',*,*,#1184,.T.);
#1534=ORIENTED_EDGE('',*,*,#1185,.F.);
#1535=ORIENTED_EDGE('',*,*,#1184,.F.);
#1536=ORIENTED_EDGE('',*,*,#1140,.F.);
#1537=ORIENTED_EDGE('',*,*,#1186,.T.);
#1538=ORIENTED_EDGE('',*,*,#1187,.F.);
#1539=ORIENTED_EDGE('',*,*,#1186,.F.);
#1540=ORIENTED_EDGE('',*,*,#1143,.F.);
#1541=ORIENTED_EDGE('',*,*,#1181,.T.);
#1542=ORIENTED_EDGE('',*,*,#1188,.T.);
#1543=ORIENTED_EDGE('',*,*,#1189,.T.);
#1544=ORIENTED_EDGE('',*,*,#1190,.T.);
#1545=ORIENTED_EDGE('',*,*,#1191,.T.);
#1546=ORIENTED_EDGE('',*,*,#1098,.T.);
#1547=ORIENTED_EDGE('',*,*,#1101,.T.);
#1548=ORIENTED_EDGE('',*,*,#1104,.T.);
#1549=ORIENTED_EDGE('',*,*,#1107,.T.);
#1550=ORIENTED_EDGE('',*,*,#1188,.F.);
#1551=ORIENTED_EDGE('',*,*,#1192,.T.);
#1552=ORIENTED_EDGE('',*,*,#1119,.F.);
#1553=ORIENTED_EDGE('',*,*,#1193,.F.);
#1554=ORIENTED_EDGE('',*,*,#1185,.T.);
#1555=ORIENTED_EDGE('',*,*,#1187,.T.);
#1556=ORIENTED_EDGE('',*,*,#1180,.T.);
#1557=ORIENTED_EDGE('',*,*,#1183,.T.);
#1558=ORIENTED_EDGE('',*,*,#1194,.T.);
#1559=ORIENTED_EDGE('',*,*,#1195,.T.);
#1560=ORIENTED_EDGE('',*,*,#1196,.T.);
#1561=ORIENTED_EDGE('',*,*,#1197,.T.);
#1562=ORIENTED_EDGE('',*,*,#1196,.F.);
#1563=ORIENTED_EDGE('',*,*,#1198,.F.);
#1564=ORIENTED_EDGE('',*,*,#1146,.F.);
#1565=ORIENTED_EDGE('',*,*,#1199,.T.);
#1566=ORIENTED_EDGE('',*,*,#1197,.F.);
#1567=ORIENTED_EDGE('',*,*,#1199,.F.);
#1568=ORIENTED_EDGE('',*,*,#1145,.F.);
#1569=ORIENTED_EDGE('',*,*,#1200,.T.);
#1570=ORIENTED_EDGE('',*,*,#1194,.F.);
#1571=ORIENTED_EDGE('',*,*,#1200,.F.);
#1572=ORIENTED_EDGE('',*,*,#1144,.F.);
#1573=ORIENTED_EDGE('',*,*,#1201,.T.);
#1574=ORIENTED_EDGE('',*,*,#1195,.F.);
#1575=ORIENTED_EDGE('',*,*,#1201,.F.);
#1576=ORIENTED_EDGE('',*,*,#1147,.F.);
#1577=ORIENTED_EDGE('',*,*,#1198,.T.);
#1578=ORIENTED_EDGE('',*,*,#1189,.F.);
#1579=ORIENTED_EDGE('',*,*,#1193,.T.);
#1580=ORIENTED_EDGE('',*,*,#1122,.F.);
#1581=ORIENTED_EDGE('',*,*,#1202,.F.);
#1582=ORIENTED_EDGE('',*,*,#1190,.F.);
#1583=ORIENTED_EDGE('',*,*,#1202,.T.);
#1584=ORIENTED_EDGE('',*,*,#1121,.F.);
#1585=ORIENTED_EDGE('',*,*,#1203,.F.);
#1586=ORIENTED_EDGE('',*,*,#1191,.F.);
#1587=ORIENTED_EDGE('',*,*,#1203,.T.);
#1588=ORIENTED_EDGE('',*,*,#1120,.F.);
#1589=ORIENTED_EDGE('',*,*,#1192,.F.);
#1590=ORIENTED_EDGE('',*,*,#1154,.T.);
#1591=ORIENTED_EDGE('',*,*,#1158,.T.);
#1592=ORIENTED_EDGE('',*,*,#1161,.T.);
#1593=ORIENTED_EDGE('',*,*,#1163,.T.);
#1594=ORIENTED_EDGE('',*,*,#1134,.F.);
#1595=ORIENTED_EDGE('',*,*,#1150,.T.);
#1596=ORIENTED_EDGE('',*,*,#1135,.F.);
#1597=ORIENTED_EDGE('',*,*,#1114,.F.);
#1598=ORIENTED_EDGE('',*,*,#1152,.T.);
#1599=ORIENTED_EDGE('',*,*,#1162,.T.);
#1600=ORIENTED_EDGE('',*,*,#1159,.T.);
#1601=ORIENTED_EDGE('',*,*,#1156,.T.);
#1602=ORIENTED_EDGE('',*,*,#1109,.F.);
#1603=ORIENTED_EDGE('',*,*,#1118,.F.);
#1604=ORIENTED_EDGE('',*,*,#1151,.F.);
#1605=ORIENTED_EDGE('',*,*,#1148,.T.);
#1606=ORIENTED_EDGE('',*,*,#1204,.F.);
#1607=ORIENTED_EDGE('',*,*,#1205,.T.);
#1608=ORIENTED_EDGE('',*,*,#1206,.F.);
#1609=ORIENTED_EDGE('',*,*,#1205,.F.);
#1610=ORIENTED_EDGE('',*,*,#1207,.F.);
#1611=ORIENTED_EDGE('',*,*,#1208,.T.);
#1612=ORIENTED_EDGE('',*,*,#1209,.F.);
#1613=ORIENTED_EDGE('',*,*,#1208,.F.);
#1614=ORIENTED_EDGE('',*,*,#1210,.F.);
#1615=ORIENTED_EDGE('',*,*,#1211,.T.);
#1616=ORIENTED_EDGE('',*,*,#1212,.F.);
#1617=ORIENTED_EDGE('',*,*,#1211,.F.);
#1618=ORIENTED_EDGE('',*,*,#1213,.F.);
#1619=ORIENTED_EDGE('',*,*,#1214,.T.);
#1620=ORIENTED_EDGE('',*,*,#1215,.F.);
#1621=ORIENTED_EDGE('',*,*,#1214,.F.);
#1622=ORIENTED_EDGE('',*,*,#1216,.F.);
#1623=ORIENTED_EDGE('',*,*,#1217,.T.);
#1624=ORIENTED_EDGE('',*,*,#1218,.F.);
#1625=ORIENTED_EDGE('',*,*,#1217,.F.);
#1626=ORIENTED_EDGE('',*,*,#1216,.T.);
#1627=ORIENTED_EDGE('',*,*,#1219,.F.);
#1628=ORIENTED_EDGE('',*,*,#1220,.T.);
#1629=ORIENTED_EDGE('',*,*,#1221,.F.);
#1630=ORIENTED_EDGE('',*,*,#1220,.F.);
#1631=ORIENTED_EDGE('',*,*,#1219,.T.);
#1632=ORIENTED_EDGE('',*,*,#1222,.F.);
#1633=ORIENTED_EDGE('',*,*,#1223,.T.);
#1634=ORIENTED_EDGE('',*,*,#1224,.F.);
#1635=ORIENTED_EDGE('',*,*,#1223,.F.);
#1636=ORIENTED_EDGE('',*,*,#1222,.T.);
#1637=ORIENTED_EDGE('',*,*,#1225,.F.);
#1638=ORIENTED_EDGE('',*,*,#1226,.T.);
#1639=ORIENTED_EDGE('',*,*,#1227,.F.);
#1640=ORIENTED_EDGE('',*,*,#1226,.F.);
#1641=ORIENTED_EDGE('',*,*,#1225,.T.);
#1642=ORIENTED_EDGE('',*,*,#1228,.F.);
#1643=ORIENTED_EDGE('',*,*,#1229,.T.);
#1644=ORIENTED_EDGE('',*,*,#1230,.F.);
#1645=ORIENTED_EDGE('',*,*,#1231,.F.);
#1646=ORIENTED_EDGE('',*,*,#1232,.T.);
#1647=ORIENTED_EDGE('',*,*,#1233,.T.);
#1648=ORIENTED_EDGE('',*,*,#1234,.F.);
#1649=ORIENTED_EDGE('',*,*,#1229,.F.);
#1650=ORIENTED_EDGE('',*,*,#1235,.F.);
#1651=ORIENTED_EDGE('',*,*,#1236,.T.);
#1652=ORIENTED_EDGE('',*,*,#1237,.F.);
#1653=ORIENTED_EDGE('',*,*,#1233,.F.);
#1654=ORIENTED_EDGE('',*,*,#1238,.T.);
#1655=ORIENTED_EDGE('',*,*,#1239,.T.);
#1656=ORIENTED_EDGE('',*,*,#1240,.F.);
#1657=ORIENTED_EDGE('',*,*,#1236,.F.);
#1658=ORIENTED_EDGE('',*,*,#1241,.F.);
#1659=ORIENTED_EDGE('',*,*,#1242,.T.);
#1660=ORIENTED_EDGE('',*,*,#1243,.F.);
#1661=ORIENTED_EDGE('',*,*,#1239,.F.);
#1662=ORIENTED_EDGE('',*,*,#1244,.T.);
#1663=ORIENTED_EDGE('',*,*,#1245,.T.);
#1664=ORIENTED_EDGE('',*,*,#1246,.F.);
#1665=ORIENTED_EDGE('',*,*,#1242,.F.);
#1666=ORIENTED_EDGE('',*,*,#1247,.F.);
#1667=ORIENTED_EDGE('',*,*,#1248,.T.);
#1668=ORIENTED_EDGE('',*,*,#1249,.F.);
#1669=ORIENTED_EDGE('',*,*,#1245,.F.);
#1670=ORIENTED_EDGE('',*,*,#1250,.T.);
#1671=ORIENTED_EDGE('',*,*,#1251,.T.);
#1672=ORIENTED_EDGE('',*,*,#1252,.F.);
#1673=ORIENTED_EDGE('',*,*,#1248,.F.);
#1674=ORIENTED_EDGE('',*,*,#1253,.F.);
#1675=ORIENTED_EDGE('',*,*,#1254,.T.);
#1676=ORIENTED_EDGE('',*,*,#1255,.F.);
#1677=ORIENTED_EDGE('',*,*,#1251,.F.);
#1678=ORIENTED_EDGE('',*,*,#1256,.T.);
#1679=ORIENTED_EDGE('',*,*,#1257,.T.);
#1680=ORIENTED_EDGE('',*,*,#1258,.F.);
#1681=ORIENTED_EDGE('',*,*,#1254,.F.);
#1682=ORIENTED_EDGE('',*,*,#1259,.F.);
#1683=ORIENTED_EDGE('',*,*,#1260,.T.);
#1684=ORIENTED_EDGE('',*,*,#1261,.F.);
#1685=ORIENTED_EDGE('',*,*,#1257,.F.);
#1686=ORIENTED_EDGE('',*,*,#1262,.T.);
#1687=ORIENTED_EDGE('',*,*,#1263,.T.);
#1688=ORIENTED_EDGE('',*,*,#1264,.F.);
#1689=ORIENTED_EDGE('',*,*,#1260,.F.);
#1690=ORIENTED_EDGE('',*,*,#1265,.T.);
#1691=ORIENTED_EDGE('',*,*,#1231,.T.);
#1692=ORIENTED_EDGE('',*,*,#1266,.F.);
#1693=ORIENTED_EDGE('',*,*,#1267,.F.);
#1694=ORIENTED_EDGE('',*,*,#1268,.F.);
#1695=ORIENTED_EDGE('',*,*,#1267,.T.);
#1696=ORIENTED_EDGE('',*,*,#1269,.F.);
#1697=ORIENTED_EDGE('',*,*,#1270,.F.);
#1698=ORIENTED_EDGE('',*,*,#1271,.T.);
#1699=ORIENTED_EDGE('',*,*,#1270,.T.);
#1700=ORIENTED_EDGE('',*,*,#1272,.F.);
#1701=ORIENTED_EDGE('',*,*,#1273,.F.);
#1702=ORIENTED_EDGE('',*,*,#1274,.F.);
#1703=ORIENTED_EDGE('',*,*,#1273,.T.);
#1704=ORIENTED_EDGE('',*,*,#1275,.F.);
#1705=ORIENTED_EDGE('',*,*,#1276,.F.);
#1706=ORIENTED_EDGE('',*,*,#1277,.T.);
#1707=ORIENTED_EDGE('',*,*,#1276,.T.);
#1708=ORIENTED_EDGE('',*,*,#1278,.F.);
#1709=ORIENTED_EDGE('',*,*,#1279,.F.);
#1710=ORIENTED_EDGE('',*,*,#1280,.F.);
#1711=ORIENTED_EDGE('',*,*,#1279,.T.);
#1712=ORIENTED_EDGE('',*,*,#1281,.F.);
#1713=ORIENTED_EDGE('',*,*,#1282,.F.);
#1714=ORIENTED_EDGE('',*,*,#1283,.T.);
#1715=ORIENTED_EDGE('',*,*,#1282,.T.);
#1716=ORIENTED_EDGE('',*,*,#1284,.F.);
#1717=ORIENTED_EDGE('',*,*,#1285,.F.);
#1718=ORIENTED_EDGE('',*,*,#1286,.F.);
#1719=ORIENTED_EDGE('',*,*,#1285,.T.);
#1720=ORIENTED_EDGE('',*,*,#1287,.F.);
#1721=ORIENTED_EDGE('',*,*,#1288,.F.);
#1722=ORIENTED_EDGE('',*,*,#1289,.T.);
#1723=ORIENTED_EDGE('',*,*,#1288,.T.);
#1724=ORIENTED_EDGE('',*,*,#1290,.F.);
#1725=ORIENTED_EDGE('',*,*,#1291,.F.);
#1726=ORIENTED_EDGE('',*,*,#1292,.F.);
#1727=ORIENTED_EDGE('',*,*,#1291,.T.);
#1728=ORIENTED_EDGE('',*,*,#1293,.F.);
#1729=ORIENTED_EDGE('',*,*,#1294,.F.);
#1730=ORIENTED_EDGE('',*,*,#1295,.T.);
#1731=ORIENTED_EDGE('',*,*,#1294,.T.);
#1732=ORIENTED_EDGE('',*,*,#1296,.F.);
#1733=ORIENTED_EDGE('',*,*,#1297,.F.);
#1734=ORIENTED_EDGE('',*,*,#1298,.F.);
#1735=ORIENTED_EDGE('',*,*,#1297,.T.);
#1736=ORIENTED_EDGE('',*,*,#1299,.F.);
#1737=ORIENTED_EDGE('',*,*,#1263,.F.);
#1738=ORIENTED_EDGE('',*,*,#1264,.T.);
#1739=ORIENTED_EDGE('',*,*,#1299,.T.);
#1740=ORIENTED_EDGE('',*,*,#1296,.T.);
#1741=ORIENTED_EDGE('',*,*,#1293,.T.);
#1742=ORIENTED_EDGE('',*,*,#1290,.T.);
#1743=ORIENTED_EDGE('',*,*,#1287,.T.);
#1744=ORIENTED_EDGE('',*,*,#1284,.T.);
#1745=ORIENTED_EDGE('',*,*,#1281,.T.);
#1746=ORIENTED_EDGE('',*,*,#1278,.T.);
#1747=ORIENTED_EDGE('',*,*,#1275,.T.);
#1748=ORIENTED_EDGE('',*,*,#1272,.T.);
#1749=ORIENTED_EDGE('',*,*,#1269,.T.);
#1750=ORIENTED_EDGE('',*,*,#1266,.T.);
#1751=ORIENTED_EDGE('',*,*,#1230,.T.);
#1752=ORIENTED_EDGE('',*,*,#1234,.T.);
#1753=ORIENTED_EDGE('',*,*,#1237,.T.);
#1754=ORIENTED_EDGE('',*,*,#1240,.T.);
#1755=ORIENTED_EDGE('',*,*,#1243,.T.);
#1756=ORIENTED_EDGE('',*,*,#1246,.T.);
#1757=ORIENTED_EDGE('',*,*,#1249,.T.);
#1758=ORIENTED_EDGE('',*,*,#1252,.T.);
#1759=ORIENTED_EDGE('',*,*,#1255,.T.);
#1760=ORIENTED_EDGE('',*,*,#1258,.T.);
#1761=ORIENTED_EDGE('',*,*,#1261,.T.);
#1762=ORIENTED_EDGE('',*,*,#1300,.T.);
#1763=ORIENTED_EDGE('',*,*,#1301,.T.);
#1764=ORIENTED_EDGE('',*,*,#1302,.T.);
#1765=ORIENTED_EDGE('',*,*,#1303,.T.);
#1766=ORIENTED_EDGE('',*,*,#1301,.F.);
#1767=ORIENTED_EDGE('',*,*,#1304,.F.);
#1768=ORIENTED_EDGE('',*,*,#1305,.F.);
#1769=ORIENTED_EDGE('',*,*,#1306,.T.);
#1770=ORIENTED_EDGE('',*,*,#1300,.F.);
#1771=ORIENTED_EDGE('',*,*,#1307,.T.);
#1772=ORIENTED_EDGE('',*,*,#1308,.F.);
#1773=ORIENTED_EDGE('',*,*,#1309,.T.);
#1774=ORIENTED_EDGE('',*,*,#1310,.F.);
#1775=ORIENTED_EDGE('',*,*,#1311,.T.);
#1776=ORIENTED_EDGE('',*,*,#1312,.F.);
#1777=ORIENTED_EDGE('',*,*,#1304,.T.);
#1778=ORIENTED_EDGE('',*,*,#1312,.T.);
#1779=ORIENTED_EDGE('',*,*,#1313,.T.);
#1780=ORIENTED_EDGE('',*,*,#1314,.T.);
#1781=ORIENTED_EDGE('',*,*,#1305,.T.);
#1782=ORIENTED_EDGE('',*,*,#1313,.F.);
#1783=ORIENTED_EDGE('',*,*,#1311,.F.);
#1784=ORIENTED_EDGE('',*,*,#1315,.F.);
#1785=ORIENTED_EDGE('',*,*,#1316,.T.);
#1786=ORIENTED_EDGE('',*,*,#1310,.T.);
#1787=ORIENTED_EDGE('',*,*,#1317,.T.);
#1788=ORIENTED_EDGE('',*,*,#1318,.T.);
#1789=ORIENTED_EDGE('',*,*,#1315,.T.);
#1790=ORIENTED_EDGE('',*,*,#1317,.F.);
#1791=ORIENTED_EDGE('',*,*,#1309,.F.);
#1792=ORIENTED_EDGE('',*,*,#1319,.F.);
#1793=ORIENTED_EDGE('',*,*,#1320,.T.);
#1794=ORIENTED_EDGE('',*,*,#1321,.T.);
#1795=ORIENTED_EDGE('',*,*,#1322,.T.);
#1796=ORIENTED_EDGE('',*,*,#1323,.T.);
#1797=ORIENTED_EDGE('',*,*,#1324,.T.);
#1798=ORIENTED_EDGE('',*,*,#1322,.F.);
#1799=ORIENTED_EDGE('',*,*,#1325,.F.);
#1800=ORIENTED_EDGE('',*,*,#1326,.F.);
#1801=ORIENTED_EDGE('',*,*,#1327,.T.);
#1802=ORIENTED_EDGE('',*,*,#1321,.F.);
#1803=ORIENTED_EDGE('',*,*,#1328,.T.);
#1804=ORIENTED_EDGE('',*,*,#1329,.F.);
#1805=ORIENTED_EDGE('',*,*,#1330,.T.);
#1806=ORIENTED_EDGE('',*,*,#1331,.F.);
#1807=ORIENTED_EDGE('',*,*,#1332,.T.);
#1808=ORIENTED_EDGE('',*,*,#1333,.F.);
#1809=ORIENTED_EDGE('',*,*,#1325,.T.);
#1810=ORIENTED_EDGE('',*,*,#1329,.T.);
#1811=ORIENTED_EDGE('',*,*,#1334,.T.);
#1812=ORIENTED_EDGE('',*,*,#1335,.T.);
#1813=ORIENTED_EDGE('',*,*,#1336,.T.);
#1814=ORIENTED_EDGE('',*,*,#1336,.F.);
#1815=ORIENTED_EDGE('',*,*,#1337,.T.);
#1816=ORIENTED_EDGE('',*,*,#1338,.F.);
#1817=ORIENTED_EDGE('',*,*,#1330,.F.);
#1818=ORIENTED_EDGE('',*,*,#1331,.T.);
#1819=ORIENTED_EDGE('',*,*,#1338,.T.);
#1820=ORIENTED_EDGE('',*,*,#1339,.T.);
#1821=ORIENTED_EDGE('',*,*,#1340,.T.);
#1822=ORIENTED_EDGE('',*,*,#1333,.T.);
#1823=ORIENTED_EDGE('',*,*,#1341,.T.);
#1824=ORIENTED_EDGE('',*,*,#1342,.T.);
#1825=ORIENTED_EDGE('',*,*,#1326,.T.);
#1826=ORIENTED_EDGE('',*,*,#1308,.T.);
#1827=ORIENTED_EDGE('',*,*,#1343,.T.);
#1828=ORIENTED_EDGE('',*,*,#1344,.T.);
#1829=ORIENTED_EDGE('',*,*,#1319,.T.);
#1830=ORIENTED_EDGE('',*,*,#1345,.F.);
#1831=ORIENTED_EDGE('',*,*,#1346,.T.);
#1832=ORIENTED_EDGE('',*,*,#1347,.F.);
#1833=ORIENTED_EDGE('',*,*,#1348,.T.);
#1834=ORIENTED_EDGE('',*,*,#1349,.F.);
#1835=ORIENTED_EDGE('',*,*,#1350,.T.);
#1836=ORIENTED_EDGE('',*,*,#1351,.F.);
#1837=ORIENTED_EDGE('',*,*,#1352,.T.);
#1838=ORIENTED_EDGE('',*,*,#1227,.T.);
#1839=ORIENTED_EDGE('',*,*,#1221,.T.);
#1840=ORIENTED_EDGE('',*,*,#1277,.F.);
#1841=ORIENTED_EDGE('',*,*,#1280,.T.);
#1842=ORIENTED_EDGE('',*,*,#1283,.F.);
#1843=ORIENTED_EDGE('',*,*,#1286,.T.);
#1844=ORIENTED_EDGE('',*,*,#1289,.F.);
#1845=ORIENTED_EDGE('',*,*,#1292,.T.);
#1846=ORIENTED_EDGE('',*,*,#1295,.F.);
#1847=ORIENTED_EDGE('',*,*,#1298,.T.);
#1848=ORIENTED_EDGE('',*,*,#1262,.F.);
#1849=ORIENTED_EDGE('',*,*,#1259,.T.);
#1850=ORIENTED_EDGE('',*,*,#1256,.F.);
#1851=ORIENTED_EDGE('',*,*,#1253,.T.);
#1852=ORIENTED_EDGE('',*,*,#1250,.F.);
#1853=ORIENTED_EDGE('',*,*,#1247,.T.);
#1854=ORIENTED_EDGE('',*,*,#1244,.F.);
#1855=ORIENTED_EDGE('',*,*,#1241,.T.);
#1856=ORIENTED_EDGE('',*,*,#1238,.F.);
#1857=ORIENTED_EDGE('',*,*,#1235,.T.);
#1858=ORIENTED_EDGE('',*,*,#1232,.F.);
#1859=ORIENTED_EDGE('',*,*,#1228,.T.);
#1860=ORIENTED_EDGE('',*,*,#1265,.F.);
#1861=ORIENTED_EDGE('',*,*,#1268,.T.);
#1862=ORIENTED_EDGE('',*,*,#1271,.F.);
#1863=ORIENTED_EDGE('',*,*,#1274,.T.);
#1864=ORIENTED_EDGE('',*,*,#1218,.T.);
#1865=ORIENTED_EDGE('',*,*,#1224,.T.);
#1866=ORIENTED_EDGE('',*,*,#1353,.T.);
#1867=ORIENTED_EDGE('',*,*,#1354,.F.);
#1868=ORIENTED_EDGE('',*,*,#1355,.F.);
#1869=ORIENTED_EDGE('',*,*,#1356,.T.);
#1870=ORIENTED_EDGE('',*,*,#1357,.F.);
#1871=ORIENTED_EDGE('',*,*,#1358,.F.);
#1872=ORIENTED_EDGE('',*,*,#1215,.T.);
#1873=ORIENTED_EDGE('',*,*,#1212,.T.);
#1874=ORIENTED_EDGE('',*,*,#1209,.T.);
#1875=ORIENTED_EDGE('',*,*,#1206,.T.);
#1876=ORIENTED_EDGE('',*,*,#1359,.F.);
#1877=ORIENTED_EDGE('',*,*,#1360,.T.);
#1878=ORIENTED_EDGE('',*,*,#1355,.T.);
#1879=ORIENTED_EDGE('',*,*,#1361,.F.);
#1880=ORIENTED_EDGE('',*,*,#1359,.T.);
#1881=ORIENTED_EDGE('',*,*,#1362,.T.);
#1882=ORIENTED_EDGE('',*,*,#1363,.F.);
#1883=ORIENTED_EDGE('',*,*,#1364,.T.);
#1884=ORIENTED_EDGE('',*,*,#1365,.T.);
#1885=ORIENTED_EDGE('',*,*,#1366,.F.);
#1886=ORIENTED_EDGE('',*,*,#1327,.F.);
#1887=ORIENTED_EDGE('',*,*,#1342,.F.);
#1888=ORIENTED_EDGE('',*,*,#1367,.F.);
#1889=ORIENTED_EDGE('',*,*,#1339,.F.);
#1890=ORIENTED_EDGE('',*,*,#1337,.F.);
#1891=ORIENTED_EDGE('',*,*,#1335,.F.);
#1892=ORIENTED_EDGE('',*,*,#1368,.F.);
#1893=ORIENTED_EDGE('',*,*,#1323,.F.);
#1894=ORIENTED_EDGE('',*,*,#1306,.F.);
#1895=ORIENTED_EDGE('',*,*,#1314,.F.);
#1896=ORIENTED_EDGE('',*,*,#1316,.F.);
#1897=ORIENTED_EDGE('',*,*,#1318,.F.);
#1898=ORIENTED_EDGE('',*,*,#1320,.F.);
#1899=ORIENTED_EDGE('',*,*,#1344,.F.);
#1900=ORIENTED_EDGE('',*,*,#1369,.F.);
#1901=ORIENTED_EDGE('',*,*,#1302,.F.);
#1902=ORIENTED_EDGE('',*,*,#1362,.F.);
#1903=ORIENTED_EDGE('',*,*,#1361,.T.);
#1904=ORIENTED_EDGE('',*,*,#1354,.T.);
#1905=ORIENTED_EDGE('',*,*,#1370,.T.);
#1906=ORIENTED_EDGE('',*,*,#1364,.F.);
#1907=ORIENTED_EDGE('',*,*,#1371,.T.);
#1908=ORIENTED_EDGE('',*,*,#1358,.T.);
#1909=ORIENTED_EDGE('',*,*,#1372,.F.);
#1910=ORIENTED_EDGE('',*,*,#1365,.F.);
#1911=ORIENTED_EDGE('',*,*,#1372,.T.);
#1912=ORIENTED_EDGE('',*,*,#1357,.T.);
#1913=ORIENTED_EDGE('',*,*,#1373,.T.);
#1914=ORIENTED_EDGE('',*,*,#1360,.F.);
#1915=ORIENTED_EDGE('',*,*,#1366,.T.);
#1916=ORIENTED_EDGE('',*,*,#1373,.F.);
#1917=ORIENTED_EDGE('',*,*,#1356,.F.);
#1918=ORIENTED_EDGE('',*,*,#1345,.T.);
#1919=ORIENTED_EDGE('',*,*,#1374,.T.);
#1920=ORIENTED_EDGE('',*,*,#1375,.T.);
#1921=ORIENTED_EDGE('',*,*,#1376,.T.);
#1922=ORIENTED_EDGE('',*,*,#1376,.F.);
#1923=ORIENTED_EDGE('',*,*,#1377,.F.);
#1924=ORIENTED_EDGE('',*,*,#1378,.F.);
#1925=ORIENTED_EDGE('',*,*,#1346,.F.);
#1926=ORIENTED_EDGE('',*,*,#1375,.F.);
#1927=ORIENTED_EDGE('',*,*,#1379,.T.);
#1928=ORIENTED_EDGE('',*,*,#1380,.F.);
#1929=ORIENTED_EDGE('',*,*,#1381,.T.);
#1930=ORIENTED_EDGE('',*,*,#1382,.F.);
#1931=ORIENTED_EDGE('',*,*,#1383,.T.);
#1932=ORIENTED_EDGE('',*,*,#1384,.F.);
#1933=ORIENTED_EDGE('',*,*,#1377,.T.);
#1934=ORIENTED_EDGE('',*,*,#1204,.T.);
#1935=ORIENTED_EDGE('',*,*,#1207,.T.);
#1936=ORIENTED_EDGE('',*,*,#1210,.T.);
#1937=ORIENTED_EDGE('',*,*,#1213,.T.);
#1938=ORIENTED_EDGE('',*,*,#1347,.T.);
#1939=ORIENTED_EDGE('',*,*,#1378,.T.);
#1940=ORIENTED_EDGE('',*,*,#1384,.T.);
#1941=ORIENTED_EDGE('',*,*,#1385,.T.);
#1942=ORIENTED_EDGE('',*,*,#1385,.F.);
#1943=ORIENTED_EDGE('',*,*,#1383,.F.);
#1944=ORIENTED_EDGE('',*,*,#1386,.F.);
#1945=ORIENTED_EDGE('',*,*,#1348,.F.);
#1946=ORIENTED_EDGE('',*,*,#1349,.T.);
#1947=ORIENTED_EDGE('',*,*,#1386,.T.);
#1948=ORIENTED_EDGE('',*,*,#1382,.T.);
#1949=ORIENTED_EDGE('',*,*,#1387,.T.);
#1950=ORIENTED_EDGE('',*,*,#1387,.F.);
#1951=ORIENTED_EDGE('',*,*,#1381,.F.);
#1952=ORIENTED_EDGE('',*,*,#1388,.F.);
#1953=ORIENTED_EDGE('',*,*,#1350,.F.);
#1954=ORIENTED_EDGE('',*,*,#1351,.T.);
#1955=ORIENTED_EDGE('',*,*,#1388,.T.);
#1956=ORIENTED_EDGE('',*,*,#1380,.T.);
#1957=ORIENTED_EDGE('',*,*,#1389,.T.);
#1958=ORIENTED_EDGE('',*,*,#1303,.F.);
#1959=ORIENTED_EDGE('',*,*,#1369,.T.);
#1960=ORIENTED_EDGE('',*,*,#1343,.F.);
#1961=ORIENTED_EDGE('',*,*,#1307,.F.);
#1962=ORIENTED_EDGE('',*,*,#1324,.F.);
#1963=ORIENTED_EDGE('',*,*,#1368,.T.);
#1964=ORIENTED_EDGE('',*,*,#1334,.F.);
#1965=ORIENTED_EDGE('',*,*,#1328,.F.);
#1966=ORIENTED_EDGE('',*,*,#1340,.F.);
#1967=ORIENTED_EDGE('',*,*,#1367,.T.);
#1968=ORIENTED_EDGE('',*,*,#1341,.F.);
#1969=ORIENTED_EDGE('',*,*,#1332,.F.);
#1970=ORIENTED_EDGE('',*,*,#1370,.F.);
#1971=ORIENTED_EDGE('',*,*,#1353,.F.);
#1972=ORIENTED_EDGE('',*,*,#1371,.F.);
#1973=ORIENTED_EDGE('',*,*,#1363,.T.);
#1974=ORIENTED_EDGE('',*,*,#1374,.F.);
#1975=ORIENTED_EDGE('',*,*,#1352,.F.);
#1976=ORIENTED_EDGE('',*,*,#1389,.F.);
#1977=ORIENTED_EDGE('',*,*,#1379,.F.);
#1978=CYLINDRICAL_SURFACE('',#2162,1.);
#1979=CYLINDRICAL_SURFACE('',#2165,1.00000000000001);
#1980=CYLINDRICAL_SURFACE('',#2168,1.00000001490116);
#1981=CYLINDRICAL_SURFACE('',#2171,0.999999999999996);
#1982=CYLINDRICAL_SURFACE('',#2174,2.);
#1983=CYLINDRICAL_SURFACE('',#2182,2.);
#1984=CYLINDRICAL_SURFACE('',#2184,2.);
#1985=CYLINDRICAL_SURFACE('',#2189,2.);
#1986=CYLINDRICAL_SURFACE('',#2220,0.999999999999996);
#1987=CYLINDRICAL_SURFACE('',#2223,1.00000001490116);
#1988=CYLINDRICAL_SURFACE('',#2226,1.00000000000001);
#1989=CYLINDRICAL_SURFACE('',#2229,1.00000000000001);
#1990=CYLINDRICAL_SURFACE('',#2232,2.00000000000001);
#1991=CYLINDRICAL_SURFACE('',#2236,2.00000002980232);
#1992=CYLINDRICAL_SURFACE('',#2240,2.00000002980232);
#1993=CYLINDRICAL_SURFACE('',#2244,2.00000002980232);
#1994=CYLINDRICAL_SURFACE('',#2249,1.);
#1995=CYLINDRICAL_SURFACE('',#2253,1.);
#1996=CYLINDRICAL_SURFACE('',#2257,1.);
#1997=CYLINDRICAL_SURFACE('',#2261,1.);
#1998=CYLINDRICAL_SURFACE('',#2265,1.);
#1999=CYLINDRICAL_SURFACE('',#2269,1.);
#2000=CYLINDRICAL_SURFACE('',#2272,1.);
#2001=CYLINDRICAL_SURFACE('',#2276,1.);
#2002=CYLINDRICAL_SURFACE('',#2280,1.);
#2003=CYLINDRICAL_SURFACE('',#2284,1.);
#2004=CYLINDRICAL_SURFACE('',#2288,1.);
#2005=CYLINDRICAL_SURFACE('',#2292,1.);
#2006=CYLINDRICAL_SURFACE('',#2297,0.5);
#2007=CYLINDRICAL_SURFACE('',#2305,0.5);
#2008=CYLINDRICAL_SURFACE('',#2308,0.5);
#2009=CYLINDRICAL_SURFACE('',#2311,0.5);
#2010=CYLINDRICAL_SURFACE('',#2319,0.5);
#2011=CYLINDRICAL_SURFACE('',#2322,0.5);
#2012=CYLINDRICAL_SURFACE('',#2324,0.5);
#2013=CYLINDRICAL_SURFACE('',#2326,0.5);
#2014=CYLINDRICAL_SURFACE('',#2337,1.25);
#2015=CYLINDRICAL_SURFACE('',#2343,1.25);
#2016=CYLINDRICAL_SURFACE('',#2344,1.25);
#2017=CYLINDRICAL_SURFACE('',#2345,1.25);
#2018=CYLINDRICAL_SURFACE('',#2347,2.);
#2019=CYLINDRICAL_SURFACE('',#2354,2.);
#2020=CYLINDRICAL_SURFACE('',#2356,2.);
#2021=CYLINDRICAL_SURFACE('',#2358,2.);
#2022=ADVANCED_FACE('',(#141),#1978,.F.);
#2023=ADVANCED_FACE('',(#142),#1979,.F.);
#2024=ADVANCED_FACE('',(#143),#1980,.F.);
#2025=ADVANCED_FACE('',(#144),#1981,.F.);
#2026=ADVANCED_FACE('',(#145),#1982,.T.);
#2027=ADVANCED_FACE('',(#146,#39),#72,.T.);
#2028=ADVANCED_FACE('',(#147,#40,#41),#73,.T.);
#2029=ADVANCED_FACE('',(#148),#1983,.T.);
#2030=ADVANCED_FACE('',(#149),#1984,.T.);
#2031=ADVANCED_FACE('',(#150,#42,#43),#74,.T.);
#2032=ADVANCED_FACE('',(#151,#44,#45,#46,#47),#75,.T.);
#2033=ADVANCED_FACE('',(#152),#1985,.T.);
#2034=ADVANCED_FACE('',(#153),#76,.F.);
#2035=ADVANCED_FACE('',(#154),#77,.F.);
#2036=ADVANCED_FACE('',(#155),#78,.F.);
#2037=ADVANCED_FACE('',(#156),#79,.F.);
#2038=ADVANCED_FACE('',(#157),#80,.F.);
#2039=ADVANCED_FACE('',(#158),#81,.F.);
#2040=ADVANCED_FACE('',(#159),#82,.F.);
#2041=ADVANCED_FACE('',(#160),#83,.F.);
#2042=ADVANCED_FACE('',(#161),#84,.F.);
#2043=ADVANCED_FACE('',(#162),#85,.F.);
#2044=ADVANCED_FACE('',(#163),#86,.F.);
#2045=ADVANCED_FACE('',(#164),#87,.F.);
#2046=ADVANCED_FACE('',(#165),#88,.F.);
#2047=ADVANCED_FACE('',(#166),#89,.F.);
#2048=ADVANCED_FACE('',(#167),#90,.F.);
#2049=ADVANCED_FACE('',(#168),#91,.F.);
#2050=ADVANCED_FACE('',(#169),#92,.F.);
#2051=ADVANCED_FACE('',(#170),#93,.F.);
#2052=ADVANCED_FACE('',(#171,#48,#49,#50,#51),#94,.F.);
#2053=ADVANCED_FACE('',(#172,#52,#53),#95,.T.);
#2054=ADVANCED_FACE('',(#173),#96,.F.);
#2055=ADVANCED_FACE('',(#174),#97,.F.);
#2056=ADVANCED_FACE('',(#175),#98,.F.);
#2057=ADVANCED_FACE('',(#176),#99,.F.);
#2058=ADVANCED_FACE('',(#177),#100,.T.);
#2059=ADVANCED_FACE('',(#178),#101,.T.);
#2060=ADVANCED_FACE('',(#179,#54),#102,.T.);
#2061=ADVANCED_FACE('',(#180,#55),#103,.T.);
#2062=ADVANCED_FACE('',(#181),#104,.T.);
#2063=ADVANCED_FACE('',(#182),#1986,.F.);
#2064=ADVANCED_FACE('',(#183),#1987,.F.);
#2065=ADVANCED_FACE('',(#184),#1988,.F.);
#2066=ADVANCED_FACE('',(#185),#1989,.F.);
#2067=ADVANCED_FACE('',(#186),#1990,.T.);
#2068=ADVANCED_FACE('',(#187),#105,.T.);
#2069=ADVANCED_FACE('',(#188),#1991,.T.);
#2070=ADVANCED_FACE('',(#189),#106,.T.);
#2071=ADVANCED_FACE('',(#190),#1992,.T.);
#2072=ADVANCED_FACE('',(#191),#107,.T.);
#2073=ADVANCED_FACE('',(#192),#1993,.T.);
#2074=ADVANCED_FACE('',(#193),#108,.T.);
#2075=ADVANCED_FACE('',(#194),#109,.T.);
#2076=ADVANCED_FACE('',(#195),#1994,.F.);
#2077=ADVANCED_FACE('',(#196),#110,.T.);
#2078=ADVANCED_FACE('',(#197),#1995,.T.);
#2079=ADVANCED_FACE('',(#198),#111,.T.);
#2080=ADVANCED_FACE('',(#199),#1996,.T.);
#2081=ADVANCED_FACE('',(#200),#112,.T.);
#2082=ADVANCED_FACE('',(#201),#1997,.F.);
#2083=ADVANCED_FACE('',(#202),#113,.T.);
#2084=ADVANCED_FACE('',(#203),#1998,.T.);
#2085=ADVANCED_FACE('',(#204),#114,.T.);
#2086=ADVANCED_FACE('',(#205),#1999,.T.);
#2087=ADVANCED_FACE('',(#206),#2000,.T.);
#2088=ADVANCED_FACE('',(#207),#115,.T.);
#2089=ADVANCED_FACE('',(#208),#2001,.T.);
#2090=ADVANCED_FACE('',(#209),#116,.T.);
#2091=ADVANCED_FACE('',(#210),#2002,.F.);
#2092=ADVANCED_FACE('',(#211),#117,.T.);
#2093=ADVANCED_FACE('',(#212),#2003,.T.);
#2094=ADVANCED_FACE('',(#213),#118,.T.);
#2095=ADVANCED_FACE('',(#214),#2004,.T.);
#2096=ADVANCED_FACE('',(#215),#119,.T.);
#2097=ADVANCED_FACE('',(#216),#2005,.F.);
#2098=ADVANCED_FACE('',(#217),#120,.T.);
#2099=ADVANCED_FACE('',(#218),#121,.F.);
#2100=ADVANCED_FACE('',(#219),#2006,.T.);
#2101=ADVANCED_FACE('',(#220),#122,.F.);
#2102=ADVANCED_FACE('',(#221),#123,.T.);
#2103=ADVANCED_FACE('',(#222),#2007,.T.);
#2104=ADVANCED_FACE('',(#223),#124,.F.);
#2105=ADVANCED_FACE('',(#224),#2008,.T.);
#2106=ADVANCED_FACE('',(#225),#125,.F.);
#2107=ADVANCED_FACE('',(#226),#2009,.T.);
#2108=ADVANCED_FACE('',(#227),#126,.F.);
#2109=ADVANCED_FACE('',(#228),#127,.T.);
#2110=ADVANCED_FACE('',(#229),#2010,.T.);
#2111=ADVANCED_FACE('',(#230),#128,.F.);
#2112=ADVANCED_FACE('',(#231),#2011,.T.);
#2113=ADVANCED_FACE('',(#232),#2012,.T.);
#2114=ADVANCED_FACE('',(#233),#2013,.T.);
#2115=ADVANCED_FACE('',(#234,#56,#57,#58,#59,#60,#61,#62,#63,#64,#65),#129,
 .T.);
#2116=ADVANCED_FACE('',(#235),#2014,.F.);
#2117=ADVANCED_FACE('',(#236,#66,#67),#130,.F.);
#2118=ADVANCED_FACE('',(#237),#2015,.F.);
#2119=ADVANCED_FACE('',(#238),#2016,.F.);
#2120=ADVANCED_FACE('',(#239),#2017,.F.);
#2121=ADVANCED_FACE('',(#240),#131,.F.);
#2122=ADVANCED_FACE('',(#241),#2018,.T.);
#2123=ADVANCED_FACE('',(#242),#132,.T.);
#2124=ADVANCED_FACE('',(#243,#68,#69,#70,#71),#133,.F.);
#2125=ADVANCED_FACE('',(#244),#2019,.T.);
#2126=ADVANCED_FACE('',(#245),#134,.T.);
#2127=ADVANCED_FACE('',(#246),#2020,.T.);
#2128=ADVANCED_FACE('',(#247),#135,.T.);
#2129=ADVANCED_FACE('',(#248),#2021,.T.);
#2130=ADVANCED_FACE('',(#249),#136,.F.);
#2131=ADVANCED_FACE('',(#250),#137,.F.);
#2132=ADVANCED_FACE('',(#251),#138,.F.);
#2133=ADVANCED_FACE('',(#252),#139,.F.);
#2134=ADVANCED_FACE('',(#253),#140,.T.);
#2135=CLOSED_SHELL('',(#2022,#2023,#2024,#2025,#2026,#2027,#2028,#2029,
#2030,#2031,#2032,#2033,#2034,#2035,#2036,#2037,#2038,#2039,#2040,#2041,
#2042,#2043,#2044,#2045,#2046,#2047,#2048,#2049,#2050,#2051,#2052,#2053,
#2054,#2055,#2056,#2057,#2058,#2059,#2060,#2061,#2062));
#2136=CLOSED_SHELL('',(#2063,#2064,#2065,#2066,#2067,#2068,#2069,#2070,
#2071,#2072,#2073,#2074,#2075,#2076,#2077,#2078,#2079,#2080,#2081,#2082,
#2083,#2084,#2085,#2086,#2087,#2088,#2089,#2090,#2091,#2092,#2093,#2094,
#2095,#2096,#2097,#2098,#2099,#2100,#2101,#2102,#2103,#2104,#2105,#2106,
#2107,#2108,#2109,#2110,#2111,#2112,#2113,#2114,#2115,#2116,#2117,#2118,
#2119,#2120,#2121,#2122,#2123,#2124,#2125,#2126,#2127,#2128,#2129,#2130,
#2131,#2132,#2133,#2134));
#2137=DERIVED_UNIT_ELEMENT(#2141,1.);
#2138=DERIVED_UNIT_ELEMENT(#3601,-3.);
#2139=DERIVED_UNIT_ELEMENT(#2141,1.);
#2140=DERIVED_UNIT_ELEMENT(#3601,-3.);
#2141=(
MASS_UNIT()
NAMED_UNIT(*)
SI_UNIT(.KILO.,.GRAM.)
);
#2142=DERIVED_UNIT((#2137,#2138));
#2143=DERIVED_UNIT((#2139,#2140));
#2144=MEASURE_REPRESENTATION_ITEM('density measure',
POSITIVE_RATIO_MEASURE(7850.),#2142);
#2145=MEASURE_REPRESENTATION_ITEM('density measure',
POSITIVE_RATIO_MEASURE(7850.),#2143);
#2146=PROPERTY_DEFINITION_REPRESENTATION(#2156,#2150);
#2147=PROPERTY_DEFINITION_REPRESENTATION(#2157,#2151);
#2148=PROPERTY_DEFINITION_REPRESENTATION(#2158,#2152);
#2149=PROPERTY_DEFINITION_REPRESENTATION(#2159,#2153);
#2150=REPRESENTATION('material name',(#2154),#3597);
#2151=REPRESENTATION('density',(#2144),#3597);
#2152=REPRESENTATION('material name',(#2155),#3598);
#2153=REPRESENTATION('density',(#2145),#3598);
#2154=DESCRIPTIVE_REPRESENTATION_ITEM('Steel','Steel');
#2155=DESCRIPTIVE_REPRESENTATION_ITEM('Steel','Steel');
#2156=PROPERTY_DEFINITION('material property','material name',#3617);
#2157=PROPERTY_DEFINITION('material property','density of part',#3617);
#2158=PROPERTY_DEFINITION('material property','material name',#3618);
#2159=PROPERTY_DEFINITION('material property','density of part',#3618);
#2160=AXIS2_PLACEMENT_3D('',#2984,#2366,#2367);
#2161=AXIS2_PLACEMENT_3D('',#2985,#2368,#2369);
#2162=AXIS2_PLACEMENT_3D('',#2986,#2370,#2371);
#2163=AXIS2_PLACEMENT_3D('',#2988,#2372,#2373);
#2164=AXIS2_PLACEMENT_3D('',#2991,#2375,#2376);
#2165=AXIS2_PLACEMENT_3D('',#2992,#2377,#2378);
#2166=AXIS2_PLACEMENT_3D('',#2994,#2379,#2380);
#2167=AXIS2_PLACEMENT_3D('',#2997,#2382,#2383);
#2168=AXIS2_PLACEMENT_3D('',#2998,#2384,#2385);
#2169=AXIS2_PLACEMENT_3D('',#3000,#2386,#2387);
#2170=AXIS2_PLACEMENT_3D('',#3003,#2389,#2390);
#2171=AXIS2_PLACEMENT_3D('',#3004,#2391,#2392);
#2172=AXIS2_PLACEMENT_3D('',#3006,#2393,#2394);
#2173=AXIS2_PLACEMENT_3D('',#3009,#2396,#2397);
#2174=AXIS2_PLACEMENT_3D('',#3010,#2398,#2399);
#2175=AXIS2_PLACEMENT_3D('',#3013,#2400,#2401);
#2176=AXIS2_PLACEMENT_3D('',#3017,#2403,#2404);
#2177=AXIS2_PLACEMENT_3D('',#3019,#2406,#2407);
#2178=AXIS2_PLACEMENT_3D('',#3023,#2409,#2410);
#2179=AXIS2_PLACEMENT_3D('',#3027,#2412,#2413);
#2180=AXIS2_PLACEMENT_3D('',#3031,#2415,#2416);
#2181=AXIS2_PLACEMENT_3D('',#3041,#2422,#2423);
#2182=AXIS2_PLACEMENT_3D('',#3061,#2434,#2435);
#2183=AXIS2_PLACEMENT_3D('',#3063,#2436,#2437);
#2184=AXIS2_PLACEMENT_3D('',#3065,#2439,#2440);
#2185=AXIS2_PLACEMENT_3D('',#3069,#2442,#2443);
#2186=AXIS2_PLACEMENT_3D('',#3071,#2445,#2446);
#2187=AXIS2_PLACEMENT_3D('',#3091,#2457,#2458);
#2188=AXIS2_PLACEMENT_3D('',#3094,#2460,#2461);
#2189=AXIS2_PLACEMENT_3D('',#3096,#2463,#2464);
#2190=AXIS2_PLACEMENT_3D('',#3098,#2466,#2467);
#2191=AXIS2_PLACEMENT_3D('',#3107,#2472,#2473);
#2192=AXIS2_PLACEMENT_3D('',#3113,#2477,#2478);
#2193=AXIS2_PLACEMENT_3D('',#3119,#2482,#2483);
#2194=AXIS2_PLACEMENT_3D('',#3122,#2486,#2487);
#2195=AXIS2_PLACEMENT_3D('',#3128,#2491,#2492);
#2196=AXIS2_PLACEMENT_3D('',#3132,#2495,#2496);
#2197=AXIS2_PLACEMENT_3D('',#3136,#2499,#2500);
#2198=AXIS2_PLACEMENT_3D('',#3138,#2502,#2503);
#2199=AXIS2_PLACEMENT_3D('',#3139,#2504,#2505);
#2200=AXIS2_PLACEMENT_3D('',#3145,#2509,#2510);
#2201=AXIS2_PLACEMENT_3D('',#3149,#2513,#2514);
#2202=AXIS2_PLACEMENT_3D('',#3153,#2517,#2518);
#2203=AXIS2_PLACEMENT_3D('',#3155,#2520,#2521);
#2204=AXIS2_PLACEMENT_3D('',#3156,#2522,#2523);
#2205=AXIS2_PLACEMENT_3D('',#3162,#2527,#2528);
#2206=AXIS2_PLACEMENT_3D('',#3166,#2531,#2532);
#2207=AXIS2_PLACEMENT_3D('',#3170,#2535,#2536);
#2208=AXIS2_PLACEMENT_3D('',#3172,#2538,#2539);
#2209=AXIS2_PLACEMENT_3D('',#3181,#2544,#2545);
#2210=AXIS2_PLACEMENT_3D('',#3192,#2552,#2553);
#2211=AXIS2_PLACEMENT_3D('',#3195,#2556,#2557);
#2212=AXIS2_PLACEMENT_3D('',#3197,#2559,#2560);
#2213=AXIS2_PLACEMENT_3D('',#3199,#2562,#2563);
#2214=AXIS2_PLACEMENT_3D('',#3200,#2564,#2565);
#2215=AXIS2_PLACEMENT_3D('',#3202,#2567,#2568);
#2216=AXIS2_PLACEMENT_3D('',#3204,#2570,#2571);
#2217=AXIS2_PLACEMENT_3D('',#3205,#2572,#2573);
#2218=AXIS2_PLACEMENT_3D('',#3206,#2574,#2575);
#2219=AXIS2_PLACEMENT_3D('',#3207,#2576,#2577);
#2220=AXIS2_PLACEMENT_3D('',#3208,#2578,#2579);
#2221=AXIS2_PLACEMENT_3D('',#3210,#2580,#2581);
#2222=AXIS2_PLACEMENT_3D('',#3213,#2583,#2584);
#2223=AXIS2_PLACEMENT_3D('',#3214,#2585,#2586);
#2224=AXIS2_PLACEMENT_3D('',#3216,#2587,#2588);
#2225=AXIS2_PLACEMENT_3D('',#3219,#2590,#2591);
#2226=AXIS2_PLACEMENT_3D('',#3220,#2592,#2593);
#2227=AXIS2_PLACEMENT_3D('',#3222,#2594,#2595);
#2228=AXIS2_PLACEMENT_3D('',#3225,#2597,#2598);
#2229=AXIS2_PLACEMENT_3D('',#3226,#2599,#2600);
#2230=AXIS2_PLACEMENT_3D('',#3228,#2601,#2602);
#2231=AXIS2_PLACEMENT_3D('',#3231,#2604,#2605);
#2232=AXIS2_PLACEMENT_3D('',#3232,#2606,#2607);
#2233=AXIS2_PLACEMENT_3D('',#3234,#2608,#2609);
#2234=AXIS2_PLACEMENT_3D('',#3237,#2611,#2612);
#2235=AXIS2_PLACEMENT_3D('',#3238,#2613,#2614);
#2236=AXIS2_PLACEMENT_3D('',#3239,#2615,#2616);
#2237=AXIS2_PLACEMENT_3D('',#3241,#2617,#2618);
#2238=AXIS2_PLACEMENT_3D('',#3244,#2620,#2621);
#2239=AXIS2_PLACEMENT_3D('',#3245,#2622,#2623);
#2240=AXIS2_PLACEMENT_3D('',#3246,#2624,#2625);
#2241=AXIS2_PLACEMENT_3D('',#3248,#2626,#2627);
#2242=AXIS2_PLACEMENT_3D('',#3251,#2629,#2630);
#2243=AXIS2_PLACEMENT_3D('',#3252,#2631,#2632);
#2244=AXIS2_PLACEMENT_3D('',#3253,#2633,#2634);
#2245=AXIS2_PLACEMENT_3D('',#3255,#2635,#2636);
#2246=AXIS2_PLACEMENT_3D('',#3258,#2638,#2639);
#2247=AXIS2_PLACEMENT_3D('',#3259,#2640,#2641);
#2248=AXIS2_PLACEMENT_3D('',#3260,#2642,#2643);
#2249=AXIS2_PLACEMENT_3D('',#3269,#2648,#2649);
#2250=AXIS2_PLACEMENT_3D('',#3271,#2650,#2651);
#2251=AXIS2_PLACEMENT_3D('',#3274,#2653,#2654);
#2252=AXIS2_PLACEMENT_3D('',#3275,#2655,#2656);
#2253=AXIS2_PLACEMENT_3D('',#3281,#2660,#2661);
#2254=AXIS2_PLACEMENT_3D('',#3283,#2662,#2663);
#2255=AXIS2_PLACEMENT_3D('',#3286,#2665,#2666);
#2256=AXIS2_PLACEMENT_3D('',#3287,#2667,#2668);
#2257=AXIS2_PLACEMENT_3D('',#3293,#2672,#2673);
#2258=AXIS2_PLACEMENT_3D('',#3295,#2674,#2675);
#2259=AXIS2_PLACEMENT_3D('',#3298,#2677,#2678);
#2260=AXIS2_PLACEMENT_3D('',#3299,#2679,#2680);
#2261=AXIS2_PLACEMENT_3D('',#3305,#2684,#2685);
#2262=AXIS2_PLACEMENT_3D('',#3307,#2686,#2687);
#2263=AXIS2_PLACEMENT_3D('',#3310,#2689,#2690);
#2264=AXIS2_PLACEMENT_3D('',#3311,#2691,#2692);
#2265=AXIS2_PLACEMENT_3D('',#3317,#2696,#2697);
#2266=AXIS2_PLACEMENT_3D('',#3319,#2698,#2699);
#2267=AXIS2_PLACEMENT_3D('',#3322,#2701,#2702);
#2268=AXIS2_PLACEMENT_3D('',#3323,#2703,#2704);
#2269=AXIS2_PLACEMENT_3D('',#3329,#2708,#2709);
#2270=AXIS2_PLACEMENT_3D('',#3331,#2710,#2711);
#2271=AXIS2_PLACEMENT_3D('',#3334,#2713,#2714);
#2272=AXIS2_PLACEMENT_3D('',#3335,#2715,#2716);
#2273=AXIS2_PLACEMENT_3D('',#3337,#2717,#2718);
#2274=AXIS2_PLACEMENT_3D('',#3339,#2719,#2720);
#2275=AXIS2_PLACEMENT_3D('',#3341,#2722,#2723);
#2276=AXIS2_PLACEMENT_3D('',#3347,#2727,#2728);
#2277=AXIS2_PLACEMENT_3D('',#3349,#2729,#2730);
#2278=AXIS2_PLACEMENT_3D('',#3351,#2731,#2732);
#2279=AXIS2_PLACEMENT_3D('',#3353,#2734,#2735);
#2280=AXIS2_PLACEMENT_3D('',#3359,#2739,#2740);
#2281=AXIS2_PLACEMENT_3D('',#3361,#2741,#2742);
#2282=AXIS2_PLACEMENT_3D('',#3363,#2743,#2744);
#2283=AXIS2_PLACEMENT_3D('',#3365,#2746,#2747);
#2284=AXIS2_PLACEMENT_3D('',#3371,#2751,#2752);
#2285=AXIS2_PLACEMENT_3D('',#3373,#2753,#2754);
#2286=AXIS2_PLACEMENT_3D('',#3375,#2755,#2756);
#2287=AXIS2_PLACEMENT_3D('',#3377,#2758,#2759);
#2288=AXIS2_PLACEMENT_3D('',#3383,#2763,#2764);
#2289=AXIS2_PLACEMENT_3D('',#3385,#2765,#2766);
#2290=AXIS2_PLACEMENT_3D('',#3387,#2767,#2768);
#2291=AXIS2_PLACEMENT_3D('',#3389,#2770,#2771);
#2292=AXIS2_PLACEMENT_3D('',#3395,#2775,#2776);
#2293=AXIS2_PLACEMENT_3D('',#3397,#2777,#2778);
#2294=AXIS2_PLACEMENT_3D('',#3399,#2779,#2780);
#2295=AXIS2_PLACEMENT_3D('',#3401,#2782,#2783);
#2296=AXIS2_PLACEMENT_3D('',#3404,#2786,#2787);
#2297=AXIS2_PLACEMENT_3D('',#3405,#2788,#2789);
#2298=AXIS2_PLACEMENT_3D('',#3408,#2790,#2791);
#2299=AXIS2_PLACEMENT_3D('',#3412,#2793,#2794);
#2300=AXIS2_PLACEMENT_3D('',#3414,#2796,#2797);
#2301=AXIS2_PLACEMENT_3D('',#3420,#2801,#2802);
#2302=AXIS2_PLACEMENT_3D('',#3424,#2804,#2805);
#2303=AXIS2_PLACEMENT_3D('',#3428,#2807,#2808);
#2304=AXIS2_PLACEMENT_3D('',#3431,#2810,#2811);
#2305=AXIS2_PLACEMENT_3D('',#3432,#2812,#2813);
#2306=AXIS2_PLACEMENT_3D('',#3435,#2815,#2816);
#2307=AXIS2_PLACEMENT_3D('',#3436,#2817,#2818);
#2308=AXIS2_PLACEMENT_3D('',#3440,#2821,#2822);
#2309=AXIS2_PLACEMENT_3D('',#3443,#2824,#2825);
#2310=AXIS2_PLACEMENT_3D('',#3444,#2826,#2827);
#2311=AXIS2_PLACEMENT_3D('',#3448,#2830,#2831);
#2312=AXIS2_PLACEMENT_3D('',#3451,#2832,#2833);
#2313=AXIS2_PLACEMENT_3D('',#3455,#2835,#2836);
#2314=AXIS2_PLACEMENT_3D('',#3457,#2838,#2839);
#2315=AXIS2_PLACEMENT_3D('',#3463,#2843,#2844);
#2316=AXIS2_PLACEMENT_3D('',#3467,#2846,#2847);
#2317=AXIS2_PLACEMENT_3D('',#3471,#2849,#2850);
#2318=AXIS2_PLACEMENT_3D('',#3474,#2852,#2853);
#2319=AXIS2_PLACEMENT_3D('',#3475,#2854,#2855);
#2320=AXIS2_PLACEMENT_3D('',#3479,#2857,#2858);
#2321=AXIS2_PLACEMENT_3D('',#3481,#2860,#2861);
#2322=AXIS2_PLACEMENT_3D('',#3485,#2864,#2865);
#2323=AXIS2_PLACEMENT_3D('',#3487,#2866,#2867);
#2324=AXIS2_PLACEMENT_3D('',#3489,#2869,#2870);
#2325=AXIS2_PLACEMENT_3D('',#3492,#2872,#2873);
#2326=AXIS2_PLACEMENT_3D('',#3493,#2874,#2875);
#2327=AXIS2_PLACEMENT_3D('',#3496,#2877,#2878);
#2328=AXIS2_PLACEMENT_3D('',#3497,#2879,#2880);
#2329=AXIS2_PLACEMENT_3D('',#3500,#2881,#2882);
#2330=AXIS2_PLACEMENT_3D('',#3504,#2884,#2885);
#2331=AXIS2_PLACEMENT_3D('',#3508,#2887,#2888);
#2332=AXIS2_PLACEMENT_3D('',#3512,#2890,#2891);
#2333=AXIS2_PLACEMENT_3D('',#3518,#2894,#2895);
#2334=AXIS2_PLACEMENT_3D('',#3520,#2896,#2897);
#2335=AXIS2_PLACEMENT_3D('',#3524,#2899,#2900);
#2336=AXIS2_PLACEMENT_3D('',#3525,#2901,#2902);
#2337=AXIS2_PLACEMENT_3D('',#3526,#2903,#2904);
#2338=AXIS2_PLACEMENT_3D('',#3529,#2905,#2906);
#2339=AXIS2_PLACEMENT_3D('',#3532,#2909,#2910);
#2340=AXIS2_PLACEMENT_3D('',#3534,#2911,#2912);
#2341=AXIS2_PLACEMENT_3D('',#3538,#2914,#2915);
#2342=AXIS2_PLACEMENT_3D('',#3540,#2916,#2917);
#2343=AXIS2_PLACEMENT_3D('',#3545,#2922,#2923);
#2344=AXIS2_PLACEMENT_3D('',#3547,#2925,#2926);
#2345=AXIS2_PLACEMENT_3D('',#3550,#2929,#2930);
#2346=AXIS2_PLACEMENT_3D('',#3552,#2932,#2933);
#2347=AXIS2_PLACEMENT_3D('',#3553,#2934,#2935);
#2348=AXIS2_PLACEMENT_3D('',#3557,#2937,#2938);
#2349=AXIS2_PLACEMENT_3D('',#3559,#2940,#2941);
#2350=AXIS2_PLACEMENT_3D('',#3563,#2944,#2945);
#2351=AXIS2_PLACEMENT_3D('',#3567,#2947,#2948);
#2352=AXIS2_PLACEMENT_3D('',#3571,#2950,#2951);
#2353=AXIS2_PLACEMENT_3D('',#3574,#2953,#2954);
#2354=AXIS2_PLACEMENT_3D('',#3575,#2955,#2956);
#2355=AXIS2_PLACEMENT_3D('',#3577,#2958,#2959);
#2356=AXIS2_PLACEMENT_3D('',#3579,#2961,#2962);
#2357=AXIS2_PLACEMENT_3D('',#3581,#2964,#2965);
#2358=AXIS2_PLACEMENT_3D('',#3583,#2967,#2968);
#2359=AXIS2_PLACEMENT_3D('',#3585,#2970,#2971);
#2360=AXIS2_PLACEMENT_3D('',#3586,#2972,#2973);
#2361=AXIS2_PLACEMENT_3D('',#3587,#2974,#2975);
#2362=AXIS2_PLACEMENT_3D('',#3588,#2976,#2977);
#2363=AXIS2_PLACEMENT_3D('',#3589,#2978,#2979);
#2364=AXIS2_PLACEMENT_3D('',#3590,#2980,#2981);
#2365=AXIS2_PLACEMENT_3D('',#3591,#2982,#2983);
#2366=DIRECTION('axis',(0.,0.,1.));
#2367=DIRECTION('refdir',(1.,0.,0.));
#2368=DIRECTION('axis',(0.,0.,1.));
#2369=DIRECTION('refdir',(1.,0.,0.));
#2370=DIRECTION('center_axis',(1.4791141972894E-31,-5.5126826242884E-63,
1.));
#2371=DIRECTION('ref_axis',(1.,2.33978932649127E-31,-1.4791141972894E-31));
#2372=DIRECTION('center_axis',(1.4791141972894E-31,2.22044604925031E-16,
1.));
#2373=DIRECTION('ref_axis',(1.,2.33978932649127E-31,-1.4791141972894E-31));
#2374=DIRECTION('',(1.4791141972894E-31,-5.5126826242884E-63,1.));
#2375=DIRECTION('center_axis',(-1.4791141972894E-31,-2.22044604925031E-16,
-1.));
#2376=DIRECTION('ref_axis',(1.,2.33978932649127E-31,-1.4791141972894E-31));
#2377=DIRECTION('center_axis',(1.4791141972894E-31,-5.5126826242884E-63,
1.));
#2378=DIRECTION('ref_axis',(1.,2.33978932649127E-31,-1.4791141972894E-31));
#2379=DIRECTION('center_axis',(1.4791141972894E-31,2.22044604925031E-16,
1.));
#2380=DIRECTION('ref_axis',(1.,2.33978932649127E-31,-1.4791141972894E-31));
#2381=DIRECTION('',(1.4791141972894E-31,-5.5126826242884E-63,1.));
#2382=DIRECTION('center_axis',(-1.4791141972894E-31,-2.22044604925031E-16,
-1.));
#2383=DIRECTION('ref_axis',(1.,2.33978932649127E-31,-1.4791141972894E-31));
#2384=DIRECTION('center_axis',(1.4791141972894E-31,-5.5126826242884E-63,
1.));
#2385=DIRECTION('ref_axis',(1.,2.33978932649127E-31,-1.4791141972894E-31));
#2386=DIRECTION('center_axis',(1.4791141972894E-31,2.22044604925031E-16,
1.));
#2387=DIRECTION('ref_axis',(1.,2.33978932649127E-31,-1.4791141972894E-31));
#2388=DIRECTION('',(1.4791141972894E-31,-5.5126826242884E-63,1.));
#2389=DIRECTION('center_axis',(-1.4791141972894E-31,-2.22044604925031E-16,
-1.));
#2390=DIRECTION('ref_axis',(1.,2.33978932649127E-31,-1.4791141972894E-31));
#2391=DIRECTION('center_axis',(1.4791141972894E-31,-5.5126826242884E-63,
1.));
#2392=DIRECTION('ref_axis',(1.,2.33978932649127E-31,-1.4791141972894E-31));
#2393=DIRECTION('center_axis',(1.4791141972894E-31,2.22044604925031E-16,
1.));
#2394=DIRECTION('ref_axis',(1.,2.33978932649127E-31,-1.4791141972894E-31));
#2395=DIRECTION('',(1.4791141972894E-31,-5.5126826242884E-63,1.));
#2396=DIRECTION('center_axis',(-1.4791141972894E-31,-2.22044604925031E-16,
-1.));
#2397=DIRECTION('ref_axis',(1.,2.33978932649127E-31,-1.4791141972894E-31));
#2398=DIRECTION('center_axis',(1.4791141972894E-31,2.22044604925031E-16,
1.));
#2399=DIRECTION('ref_axis',(-0.707106781186549,-0.707106781186546,1.57009245868377E-16));
#2400=DIRECTION('center_axis',(-1.4791141972894E-31,-2.22044604925031E-16,
-1.));
#2401=DIRECTION('ref_axis',(-0.707106781186549,-0.707106781186546,1.57009245868377E-16));
#2402=DIRECTION('',(-1.4791141972894E-31,-2.22044604925031E-16,-1.));
#2403=DIRECTION('center_axis',(1.4791141972894E-31,2.22044604925031E-16,
1.));
#2404=DIRECTION('ref_axis',(-0.707106781186549,-0.707106781186546,1.57009245868377E-16));
#2405=DIRECTION('',(1.4791141972894E-31,2.22044604925031E-16,1.));
#2406=DIRECTION('center_axis',(1.4791141972894E-31,2.22044604925031E-16,
1.));
#2407=DIRECTION('ref_axis',(2.33978932649127E-31,-1.,2.22044604925031E-16));
#2408=DIRECTION('',(1.,-1.79068229778249E-17,-1.43935306295366E-31));
#2409=DIRECTION('center_axis',(-1.4791141972894E-31,-2.22044604925031E-16,
-1.));
#2410=DIRECTION('ref_axis',(0.707106781186548,-0.707106781186547,1.57009245868377E-16));
#2411=DIRECTION('',(-1.11022302462516E-16,1.,-2.22044604925031E-16));
#2412=DIRECTION('center_axis',(-1.4791141972894E-31,-2.22044604925031E-16,
-1.));
#2413=DIRECTION('ref_axis',(0.707106781186547,0.707106781186548,-1.57009245868378E-16));
#2414=DIRECTION('',(-1.,-2.33978932649127E-31,1.4791141972894E-31));
#2415=DIRECTION('center_axis',(-1.4791141972894E-31,-2.22044604925031E-16,
-1.));
#2416=DIRECTION('ref_axis',(-0.707106781186549,0.707106781186546,-1.57009245868377E-16));
#2417=DIRECTION('',(2.33978932649127E-31,-1.,2.22044604925031E-16));
#2418=DIRECTION('',(1.,2.33978932649127E-31,-1.4791141972894E-31));
#2419=DIRECTION('',(2.33978932649127E-31,-1.,2.22044604925031E-16));
#2420=DIRECTION('',(-1.,-2.33978932649127E-31,1.4791141972894E-31));
#2421=DIRECTION('',(-2.33978932649127E-31,1.,-2.22044604925031E-16));
#2422=DIRECTION('center_axis',(2.33978932649127E-31,-1.,2.22044604925031E-16));
#2423=DIRECTION('ref_axis',(-1.,-2.33978932649127E-31,1.4791141972894E-31));
#2424=DIRECTION('',(1.,2.33978932649127E-31,-1.4791141972894E-31));
#2425=DIRECTION('',(-1.4791141972894E-31,-2.22044604925031E-16,-1.));
#2426=DIRECTION('',(-1.4791141972894E-31,-2.22044604925031E-16,-1.));
#2427=DIRECTION('',(-1.,-2.33978932649127E-31,1.4791141972894E-31));
#2428=DIRECTION('',(1.4791141972894E-31,2.22044604925031E-16,1.));
#2429=DIRECTION('',(1.,2.33978932649127E-31,-1.4791141972894E-31));
#2430=DIRECTION('',(-1.4791141972894E-31,-2.22044604925031E-16,-1.));
#2431=DIRECTION('',(-1.,-2.33978932649127E-31,1.4791141972894E-31));
#2432=DIRECTION('',(1.4791141972894E-31,2.22044604925031E-16,1.));
#2433=DIRECTION('',(1.,2.33978932649127E-31,-1.4791141972894E-31));
#2434=DIRECTION('center_axis',(1.4791141972894E-31,2.22044604925031E-16,
1.));
#2435=DIRECTION('ref_axis',(0.707106781186548,-0.707106781186547,1.57009245868377E-16));
#2436=DIRECTION('center_axis',(1.4791141972894E-31,2.22044604925031E-16,
1.));
#2437=DIRECTION('ref_axis',(0.707106781186548,-0.707106781186547,1.57009245868377E-16));
#2438=DIRECTION('',(1.4791141972894E-31,2.22044604925031E-16,1.));
#2439=DIRECTION('center_axis',(1.4791141972894E-31,2.22044604925031E-16,
1.));
#2440=DIRECTION('ref_axis',(0.707106781186547,0.707106781186548,-1.57009245868378E-16));
#2441=DIRECTION('',(-1.4791141972894E-31,-2.22044604925031E-16,-1.));
#2442=DIRECTION('center_axis',(1.4791141972894E-31,2.22044604925031E-16,
1.));
#2443=DIRECTION('ref_axis',(0.707106781186547,0.707106781186548,-1.57009245868378E-16));
#2444=DIRECTION('',(1.4791141972894E-31,2.22044604925031E-16,1.));
#2445=DIRECTION('center_axis',(-2.33978932649127E-31,1.,-2.22044604925031E-16));
#2446=DIRECTION('ref_axis',(1.,2.33978932649127E-31,-1.4791141972894E-31));
#2447=DIRECTION('',(1.,2.33978932649127E-31,-1.4791141972894E-31));
#2448=DIRECTION('',(-1.4791141972894E-31,-2.22044604925031E-16,-1.));
#2449=DIRECTION('',(-1.4791141972894E-31,-2.22044604925031E-16,-1.));
#2450=DIRECTION('',(1.,2.33978932649127E-31,-1.4791141972894E-31));
#2451=DIRECTION('',(1.4791141972894E-31,2.22044604925031E-16,1.));
#2452=DIRECTION('',(-1.,-2.33978932649127E-31,1.4791141972894E-31));
#2453=DIRECTION('',(-1.4791141972894E-31,-2.22044604925031E-16,-1.));
#2454=DIRECTION('',(1.,2.33978932649127E-31,-1.4791141972894E-31));
#2455=DIRECTION('',(1.4791141972894E-31,2.22044604925031E-16,1.));
#2456=DIRECTION('',(-1.,-2.33978932649127E-31,1.4791141972894E-31));
#2457=DIRECTION('center_axis',(-1.4791141972894E-31,-2.22044604925031E-16,
-1.));
#2458=DIRECTION('ref_axis',(-2.33978932649127E-31,1.,-2.22044604925031E-16));
#2459=DIRECTION('',(2.33978932649127E-31,-1.,2.22044604925031E-16));
#2460=DIRECTION('center_axis',(1.4791141972894E-31,2.22044604925031E-16,
1.));
#2461=DIRECTION('ref_axis',(-0.707106781186549,0.707106781186546,-1.57009245868377E-16));
#2462=DIRECTION('',(-2.33978932649127E-31,1.,-2.22044604925031E-16));
#2463=DIRECTION('center_axis',(1.4791141972894E-31,2.22044604925031E-16,
1.));
#2464=DIRECTION('ref_axis',(-0.707106781186549,0.707106781186546,-1.57009245868377E-16));
#2465=DIRECTION('',(1.4791141972894E-31,2.22044604925031E-16,1.));
#2466=DIRECTION('center_axis',(-2.33978932649127E-31,1.,-2.22044604925031E-16));
#2467=DIRECTION('ref_axis',(-1.4791141972894E-31,-2.22044604925031E-16,
-1.));
#2468=DIRECTION('',(-1.4791141972894E-31,-2.22044604925031E-16,-1.));
#2469=DIRECTION('',(-1.,-2.33978932649127E-31,1.4791141972894E-31));
#2470=DIRECTION('',(1.4791141972894E-31,2.22044604925031E-16,1.));
#2471=DIRECTION('',(-1.,-2.33978932649127E-31,1.4791141972894E-31));
#2472=DIRECTION('center_axis',(1.4791141972894E-31,2.22044604925031E-16,
1.));
#2473=DIRECTION('ref_axis',(-2.33978932649127E-31,1.,-2.22044604925031E-16));
#2474=DIRECTION('',(-2.33978932649127E-31,1.,-2.22044604925031E-16));
#2475=DIRECTION('',(-1.,-2.33978932649127E-31,1.4791141972894E-31));
#2476=DIRECTION('',(2.33978932649127E-31,-1.,2.22044604925031E-16));
#2477=DIRECTION('center_axis',(2.33978932649127E-31,-1.,2.22044604925031E-16));
#2478=DIRECTION('ref_axis',(1.4791141972894E-31,2.22044604925031E-16,1.));
#2479=DIRECTION('',(1.4791141972894E-31,2.22044604925031E-16,1.));
#2480=DIRECTION('',(-1.,-2.33978932649127E-31,1.4791141972894E-31));
#2481=DIRECTION('',(-1.4791141972894E-31,-2.22044604925031E-16,-1.));
#2482=DIRECTION('center_axis',(-1.4791141972894E-31,-2.22044604925031E-16,
-1.));
#2483=DIRECTION('ref_axis',(2.33978932649127E-31,-1.,2.22044604925031E-16));
#2484=DIRECTION('',(2.33978932649127E-31,-1.,2.22044604925031E-16));
#2485=DIRECTION('',(-2.33978932649127E-31,1.,-2.22044604925031E-16));
#2486=DIRECTION('center_axis',(1.,2.33978932649127E-31,-1.4791141972894E-31));
#2487=DIRECTION('ref_axis',(-1.4791141972894E-31,-2.22044604925031E-16,
-1.));
#2488=DIRECTION('',(-2.33978932649127E-31,1.,-2.22044604925031E-16));
#2489=DIRECTION('',(-1.4791141972894E-31,-2.22044604925031E-16,-1.));
#2490=DIRECTION('',(-2.33978932649127E-31,1.,-2.22044604925031E-16));
#2491=DIRECTION('center_axis',(1.4791141972894E-31,2.22044604925031E-16,
1.));
#2492=DIRECTION('ref_axis',(1.,2.33978932649127E-31,-1.4791141972894E-31));
#2493=DIRECTION('',(-2.33978932649127E-31,1.,-2.22044604925031E-16));
#2494=DIRECTION('',(1.,2.33978932649127E-31,-1.4791141972894E-31));
#2495=DIRECTION('center_axis',(-1.,-2.33978932649127E-31,1.4791141972894E-31));
#2496=DIRECTION('ref_axis',(1.4791141972894E-31,2.22044604925031E-16,1.));
#2497=DIRECTION('',(-2.33978932649127E-31,1.,-2.22044604925031E-16));
#2498=DIRECTION('',(1.4791141972894E-31,2.22044604925031E-16,1.));
#2499=DIRECTION('center_axis',(-1.4791141972894E-31,-2.22044604925031E-16,
-1.));
#2500=DIRECTION('ref_axis',(-1.,-2.33978932649127E-31,1.4791141972894E-31));
#2501=DIRECTION('',(-1.,-2.33978932649127E-31,1.4791141972894E-31));
#2502=DIRECTION('center_axis',(-2.33978932649127E-31,1.,-2.22044604925031E-16));
#2503=DIRECTION('ref_axis',(1.,2.33978932649127E-31,-1.4791141972894E-31));
#2504=DIRECTION('center_axis',(1.,2.33978932649127E-31,-1.4791141972894E-31));
#2505=DIRECTION('ref_axis',(-1.4791141972894E-31,-2.22044604925031E-16,
-1.));
#2506=DIRECTION('',(-2.33978932649127E-31,1.,-2.22044604925031E-16));
#2507=DIRECTION('',(-1.4791141972894E-31,-2.22044604925031E-16,-1.));
#2508=DIRECTION('',(-2.33978932649127E-31,1.,-2.22044604925031E-16));
#2509=DIRECTION('center_axis',(1.4791141972894E-31,2.22044604925031E-16,
1.));
#2510=DIRECTION('ref_axis',(1.,2.33978932649127E-31,-1.4791141972894E-31));
#2511=DIRECTION('',(-2.33978932649127E-31,1.,-2.22044604925031E-16));
#2512=DIRECTION('',(1.,2.33978932649127E-31,-1.4791141972894E-31));
#2513=DIRECTION('center_axis',(-1.,-2.33978932649127E-31,1.4791141972894E-31));
#2514=DIRECTION('ref_axis',(1.4791141972894E-31,2.22044604925031E-16,1.));
#2515=DIRECTION('',(-2.33978932649127E-31,1.,-2.22044604925031E-16));
#2516=DIRECTION('',(1.4791141972894E-31,2.22044604925031E-16,1.));
#2517=DIRECTION('center_axis',(-1.4791141972894E-31,-2.22044604925031E-16,
-1.));
#2518=DIRECTION('ref_axis',(-1.,-2.33978932649127E-31,1.4791141972894E-31));
#2519=DIRECTION('',(-1.,-2.33978932649127E-31,1.4791141972894E-31));
#2520=DIRECTION('center_axis',(-2.33978932649127E-31,1.,-2.22044604925031E-16));
#2521=DIRECTION('ref_axis',(1.,2.33978932649127E-31,-1.4791141972894E-31));
#2522=DIRECTION('center_axis',(1.,2.33978932649127E-31,-1.4791141972894E-31));
#2523=DIRECTION('ref_axis',(1.4791141972894E-31,2.22044604925031E-16,1.));
#2524=DIRECTION('',(-1.4791141972894E-31,-2.22044604925031E-16,-1.));
#2525=DIRECTION('',(2.33978932649127E-31,-1.,2.22044604925031E-16));
#2526=DIRECTION('',(2.33978932649127E-31,-1.,2.22044604925031E-16));
#2527=DIRECTION('center_axis',(-1.4791141972894E-31,-2.22044604925031E-16,
-1.));
#2528=DIRECTION('ref_axis',(1.,2.33978932649127E-31,-1.4791141972894E-31));
#2529=DIRECTION('',(-1.,-2.33978932649127E-31,1.4791141972894E-31));
#2530=DIRECTION('',(2.33978932649127E-31,-1.,2.22044604925031E-16));
#2531=DIRECTION('center_axis',(-1.,-2.33978932649127E-31,1.4791141972894E-31));
#2532=DIRECTION('ref_axis',(-1.4791141972894E-31,-2.22044604925031E-16,
-1.));
#2533=DIRECTION('',(1.4791141972894E-31,2.22044604925031E-16,1.));
#2534=DIRECTION('',(2.33978932649127E-31,-1.,2.22044604925031E-16));
#2535=DIRECTION('center_axis',(1.4791141972894E-31,2.22044604925031E-16,
1.));
#2536=DIRECTION('ref_axis',(-1.,-2.33978932649127E-31,1.4791141972894E-31));
#2537=DIRECTION('',(1.,2.33978932649127E-31,-1.4791141972894E-31));
#2538=DIRECTION('center_axis',(-1.4791141972894E-31,-2.22044604925031E-16,
-1.));
#2539=DIRECTION('ref_axis',(1.,2.33978932649127E-31,-1.4791141972894E-31));
#2540=DIRECTION('',(-1.,-2.33978932649127E-31,1.4791141972894E-31));
#2541=DIRECTION('',(2.33978932649127E-31,-1.,2.22044604925031E-16));
#2542=DIRECTION('',(1.,2.33978932649127E-31,-1.4791141972894E-31));
#2543=DIRECTION('',(-2.33978932649127E-31,1.,-2.22044604925031E-16));
#2544=DIRECTION('center_axis',(2.33978932649127E-31,-1.,2.22044604925031E-16));
#2545=DIRECTION('ref_axis',(1.,2.33978932649127E-31,-1.4791141972894E-31));
#2546=DIRECTION('',(1.4791141972894E-31,2.22044604925031E-16,1.));
#2547=DIRECTION('',(1.4791141972894E-31,2.22044604925031E-16,1.));
#2548=DIRECTION('',(1.4791141972894E-31,2.22044604925031E-16,1.));
#2549=DIRECTION('',(1.,2.33978932649127E-31,-1.4791141972894E-31));
#2550=DIRECTION('',(-1.4791141972894E-31,-2.22044604925031E-16,-1.));
#2551=DIRECTION('',(-1.,-2.33978932649127E-31,1.4791141972894E-31));
#2552=DIRECTION('center_axis',(1.,2.33978932649127E-31,-1.4791141972894E-31));
#2553=DIRECTION('ref_axis',(1.4791141972894E-31,2.22044604925031E-16,1.));
#2554=DIRECTION('',(2.33978932649127E-31,-1.,2.22044604925031E-16));
#2555=DIRECTION('',(2.33978932649127E-31,-1.,2.22044604925031E-16));
#2556=DIRECTION('center_axis',(-1.4791141972894E-31,-2.22044604925031E-16,
-1.));
#2557=DIRECTION('ref_axis',(1.,2.33978932649127E-31,-1.4791141972894E-31));
#2558=DIRECTION('',(2.33978932649127E-31,-1.,2.22044604925031E-16));
#2559=DIRECTION('center_axis',(-1.,-2.33978932649127E-31,1.4791141972894E-31));
#2560=DIRECTION('ref_axis',(-1.4791141972894E-31,-2.22044604925031E-16,
-1.));
#2561=DIRECTION('',(2.33978932649127E-31,-1.,2.22044604925031E-16));
#2562=DIRECTION('center_axis',(1.4791141972894E-31,2.22044604925031E-16,
1.));
#2563=DIRECTION('ref_axis',(-1.,-2.33978932649127E-31,1.4791141972894E-31));
#2564=DIRECTION('center_axis',(1.,2.33978932649127E-31,-1.4791141972894E-31));
#2565=DIRECTION('ref_axis',(-2.33978932649127E-31,1.,-2.22044604925031E-16));
#2566=DIRECTION('',(1.4791141972894E-31,2.22044604925031E-16,1.));
#2567=DIRECTION('center_axis',(-2.33978932649127E-31,1.,-2.22044604925031E-16));
#2568=DIRECTION('ref_axis',(-1.,-2.33978932649127E-31,1.4791141972894E-31));
#2569=DIRECTION('',(1.4791141972894E-31,2.22044604925031E-16,1.));
#2570=DIRECTION('center_axis',(-1.,-2.33978932649127E-31,1.4791141972894E-31));
#2571=DIRECTION('ref_axis',(2.33978932649127E-31,-1.,2.22044604925031E-16));
#2572=DIRECTION('center_axis',(1.,2.33978932649127E-31,-1.4791141972894E-31));
#2573=DIRECTION('ref_axis',(2.33978932649127E-31,-1.,2.22044604925031E-16));
#2574=DIRECTION('center_axis',(-1.,-2.33978932649127E-31,1.4791141972894E-31));
#2575=DIRECTION('ref_axis',(-2.33978932649127E-31,1.,-2.22044604925031E-16));
#2576=DIRECTION('axis',(0.,0.,1.));
#2577=DIRECTION('refdir',(1.,0.,0.));
#2578=DIRECTION('center_axis',(3.5527136788005E-16,-6.66133814775094E-16,
1.));
#2579=DIRECTION('ref_axis',(1.,2.16493489801906E-15,-3.55271367880049E-16));
#2580=DIRECTION('center_axis',(1.4791141972894E-31,-5.5126826242884E-63,
1.));
#2581=DIRECTION('ref_axis',(1.,2.16493489801906E-15,-3.55271367880049E-16));
#2582=DIRECTION('',(3.5527136788005E-16,-6.66133814775094E-16,1.));
#2583=DIRECTION('center_axis',(-1.4791141972894E-31,5.5126826242884E-63,
-1.));
#2584=DIRECTION('ref_axis',(1.,2.16493489801906E-15,-3.55271367880049E-16));
#2585=DIRECTION('center_axis',(3.5527136788005E-16,-7.105427357601E-16,
1.));
#2586=DIRECTION('ref_axis',(1.,2.16493489801906E-15,-3.55271367880049E-16));
#2587=DIRECTION('center_axis',(1.4791141972894E-31,-5.5126826242884E-63,
1.));
#2588=DIRECTION('ref_axis',(1.,2.16493489801906E-15,-3.55271367880049E-16));
#2589=DIRECTION('',(3.5527136788005E-16,-7.105427357601E-16,1.));
#2590=DIRECTION('center_axis',(-1.4791141972894E-31,5.5126826242884E-63,
-1.));
#2591=DIRECTION('ref_axis',(1.,2.16493489801906E-15,-3.55271367880049E-16));
#2592=DIRECTION('center_axis',(4.44089209850063E-16,-6.66133814775094E-16,
1.));
#2593=DIRECTION('ref_axis',(1.,2.16493489801906E-15,-4.44089209850061E-16));
#2594=DIRECTION('center_axis',(1.4791141972894E-31,-5.5126826242884E-63,
1.));
#2595=DIRECTION('ref_axis',(1.,2.16493489801906E-15,-4.44089209850061E-16));
#2596=DIRECTION('',(4.44089209850063E-16,-6.66133814775094E-16,1.));
#2597=DIRECTION('center_axis',(-1.4791141972894E-31,5.5126826242884E-63,
-1.));
#2598=DIRECTION('ref_axis',(1.,2.16493489801906E-15,-4.44089209850061E-16));
#2599=DIRECTION('center_axis',(4.44089209850063E-16,-7.105427357601E-16,
1.));
#2600=DIRECTION('ref_axis',(1.,2.16493489801906E-15,-4.44089209850061E-16));
#2601=DIRECTION('center_axis',(1.4791141972894E-31,-5.5126826242884E-63,
1.));
#2602=DIRECTION('ref_axis',(1.,2.16493489801906E-15,-4.44089209850061E-16));
#2603=DIRECTION('',(4.44089209850063E-16,-7.105427357601E-16,1.));
#2604=DIRECTION('center_axis',(-1.4791141972894E-31,5.5126826242884E-63,
-1.));
#2605=DIRECTION('ref_axis',(1.,2.16493489801906E-15,-4.44089209850061E-16));
#2606=DIRECTION('center_axis',(1.4791141972894E-31,-5.5126826242884E-63,
1.));
#2607=DIRECTION('ref_axis',(-1.,1.22464679914735E-16,1.4791141972894E-31));
#2608=DIRECTION('center_axis',(1.4791141972894E-31,-5.5126826242884E-63,
1.));
#2609=DIRECTION('ref_axis',(-1.,1.22464679914735E-16,1.4791141972894E-31));
#2610=DIRECTION('',(-1.4791141972894E-31,5.5126826242884E-63,-1.));
#2611=DIRECTION('center_axis',(-1.4791141972894E-31,5.5126826242884E-63,
-1.));
#2612=DIRECTION('ref_axis',(-1.,1.22464679914735E-16,1.4791141972894E-31));
#2613=DIRECTION('center_axis',(1.4791141972894E-31,-5.5126826242884E-63,
1.));
#2614=DIRECTION('ref_axis',(-1.,1.22464679914735E-16,1.4791141972894E-31));
#2615=DIRECTION('center_axis',(1.4791141972894E-31,-5.5126826242884E-63,
1.));
#2616=DIRECTION('ref_axis',(-1.,1.22464679914735E-16,1.4791141972894E-31));
#2617=DIRECTION('center_axis',(1.4791141972894E-31,-5.5126826242884E-63,
1.));
#2618=DIRECTION('ref_axis',(-1.,1.22464679914735E-16,1.4791141972894E-31));
#2619=DIRECTION('',(-1.4791141972894E-31,5.5126826242884E-63,-1.));
#2620=DIRECTION('center_axis',(-1.4791141972894E-31,5.5126826242884E-63,
-1.));
#2621=DIRECTION('ref_axis',(-1.,1.22464679914735E-16,1.4791141972894E-31));
#2622=DIRECTION('center_axis',(1.4791141972894E-31,-5.5126826242884E-63,
1.));
#2623=DIRECTION('ref_axis',(-1.,1.22464679914735E-16,1.4791141972894E-31));
#2624=DIRECTION('center_axis',(1.4791141972894E-31,-5.5126826242884E-63,
1.));
#2625=DIRECTION('ref_axis',(-1.,1.22464679914735E-16,1.4791141972894E-31));
#2626=DIRECTION('center_axis',(1.4791141972894E-31,-5.5126826242884E-63,
1.));
#2627=DIRECTION('ref_axis',(-1.,1.22464679914735E-16,1.4791141972894E-31));
#2628=DIRECTION('',(-1.4791141972894E-31,5.5126826242884E-63,-1.));
#2629=DIRECTION('center_axis',(-1.4791141972894E-31,5.5126826242884E-63,
-1.));
#2630=DIRECTION('ref_axis',(-1.,1.22464679914735E-16,1.4791141972894E-31));
#2631=DIRECTION('center_axis',(1.4791141972894E-31,-5.5126826242884E-63,
1.));
#2632=DIRECTION('ref_axis',(-1.,1.22464679914735E-16,1.4791141972894E-31));
#2633=DIRECTION('center_axis',(1.4791141972894E-31,-5.5126826242884E-63,
1.));
#2634=DIRECTION('ref_axis',(-1.,1.22464679914735E-16,1.4791141972894E-31));
#2635=DIRECTION('center_axis',(1.4791141972894E-31,-5.5126826242884E-63,
1.));
#2636=DIRECTION('ref_axis',(-1.,1.22464679914735E-16,1.4791141972894E-31));
#2637=DIRECTION('',(-1.4791141972894E-31,5.5126826242884E-63,-1.));
#2638=DIRECTION('center_axis',(-1.4791141972894E-31,5.5126826242884E-63,
-1.));
#2639=DIRECTION('ref_axis',(-1.,1.22464679914735E-16,1.4791141972894E-31));
#2640=DIRECTION('center_axis',(1.4791141972894E-31,-5.5126826242884E-63,
1.));
#2641=DIRECTION('ref_axis',(-1.,1.22464679914735E-16,1.4791141972894E-31));
#2642=DIRECTION('center_axis',(1.,-1.22464679914735E-16,-1.4791141972894E-31));
#2643=DIRECTION('ref_axis',(1.22464679914735E-16,1.,-1.81139246728386E-47));
#2644=DIRECTION('',(-1.22464679914735E-16,-1.,1.81139246728386E-47));
#2645=DIRECTION('',(1.4791141972894E-31,-5.5126826242884E-63,1.));
#2646=DIRECTION('',(1.22464679914735E-16,1.,-1.81139246728386E-47));
#2647=DIRECTION('',(1.4791141972894E-31,-5.5126826242884E-63,1.));
#2648=DIRECTION('center_axis',(1.4791141972894E-31,-5.5126826242884E-63,
1.));
#2649=DIRECTION('ref_axis',(-0.707106781186546,0.707106781186549,1.04589167905263E-31));
#2650=DIRECTION('center_axis',(-1.4791141972894E-31,5.5126826242884E-63,
-1.));
#2651=DIRECTION('ref_axis',(-0.707106781186546,0.707106781186549,1.04589167905263E-31));
#2652=DIRECTION('',(1.4791141972894E-31,-5.5126826242884E-63,1.));
#2653=DIRECTION('center_axis',(-1.4791141972894E-31,5.5126826242884E-63,
-1.));
#2654=DIRECTION('ref_axis',(-0.707106781186546,0.707106781186549,1.04589167905263E-31));
#2655=DIRECTION('center_axis',(-1.22464679914735E-16,-1.,1.81139246728386E-47));
#2656=DIRECTION('ref_axis',(1.,-1.22464679914735E-16,-1.4791141972894E-31));
#2657=DIRECTION('',(-1.,1.22464679914735E-16,1.4791141972894E-31));
#2658=DIRECTION('',(1.4791141972894E-31,-5.5126826242884E-63,1.));
#2659=DIRECTION('',(1.,-1.22464679914735E-16,-1.4791141972894E-31));
#2660=DIRECTION('center_axis',(1.4791141972894E-31,-5.5126826242884E-63,
1.));
#2661=DIRECTION('ref_axis',(0.707106781186548,-0.707106781186547,-1.04589167905263E-31));
#2662=DIRECTION('center_axis',(1.4791141972894E-31,-5.5126826242884E-63,
1.));
#2663=DIRECTION('ref_axis',(0.707106781186548,-0.707106781186547,-1.04589167905263E-31));
#2664=DIRECTION('',(1.4791141972894E-31,-5.5126826242884E-63,1.));
#2665=DIRECTION('center_axis',(1.4791141972894E-31,-5.5126826242884E-63,
1.));
#2666=DIRECTION('ref_axis',(0.707106781186548,-0.707106781186547,-1.04589167905263E-31));
#2667=DIRECTION('center_axis',(1.,-1.22464679914735E-16,-1.4791141972894E-31));
#2668=DIRECTION('ref_axis',(1.22464679914735E-16,1.,-1.81139246728386E-47));
#2669=DIRECTION('',(-1.22464679914735E-16,-1.,1.81139246728386E-47));
#2670=DIRECTION('',(1.4791141972894E-31,-5.5126826242884E-63,1.));
#2671=DIRECTION('',(1.22464679914735E-16,1.,-1.81139246728386E-47));
#2672=DIRECTION('center_axis',(1.4791141972894E-31,-5.5126826242884E-63,
1.));
#2673=DIRECTION('ref_axis',(0.707106781186546,0.707106781186549,-1.04589167905263E-31));
#2674=DIRECTION('center_axis',(1.4791141972894E-31,-5.5126826242884E-63,
1.));
#2675=DIRECTION('ref_axis',(0.707106781186546,0.707106781186549,-1.04589167905263E-31));
#2676=DIRECTION('',(1.4791141972894E-31,-5.5126826242884E-63,1.));
#2677=DIRECTION('center_axis',(1.4791141972894E-31,-5.5126826242884E-63,
1.));
#2678=DIRECTION('ref_axis',(0.707106781186546,0.707106781186549,-1.04589167905263E-31));
#2679=DIRECTION('center_axis',(1.22464679914735E-16,1.,-1.81139246728386E-47));
#2680=DIRECTION('ref_axis',(-1.,1.22464679914735E-16,1.4791141972894E-31));
#2681=DIRECTION('',(1.,-1.22464679914735E-16,-1.4791141972894E-31));
#2682=DIRECTION('',(1.4791141972894E-31,-5.5126826242884E-63,1.));
#2683=DIRECTION('',(-1.,1.22464679914735E-16,1.4791141972894E-31));
#2684=DIRECTION('center_axis',(1.4791141972894E-31,-5.5126826242884E-63,
1.));
#2685=DIRECTION('ref_axis',(-0.707106781186545,-0.70710678118655,1.04589167905263E-31));
#2686=DIRECTION('center_axis',(-1.4791141972894E-31,5.5126826242884E-63,
-1.));
#2687=DIRECTION('ref_axis',(-0.707106781186545,-0.70710678118655,1.04589167905263E-31));
#2688=DIRECTION('',(1.4791141972894E-31,-5.5126826242884E-63,1.));
#2689=DIRECTION('center_axis',(-1.4791141972894E-31,5.5126826242884E-63,
-1.));
#2690=DIRECTION('ref_axis',(-0.707106781186545,-0.70710678118655,1.04589167905263E-31));
#2691=DIRECTION('center_axis',(1.,-1.22464679914735E-16,-1.4791141972894E-31));
#2692=DIRECTION('ref_axis',(1.22464679914735E-16,1.,-1.81139246728386E-47));
#2693=DIRECTION('',(-1.22464679914735E-16,-1.,1.81139246728386E-47));
#2694=DIRECTION('',(1.4791141972894E-31,-5.5126826242884E-63,1.));
#2695=DIRECTION('',(1.22464679914735E-16,1.,-1.81139246728386E-47));
#2696=DIRECTION('center_axis',(1.4791141972894E-31,-5.5126826242884E-63,
1.));
#2697=DIRECTION('ref_axis',(0.707106781186548,0.707106781186548,-1.04589167905263E-31));
#2698=DIRECTION('center_axis',(1.4791141972894E-31,-5.5126826242884E-63,
1.));
#2699=DIRECTION('ref_axis',(0.707106781186548,0.707106781186548,-1.04589167905263E-31));
#2700=DIRECTION('',(1.4791141972894E-31,-5.5126826242884E-63,1.));
#2701=DIRECTION('center_axis',(1.4791141972894E-31,-5.5126826242884E-63,
1.));
#2702=DIRECTION('ref_axis',(0.707106781186548,0.707106781186548,-1.04589167905263E-31));
#2703=DIRECTION('center_axis',(1.22464679914735E-16,1.,-1.81139246728386E-47));
#2704=DIRECTION('ref_axis',(-1.,1.22464679914735E-16,1.4791141972894E-31));
#2705=DIRECTION('',(1.,-1.22464679914735E-16,-1.4791141972894E-31));
#2706=DIRECTION('',(1.4791141972894E-31,-5.5126826242884E-63,1.));
#2707=DIRECTION('',(-1.,1.22464679914735E-16,1.4791141972894E-31));
#2708=DIRECTION('center_axis',(1.4791141972894E-31,-5.5126826242884E-63,
1.));
#2709=DIRECTION('ref_axis',(-0.707106781186546,0.707106781186549,1.04589167905263E-31));
#2710=DIRECTION('center_axis',(1.4791141972894E-31,-5.5126826242884E-63,
1.));
#2711=DIRECTION('ref_axis',(-0.707106781186546,0.707106781186549,1.04589167905263E-31));
#2712=DIRECTION('',(1.4791141972894E-31,-5.5126826242884E-63,1.));
#2713=DIRECTION('center_axis',(1.4791141972894E-31,-5.5126826242884E-63,
1.));
#2714=DIRECTION('ref_axis',(-0.707106781186546,0.707106781186549,1.04589167905263E-31));
#2715=DIRECTION('center_axis',(1.4791141972894E-31,-5.5126826242884E-63,
1.));
#2716=DIRECTION('ref_axis',(0.707106781186549,-0.707106781186546,-1.04589167905263E-31));
#2717=DIRECTION('center_axis',(1.4791141972894E-31,-5.5126826242884E-63,
1.));
#2718=DIRECTION('ref_axis',(0.707106781186549,-0.707106781186546,-1.04589167905263E-31));
#2719=DIRECTION('center_axis',(1.4791141972894E-31,-5.5126826242884E-63,
1.));
#2720=DIRECTION('ref_axis',(0.707106781186549,-0.707106781186546,-1.04589167905263E-31));
#2721=DIRECTION('',(1.4791141972894E-31,-5.5126826242884E-63,1.));
#2722=DIRECTION('center_axis',(-1.22464679914735E-16,-1.,1.81139246728386E-47));
#2723=DIRECTION('ref_axis',(1.,-1.22464679914735E-16,-1.4791141972894E-31));
#2724=DIRECTION('',(-1.,1.22464679914735E-16,1.4791141972894E-31));
#2725=DIRECTION('',(1.,-1.22464679914735E-16,-1.4791141972894E-31));
#2726=DIRECTION('',(1.4791141972894E-31,-5.5126826242884E-63,1.));
#2727=DIRECTION('center_axis',(1.4791141972894E-31,-5.5126826242884E-63,
1.));
#2728=DIRECTION('ref_axis',(-0.707106781186546,-0.707106781186549,1.04589167905263E-31));
#2729=DIRECTION('center_axis',(1.4791141972894E-31,-5.5126826242884E-63,
1.));
#2730=DIRECTION('ref_axis',(-0.707106781186546,-0.707106781186549,1.04589167905263E-31));
#2731=DIRECTION('center_axis',(1.4791141972894E-31,-5.5126826242884E-63,
1.));
#2732=DIRECTION('ref_axis',(-0.707106781186546,-0.707106781186549,1.04589167905263E-31));
#2733=DIRECTION('',(1.4791141972894E-31,-5.5126826242884E-63,1.));
#2734=DIRECTION('center_axis',(-1.,1.22464679914735E-16,1.4791141972894E-31));
#2735=DIRECTION('ref_axis',(-1.22464679914735E-16,-1.,1.81139246728386E-47));
#2736=DIRECTION('',(1.22464679914735E-16,1.,-1.81139246728386E-47));
#2737=DIRECTION('',(-1.22464679914735E-16,-1.,1.81139246728386E-47));
#2738=DIRECTION('',(1.4791141972894E-31,-5.5126826242884E-63,1.));
#2739=DIRECTION('center_axis',(1.4791141972894E-31,-5.5126826242884E-63,
1.));
#2740=DIRECTION('ref_axis',(0.707106781186549,0.707106781186546,-1.04589167905263E-31));
#2741=DIRECTION('center_axis',(-1.4791141972894E-31,5.5126826242884E-63,
-1.));
#2742=DIRECTION('ref_axis',(0.707106781186549,0.707106781186546,-1.04589167905263E-31));
#2743=DIRECTION('center_axis',(-1.4791141972894E-31,5.5126826242884E-63,
-1.));
#2744=DIRECTION('ref_axis',(0.707106781186549,0.707106781186546,-1.04589167905263E-31));
#2745=DIRECTION('',(1.4791141972894E-31,-5.5126826242884E-63,1.));
#2746=DIRECTION('center_axis',(-1.22464679914735E-16,-1.,1.81139246728386E-47));
#2747=DIRECTION('ref_axis',(1.,-1.22464679914735E-16,-1.4791141972894E-31));
#2748=DIRECTION('',(-1.,1.22464679914735E-16,1.4791141972894E-31));
#2749=DIRECTION('',(1.,-1.22464679914735E-16,-1.4791141972894E-31));
#2750=DIRECTION('',(1.4791141972894E-31,-5.5126826242884E-63,1.));
#2751=DIRECTION('center_axis',(1.4791141972894E-31,-5.5126826242884E-63,
1.));
#2752=DIRECTION('ref_axis',(-0.707106781186549,-0.707106781186546,1.04589167905263E-31));
#2753=DIRECTION('center_axis',(1.4791141972894E-31,-5.5126826242884E-63,
1.));
#2754=DIRECTION('ref_axis',(-0.707106781186549,-0.707106781186546,1.04589167905263E-31));
#2755=DIRECTION('center_axis',(1.4791141972894E-31,-5.5126826242884E-63,
1.));
#2756=DIRECTION('ref_axis',(-0.707106781186549,-0.707106781186546,1.04589167905263E-31));
#2757=DIRECTION('',(1.4791141972894E-31,-5.5126826242884E-63,1.));
#2758=DIRECTION('center_axis',(-1.,1.22464679914735E-16,1.4791141972894E-31));
#2759=DIRECTION('ref_axis',(-1.22464679914735E-16,-1.,1.81139246728386E-47));
#2760=DIRECTION('',(1.22464679914735E-16,1.,-1.81139246728386E-47));
#2761=DIRECTION('',(-1.22464679914735E-16,-1.,1.81139246728386E-47));
#2762=DIRECTION('',(1.4791141972894E-31,-5.5126826242884E-63,1.));
#2763=DIRECTION('center_axis',(1.4791141972894E-31,-5.5126826242884E-63,
1.));
#2764=DIRECTION('ref_axis',(-0.707106781186549,0.707106781186546,1.04589167905263E-31));
#2765=DIRECTION('center_axis',(1.4791141972894E-31,-5.5126826242884E-63,
1.));
#2766=DIRECTION('ref_axis',(-0.707106781186549,0.707106781186546,1.04589167905263E-31));
#2767=DIRECTION('center_axis',(1.4791141972894E-31,-5.5126826242884E-63,
1.));
#2768=DIRECTION('ref_axis',(-0.707106781186549,0.707106781186546,1.04589167905263E-31));
#2769=DIRECTION('',(1.4791141972894E-31,-5.5126826242884E-63,1.));
#2770=DIRECTION('center_axis',(1.22464679914735E-16,1.,-1.81139246728386E-47));
#2771=DIRECTION('ref_axis',(-1.,1.22464679914735E-16,1.4791141972894E-31));
#2772=DIRECTION('',(1.,-1.22464679914735E-16,-1.4791141972894E-31));
#2773=DIRECTION('',(-1.,1.22464679914735E-16,1.4791141972894E-31));
#2774=DIRECTION('',(1.4791141972894E-31,-5.5126826242884E-63,1.));
#2775=DIRECTION('center_axis',(1.4791141972894E-31,-5.5126826242884E-63,
1.));
#2776=DIRECTION('ref_axis',(0.707106781186549,-0.707106781186546,-1.04589167905263E-31));
#2777=DIRECTION('center_axis',(-1.4791141972894E-31,5.5126826242884E-63,
-1.));
#2778=DIRECTION('ref_axis',(0.707106781186549,-0.707106781186546,-1.04589167905263E-31));
#2779=DIRECTION('center_axis',(-1.4791141972894E-31,5.5126826242884E-63,
-1.));
#2780=DIRECTION('ref_axis',(0.707106781186549,-0.707106781186546,-1.04589167905263E-31));
#2781=DIRECTION('',(1.4791141972894E-31,-5.5126826242884E-63,1.));
#2782=DIRECTION('center_axis',(-1.,1.22464679914735E-16,1.4791141972894E-31));
#2783=DIRECTION('ref_axis',(-1.22464679914735E-16,-1.,1.81139246728386E-47));
#2784=DIRECTION('',(1.22464679914735E-16,1.,-1.81139246728386E-47));
#2785=DIRECTION('',(-1.22464679914735E-16,-1.,1.81139246728386E-47));
#2786=DIRECTION('center_axis',(-1.4791141972894E-31,5.5126826242884E-63,
-1.));
#2787=DIRECTION('ref_axis',(-1.,-2.33978932649127E-31,1.4791141972894E-31));
#2788=DIRECTION('center_axis',(-1.4791141972894E-31,5.5126826242884E-63,
-1.));
#2789=DIRECTION('ref_axis',(-0.707106781186548,-0.707106781186548,1.04589167905263E-31));
#2790=DIRECTION('center_axis',(-1.4791141972894E-31,5.5126826242884E-63,
-1.));
#2791=DIRECTION('ref_axis',(-0.707106781186548,-0.707106781186548,1.04589167905263E-31));
#2792=DIRECTION('',(-1.4791141972894E-31,5.5126826242884E-63,-1.));
#2793=DIRECTION('center_axis',(-1.4791141972894E-31,5.5126826242884E-63,
-1.));
#2794=DIRECTION('ref_axis',(-0.707106781186548,-0.707106781186548,1.04589167905263E-31));
#2795=DIRECTION('',(1.4791141972894E-31,-5.5126826242884E-63,1.));
#2796=DIRECTION('center_axis',(1.,-1.22464679914735E-16,-1.4791141972894E-31));
#2797=DIRECTION('ref_axis',(-1.22464679914735E-16,-1.,1.81139246728386E-47));
#2798=DIRECTION('',(-1.22464679914735E-16,-1.,1.81139246728386E-47));
#2799=DIRECTION('',(1.4791141972894E-31,-5.5126826242884E-63,1.));
#2800=DIRECTION('',(-1.22464679914735E-16,-1.,1.81139246728386E-47));
#2801=DIRECTION('center_axis',(1.4791141972894E-31,-5.5126826242884E-63,
1.));
#2802=DIRECTION('ref_axis',(1.,2.33978932649127E-31,-1.4791141972894E-31));
#2803=DIRECTION('',(1.,-1.22464679914735E-16,-1.4791141972894E-31));
#2804=DIRECTION('center_axis',(-1.4791141972894E-31,5.5126826242884E-63,
-1.));
#2805=DIRECTION('ref_axis',(0.707106781186548,-0.707106781186548,-1.04589167905263E-31));
#2806=DIRECTION('',(1.22464679914735E-16,1.,-1.81139246728386E-47));
#2807=DIRECTION('center_axis',(-1.4791141972894E-31,5.5126826242884E-63,
-1.));
#2808=DIRECTION('ref_axis',(0.707106781186548,0.707106781186548,-1.04589167905263E-31));
#2809=DIRECTION('',(-1.,1.22464679914735E-16,1.4791141972894E-31));
#2810=DIRECTION('center_axis',(-1.4791141972894E-31,5.5126826242884E-63,
-1.));
#2811=DIRECTION('ref_axis',(-0.707106781186548,0.707106781186548,1.04589167905263E-31));
#2812=DIRECTION('center_axis',(-1.4791141972894E-31,5.5126826242884E-63,
-1.));
#2813=DIRECTION('ref_axis',(-0.707106781186548,0.707106781186548,1.04589167905263E-31));
#2814=DIRECTION('',(-1.4791141972894E-31,5.5126826242884E-63,-1.));
#2815=DIRECTION('center_axis',(-1.4791141972894E-31,5.5126826242884E-63,
-1.));
#2816=DIRECTION('ref_axis',(-0.707106781186548,0.707106781186548,1.04589167905263E-31));
#2817=DIRECTION('center_axis',(-1.22464679914735E-16,-1.,1.81139246728386E-47));
#2818=DIRECTION('ref_axis',(-1.,1.22464679914735E-16,1.4791141972894E-31));
#2819=DIRECTION('',(1.4791141972894E-31,-5.5126826242884E-63,1.));
#2820=DIRECTION('',(-1.,1.22464679914735E-16,1.4791141972894E-31));
#2821=DIRECTION('center_axis',(-1.4791141972894E-31,5.5126826242884E-63,
-1.));
#2822=DIRECTION('ref_axis',(0.707106781186548,0.707106781186548,-1.04589167905263E-31));
#2823=DIRECTION('',(-1.4791141972894E-31,5.5126826242884E-63,-1.));
#2824=DIRECTION('center_axis',(-1.4791141972894E-31,5.5126826242884E-63,
-1.));
#2825=DIRECTION('ref_axis',(0.707106781186548,0.707106781186548,-1.04589167905263E-31));
#2826=DIRECTION('center_axis',(-1.,1.22464679914735E-16,1.4791141972894E-31));
#2827=DIRECTION('ref_axis',(1.22464679914735E-16,1.,-1.81139246728386E-47));
#2828=DIRECTION('',(1.4791141972894E-31,-5.5126826242884E-63,1.));
#2829=DIRECTION('',(1.22464679914735E-16,1.,-1.81139246728386E-47));
#2830=DIRECTION('center_axis',(-1.4791141972894E-31,5.5126826242884E-63,
-1.));
#2831=DIRECTION('ref_axis',(-0.707106781186548,0.707106781186548,1.04589167905263E-31));
#2832=DIRECTION('center_axis',(-1.4791141972894E-31,5.5126826242884E-63,
-1.));
#2833=DIRECTION('ref_axis',(-0.707106781186548,0.707106781186548,1.04589167905263E-31));
#2834=DIRECTION('',(-1.4791141972894E-31,5.5126826242884E-63,-1.));
#2835=DIRECTION('center_axis',(-1.4791141972894E-31,5.5126826242884E-63,
-1.));
#2836=DIRECTION('ref_axis',(-0.707106781186548,0.707106781186548,1.04589167905263E-31));
#2837=DIRECTION('',(1.4791141972894E-31,-5.5126826242884E-63,1.));
#2838=DIRECTION('center_axis',(-1.22464679914735E-16,-1.,1.81139246728386E-47));
#2839=DIRECTION('ref_axis',(-1.,1.22464679914735E-16,1.4791141972894E-31));
#2840=DIRECTION('',(-1.,1.22464679914735E-16,1.4791141972894E-31));
#2841=DIRECTION('',(1.4791141972894E-31,-5.5126826242884E-63,1.));
#2842=DIRECTION('',(-1.,1.22464679914735E-16,1.4791141972894E-31));
#2843=DIRECTION('center_axis',(1.4791141972894E-31,-5.5126826242884E-63,
1.));
#2844=DIRECTION('ref_axis',(1.,2.33978932649127E-31,-1.4791141972894E-31));
#2845=DIRECTION('',(-1.22464679914735E-16,-1.,1.81139246728386E-47));
#2846=DIRECTION('center_axis',(-1.4791141972894E-31,5.5126826242884E-63,
-1.));
#2847=DIRECTION('ref_axis',(-0.707106781186548,-0.707106781186548,1.04589167905263E-31));
#2848=DIRECTION('',(1.,-1.22464679914735E-16,-1.4791141972894E-31));
#2849=DIRECTION('center_axis',(-1.4791141972894E-31,5.5126826242884E-63,
-1.));
#2850=DIRECTION('ref_axis',(0.707106781186548,-0.707106781186548,-1.04589167905263E-31));
#2851=DIRECTION('',(1.22464679914735E-16,1.,-1.81139246728386E-47));
#2852=DIRECTION('center_axis',(-1.4791141972894E-31,5.5126826242884E-63,
-1.));
#2853=DIRECTION('ref_axis',(0.707106781186548,0.707106781186548,-1.04589167905263E-31));
#2854=DIRECTION('center_axis',(-1.4791141972894E-31,5.5126826242884E-63,
-1.));
#2855=DIRECTION('ref_axis',(-0.707106781186548,-0.707106781186548,1.04589167905263E-31));
#2856=DIRECTION('',(-1.4791141972894E-31,5.5126826242884E-63,-1.));
#2857=DIRECTION('center_axis',(-1.4791141972894E-31,5.5126826242884E-63,
-1.));
#2858=DIRECTION('ref_axis',(-0.707106781186548,-0.707106781186548,1.04589167905263E-31));
#2859=DIRECTION('',(1.4791141972894E-31,-5.5126826242884E-63,1.));
#2860=DIRECTION('center_axis',(1.22464679914735E-16,1.,-1.81139246728386E-47));
#2861=DIRECTION('ref_axis',(1.,-1.22464679914735E-16,-1.4791141972894E-31));
#2862=DIRECTION('',(1.,-1.22464679914735E-16,-1.4791141972894E-31));
#2863=DIRECTION('',(-1.4791141972894E-31,5.5126826242884E-63,-1.));
#2864=DIRECTION('center_axis',(-1.4791141972894E-31,5.5126826242884E-63,
-1.));
#2865=DIRECTION('ref_axis',(0.707106781186548,-0.707106781186548,-1.04589167905263E-31));
#2866=DIRECTION('center_axis',(-1.4791141972894E-31,5.5126826242884E-63,
-1.));
#2867=DIRECTION('ref_axis',(0.707106781186548,-0.707106781186548,-1.04589167905263E-31));
#2868=DIRECTION('',(1.4791141972894E-31,-5.5126826242884E-63,1.));
#2869=DIRECTION('center_axis',(-1.4791141972894E-31,5.5126826242884E-63,
-1.));
#2870=DIRECTION('ref_axis',(0.707106781186548,0.707106781186548,-1.04589167905263E-31));
#2871=DIRECTION('',(-1.4791141972894E-31,5.5126826242884E-63,-1.));
#2872=DIRECTION('center_axis',(-1.4791141972894E-31,5.5126826242884E-63,
-1.));
#2873=DIRECTION('ref_axis',(0.707106781186548,0.707106781186548,-1.04589167905263E-31));
#2874=DIRECTION('center_axis',(-1.4791141972894E-31,5.5126826242884E-63,
-1.));
#2875=DIRECTION('ref_axis',(0.707106781186548,-0.707106781186548,-1.04589167905263E-31));
#2876=DIRECTION('',(-1.4791141972894E-31,5.5126826242884E-63,-1.));
#2877=DIRECTION('center_axis',(-1.4791141972894E-31,5.5126826242884E-63,
-1.));
#2878=DIRECTION('ref_axis',(0.707106781186548,-0.707106781186548,-1.04589167905263E-31));
#2879=DIRECTION('center_axis',(1.4791141972894E-31,-5.5126826242884E-63,
1.));
#2880=DIRECTION('ref_axis',(1.,2.33978932649127E-31,-1.4791141972894E-31));
#2881=DIRECTION('center_axis',(-1.4791141972894E-31,5.5126826242884E-63,
-1.));
#2882=DIRECTION('ref_axis',(-0.707106781186544,-0.707106781186551,1.04589167905263E-31));
#2883=DIRECTION('',(1.,2.33978932649127E-31,-1.4791141972894E-31));
#2884=DIRECTION('center_axis',(-1.4791141972894E-31,5.5126826242884E-63,
-1.));
#2885=DIRECTION('ref_axis',(0.707106781186549,-0.707106781186546,-1.04589167905263E-31));
#2886=DIRECTION('',(-2.33978932649127E-31,1.,4.01208387390827E-62));
#2887=DIRECTION('center_axis',(-1.4791141972894E-31,5.5126826242884E-63,
-1.));
#2888=DIRECTION('ref_axis',(0.707106781186548,0.707106781186547,-1.04589167905263E-31));
#2889=DIRECTION('',(-1.,-2.33978932649127E-31,1.4791141972894E-31));
#2890=DIRECTION('center_axis',(-1.4791141972894E-31,5.5126826242884E-63,
-1.));
#2891=DIRECTION('ref_axis',(-0.707106781186549,0.707106781186546,1.04589167905263E-31));
#2892=DIRECTION('',(2.33978932649127E-31,-1.,-4.01208387390827E-62));
#2893=DIRECTION('',(-1.,1.22464679914735E-16,1.4791141972894E-31));
#2894=DIRECTION('center_axis',(1.4791141972894E-31,-5.5126826242884E-63,
1.));
#2895=DIRECTION('ref_axis',(-0.707106781186547,-0.707106781186547,1.04589167905263E-31));
#2896=DIRECTION('center_axis',(1.4791141972894E-31,-5.5126826242884E-63,
1.));
#2897=DIRECTION('ref_axis',(-0.707106781186547,0.707106781186547,1.04589167905263E-31));
#2898=DIRECTION('',(1.,-1.22464679914735E-16,-1.4791141972894E-31));
#2899=DIRECTION('center_axis',(1.4791141972894E-31,-5.5126826242884E-63,
1.));
#2900=DIRECTION('ref_axis',(0.707106781186547,0.707106781186547,-1.04589167905263E-31));
#2901=DIRECTION('center_axis',(1.4791141972894E-31,-5.5126826242884E-63,
1.));
#2902=DIRECTION('ref_axis',(0.707106781186547,-0.707106781186547,-1.04589167905263E-31));
#2903=DIRECTION('center_axis',(-1.4791141972894E-31,5.5126826242884E-63,
-1.));
#2904=DIRECTION('ref_axis',(-0.707106781186547,0.707106781186547,1.04589167905263E-31));
#2905=DIRECTION('center_axis',(1.4791141972894E-31,-5.5126826242884E-63,
1.));
#2906=DIRECTION('ref_axis',(-0.707106781186547,0.707106781186547,1.04589167905263E-31));
#2907=DIRECTION('',(1.4791141972894E-31,-5.5126826242884E-63,1.));
#2908=DIRECTION('',(1.4791141972894E-31,-5.5126826242884E-63,1.));
#2909=DIRECTION('center_axis',(-1.4791141972894E-31,5.5126826242884E-63,
-1.));
#2910=DIRECTION('ref_axis',(-1.,-2.33978932649127E-31,1.4791141972894E-31));
#2911=DIRECTION('center_axis',(1.4791141972894E-31,-5.5126826242884E-63,
1.));
#2912=DIRECTION('ref_axis',(-0.707106781186547,-0.707106781186547,1.04589167905263E-31));
#2913=DIRECTION('',(-1.,1.22464679914735E-16,1.4791141972894E-31));
#2914=DIRECTION('center_axis',(1.4791141972894E-31,-5.5126826242884E-63,
1.));
#2915=DIRECTION('ref_axis',(0.707106781186547,-0.707106781186547,-1.04589167905263E-31));
#2916=DIRECTION('center_axis',(1.4791141972894E-31,-5.5126826242884E-63,
1.));
#2917=DIRECTION('ref_axis',(0.707106781186547,0.707106781186547,-1.04589167905263E-31));
#2918=DIRECTION('',(1.,-1.22464679914735E-16,-1.4791141972894E-31));
#2919=DIRECTION('',(1.22464679914735E-16,1.,-1.81139246728386E-47));
#2920=DIRECTION('',(-1.22464679914735E-16,-1.,1.81139246728386E-47));
#2921=DIRECTION('',(1.,-1.22464679914735E-16,-1.4791141972894E-31));
#2922=DIRECTION('center_axis',(-1.4791141972894E-31,5.5126826242884E-63,
-1.));
#2923=DIRECTION('ref_axis',(-0.707106781186547,-0.707106781186547,1.04589167905263E-31));
#2924=DIRECTION('',(-1.4791141972894E-31,5.5126826242884E-63,-1.));
#2925=DIRECTION('center_axis',(-1.4791141972894E-31,5.5126826242884E-63,
-1.));
#2926=DIRECTION('ref_axis',(0.707106781186547,-0.707106781186547,-1.04589167905263E-31));
#2927=DIRECTION('',(1.4791141972894E-31,-5.5126826242884E-63,1.));
#2928=DIRECTION('',(1.4791141972894E-31,-5.5126826242884E-63,1.));
#2929=DIRECTION('center_axis',(-1.4791141972894E-31,5.5126826242884E-63,
-1.));
#2930=DIRECTION('ref_axis',(0.707106781186547,0.707106781186547,-1.04589167905263E-31));
#2931=DIRECTION('',(-1.4791141972894E-31,5.5126826242884E-63,-1.));
#2932=DIRECTION('center_axis',(1.22464679914735E-16,1.,-1.81139246728386E-47));
#2933=DIRECTION('ref_axis',(1.,-1.22464679914735E-16,-1.4791141972894E-31));
#2934=DIRECTION('center_axis',(1.4791141972894E-31,-5.5126826242884E-63,
1.));
#2935=DIRECTION('ref_axis',(-0.707106781186544,-0.707106781186551,1.04589167905263E-31));
#2936=DIRECTION('',(-1.4791141972894E-31,5.5126826242884E-63,-1.));
#2937=DIRECTION('center_axis',(1.4791141972894E-31,-5.5126826242884E-63,
1.));
#2938=DIRECTION('ref_axis',(-0.707106781186544,-0.707106781186551,1.04589167905263E-31));
#2939=DIRECTION('',(1.4791141972894E-31,-5.5126826242884E-63,1.));
#2940=DIRECTION('center_axis',(2.33978932649127E-31,-1.,-4.01208387390827E-62));
#2941=DIRECTION('ref_axis',(1.,2.33978932649127E-31,-1.4791141972894E-31));
#2942=DIRECTION('',(-1.,-2.33978932649127E-31,1.4791141972894E-31));
#2943=DIRECTION('',(-1.4791141972894E-31,5.5126826242884E-63,-1.));
#2944=DIRECTION('center_axis',(1.4791141972894E-31,-5.5126826242884E-63,
1.));
#2945=DIRECTION('ref_axis',(1.,2.33978932649127E-31,-1.4791141972894E-31));
#2946=DIRECTION('',(-2.33978932649127E-31,1.,4.01208387390827E-62));
#2947=DIRECTION('center_axis',(1.4791141972894E-31,-5.5126826242884E-63,
1.));
#2948=DIRECTION('ref_axis',(-0.707106781186549,0.707106781186546,1.04589167905263E-31));
#2949=DIRECTION('',(1.,2.33978932649127E-31,-1.4791141972894E-31));
#2950=DIRECTION('center_axis',(1.4791141972894E-31,-5.5126826242884E-63,
1.));
#2951=DIRECTION('ref_axis',(0.707106781186548,0.707106781186547,-1.04589167905263E-31));
#2952=DIRECTION('',(2.33978932649127E-31,-1.,-4.01208387390827E-62));
#2953=DIRECTION('center_axis',(1.4791141972894E-31,-5.5126826242884E-63,
1.));
#2954=DIRECTION('ref_axis',(0.707106781186549,-0.707106781186546,-1.04589167905263E-31));
#2955=DIRECTION('center_axis',(1.4791141972894E-31,-5.5126826242884E-63,
1.));
#2956=DIRECTION('ref_axis',(0.707106781186549,-0.707106781186546,-1.04589167905263E-31));
#2957=DIRECTION('',(1.4791141972894E-31,-5.5126826242884E-63,1.));
#2958=DIRECTION('center_axis',(1.,2.33978932649127E-31,-1.4791141972894E-31));
#2959=DIRECTION('ref_axis',(-2.33978932649127E-31,1.,4.01208387390827E-62));
#2960=DIRECTION('',(-1.4791141972894E-31,5.5126826242884E-63,-1.));
#2961=DIRECTION('center_axis',(1.4791141972894E-31,-5.5126826242884E-63,
1.));
#2962=DIRECTION('ref_axis',(0.707106781186548,0.707106781186547,-1.04589167905263E-31));
#2963=DIRECTION('',(1.4791141972894E-31,-5.5126826242884E-63,1.));
#2964=DIRECTION('center_axis',(-2.33978932649127E-31,1.,4.01208387390827E-62));
#2965=DIRECTION('ref_axis',(-1.,-2.33978932649127E-31,1.4791141972894E-31));
#2966=DIRECTION('',(-1.4791141972894E-31,5.5126826242884E-63,-1.));
#2967=DIRECTION('center_axis',(1.4791141972894E-31,-5.5126826242884E-63,
1.));
#2968=DIRECTION('ref_axis',(-0.707106781186549,0.707106781186546,1.04589167905263E-31));
#2969=DIRECTION('',(1.4791141972894E-31,-5.5126826242884E-63,1.));
#2970=DIRECTION('center_axis',(1.22464679914735E-16,1.,-1.81139246728386E-47));
#2971=DIRECTION('ref_axis',(1.,-1.22464679914735E-16,-1.4791141972894E-31));
#2972=DIRECTION('center_axis',(1.,-1.22464679914735E-16,-1.4791141972894E-31));
#2973=DIRECTION('ref_axis',(-1.22464679914735E-16,-1.,1.81139246728386E-47));
#2974=DIRECTION('center_axis',(-1.,1.22464679914735E-16,1.4791141972894E-31));
#2975=DIRECTION('ref_axis',(1.22464679914735E-16,1.,-1.81139246728386E-47));
#2976=DIRECTION('center_axis',(-1.22464679914735E-16,-1.,1.81139246728386E-47));
#2977=DIRECTION('ref_axis',(-1.,1.22464679914735E-16,1.4791141972894E-31));
#2978=DIRECTION('center_axis',(-1.,-2.33978932649127E-31,1.4791141972894E-31));
#2979=DIRECTION('ref_axis',(2.33978932649127E-31,-1.,-4.01208387390827E-62));
#2980=DIRECTION('',(7.45999507544739E-17,-2.98406352960327E-16,1.00000000000001));
#2981=DIRECTION('',(1.,-2.16493489801905E-15,3.9204750557076E-16));
#2982=DIRECTION('',(4.87276423705288E-16,-2.98406352960326E-16,1.));
#2983=DIRECTION('',(1.,-2.2873995779338E-15,3.92047505570757E-16));
#2984=CARTESIAN_POINT('',(0.,0.,0.));
#2985=CARTESIAN_POINT('',(0.,0.,0.));
#2986=CARTESIAN_POINT('Origin',(91.9999999329448,-6.29999985918402,36.4772401030155));
#2987=CARTESIAN_POINT('',(90.9999999329448,-6.29999985918402,36.4772401030155));
#2988=CARTESIAN_POINT('Origin',(91.9999999329448,-6.29999985918402,36.4772401030155));
#2989=CARTESIAN_POINT('',(90.9999999329448,-6.29999985918402,39.4772401030155));
#2990=CARTESIAN_POINT('',(90.9999999329448,-6.29999985918402,36.4772401030155));
#2991=CARTESIAN_POINT('Origin',(91.9999999329448,-6.29999985918402,39.4772401030155));
#2992=CARTESIAN_POINT('Origin',(42.4858889404038,-6.84134857171129,36.4772401030155));
#2993=CARTESIAN_POINT('',(41.4858889404038,-6.84134857171129,36.4772401030155));
#2994=CARTESIAN_POINT('Origin',(42.4858889404038,-6.84134857171129,36.4772401030155));
#2995=CARTESIAN_POINT('',(41.4858889404038,-6.84134857171129,39.4772401030155));
#2996=CARTESIAN_POINT('',(41.4858889404038,-6.84134857171129,36.4772401030155));
#2997=CARTESIAN_POINT('Origin',(42.4858889404038,-6.84134857171129,39.4772401030155));
#2998=CARTESIAN_POINT('Origin',(92.0000000447035,-35.0000005215406,36.4772401030155));
#2999=CARTESIAN_POINT('',(91.0000000298023,-35.0000005215406,36.4772401030155));
#3000=CARTESIAN_POINT('Origin',(92.0000000447035,-35.0000005215406,36.4772401030155));
#3001=CARTESIAN_POINT('',(91.0000000298023,-35.0000005215406,39.4772401030155));
#3002=CARTESIAN_POINT('',(91.0000000298023,-35.0000005215406,36.4772401030155));
#3003=CARTESIAN_POINT('Origin',(92.0000000447035,-35.0000005215406,39.4772401030155));
#3004=CARTESIAN_POINT('Origin',(42.9999993145466,-35.0000005215406,36.4772401030155));
#3005=CARTESIAN_POINT('',(41.9999993145466,-35.0000005215406,36.4772401030155));
#3006=CARTESIAN_POINT('Origin',(42.9999993145466,-35.0000005215406,36.4772401030155));
#3007=CARTESIAN_POINT('',(41.9999993145466,-35.0000005215406,39.4772401030155));
#3008=CARTESIAN_POINT('',(41.9999993145466,-35.0000005215406,36.4772401030155));
#3009=CARTESIAN_POINT('Origin',(42.9999993145466,-35.0000005215406,39.4772401030155));
#3010=CARTESIAN_POINT('Origin',(38.2873150930549,-39.5086379595318,39.4772401030155));
#3011=CARTESIAN_POINT('',(38.2873150930549,-41.5086379595318,47.4772401030155));
#3012=CARTESIAN_POINT('',(36.2873150930549,-39.5086379595318,47.4772401030155));
#3013=CARTESIAN_POINT('Origin',(38.2873150930549,-39.5086379595318,47.4772401030155));
#3014=CARTESIAN_POINT('',(36.2873150930549,-39.5086379595318,36.4772401030155));
#3015=CARTESIAN_POINT('',(36.2873150930549,-39.5086379595318,39.4772401030155));
#3016=CARTESIAN_POINT('',(38.2873150930549,-41.5086379595318,36.4772401030155));
#3017=CARTESIAN_POINT('Origin',(38.2873150930549,-39.5086379595318,36.4772401030155));
#3018=CARTESIAN_POINT('',(38.2873150930549,-41.5086379595318,39.4772401030155));
#3019=CARTESIAN_POINT('Origin',(67.2873150930549,-21.5086379595318,47.4772401030155));
#3020=CARTESIAN_POINT('',(96.2873150930549,-41.5086379595318,47.4772401030155));
#3021=CARTESIAN_POINT('',(36.2873150930549,-41.5086379595318,47.4772401030155));
#3022=CARTESIAN_POINT('',(98.2873150930549,-39.5086379595318,47.4772401030155));
#3023=CARTESIAN_POINT('Origin',(96.2873150930549,-39.5086379595318,47.4772401030155));
#3024=CARTESIAN_POINT('',(98.2873150930549,-3.5086379595318,47.4772401030155));
#3025=CARTESIAN_POINT('',(98.2873150930549,-41.5086379595318,47.4772401030155));
#3026=CARTESIAN_POINT('',(96.2873150930549,-1.5086379595318,47.4772401030155));
#3027=CARTESIAN_POINT('Origin',(96.2873150930549,-3.5086379595318,47.4772401030155));
#3028=CARTESIAN_POINT('',(38.2873150930549,-1.5086379595318,47.4772401030155));
#3029=CARTESIAN_POINT('',(98.2873150930549,-1.5086379595318,47.4772401030155));
#3030=CARTESIAN_POINT('',(36.2873150930549,-3.5086379595318,47.4772401030155));
#3031=CARTESIAN_POINT('Origin',(38.2873150930549,-3.5086379595318,47.4772401030155));
#3032=CARTESIAN_POINT('',(36.2873150930549,-1.5086379595318,47.4772401030155));
#3033=CARTESIAN_POINT('',(39.9999985992908,-4.49451545583499,47.4772401030155));
#3034=CARTESIAN_POINT('',(93.9999994039536,-4.49451545583499,47.4772401030155));
#3035=CARTESIAN_POINT('',(39.9999985992908,-4.49451545583499,47.4772401030155));
#3036=CARTESIAN_POINT('',(93.9999994039536,-38.4945159624745,47.4772401030155));
#3037=CARTESIAN_POINT('',(93.9999994039536,-4.49451545583499,47.4772401030155));
#3038=CARTESIAN_POINT('',(39.9999985992908,-38.4945159624745,47.4772401030155));
#3039=CARTESIAN_POINT('',(93.9999994039536,-38.4945159624745,47.4772401030155));
#3040=CARTESIAN_POINT('',(39.9999985992908,-38.4945159624745,47.4772401030155));
#3041=CARTESIAN_POINT('Origin',(94.2873150930549,-41.5086379595318,39.4772401030155));
#3042=CARTESIAN_POINT('',(96.2873150930549,-41.5086379595318,36.4772401030155));
#3043=CARTESIAN_POINT('',(94.2873150930549,-41.5086379595318,36.4772401030155));
#3044=CARTESIAN_POINT('',(96.2873150930549,-41.5086379595318,39.4772401030155));
#3045=CARTESIAN_POINT('',(82.6665316278493,-41.5086379595318,43.377239993492));
#3046=CARTESIAN_POINT('',(82.6665316278493,-41.5086379595318,40.0772400672528));
#3047=CARTESIAN_POINT('',(82.6665316278493,-41.5086379595318,41.4272400482538));
#3048=CARTESIAN_POINT('',(73.666531829015,-41.5086379595318,40.0772400672528));
#3049=CARTESIAN_POINT('',(88.4769233604521,-41.5086379595318,40.0772400672528));
#3050=CARTESIAN_POINT('',(73.666531829015,-41.5086379595318,43.377239993492));
#3051=CARTESIAN_POINT('',(73.666531829015,-41.5086379595318,39.7772400851342));
#3052=CARTESIAN_POINT('',(83.976923461035,-41.5086379595318,43.377239993492));
#3053=CARTESIAN_POINT('',(53.4665316278493,-41.5086379595318,43.377239993492));
#3054=CARTESIAN_POINT('',(53.4665316278493,-41.5086379595318,40.0772400672528));
#3055=CARTESIAN_POINT('',(53.4665316278493,-41.5086379595318,41.4272400482538));
#3056=CARTESIAN_POINT('',(44.466531829015,-41.5086379595318,40.0772400672528));
#3057=CARTESIAN_POINT('',(73.8769233604521,-41.5086379595318,40.0772400672528));
#3058=CARTESIAN_POINT('',(44.466531829015,-41.5086379595318,43.377239993492));
#3059=CARTESIAN_POINT('',(44.466531829015,-41.5086379595318,39.7772400851342));
#3060=CARTESIAN_POINT('',(69.376923461035,-41.5086379595318,43.377239993492));
#3061=CARTESIAN_POINT('Origin',(96.2873150930549,-39.5086379595318,39.4772401030155));
#3062=CARTESIAN_POINT('',(98.2873150930549,-39.5086379595318,36.4772401030155));
#3063=CARTESIAN_POINT('Origin',(96.2873150930549,-39.5086379595318,36.4772401030155));
#3064=CARTESIAN_POINT('',(98.2873150930549,-39.5086379595318,39.4772401030155));
#3065=CARTESIAN_POINT('Origin',(96.2873150930549,-3.5086379595318,39.4772401030155));
#3066=CARTESIAN_POINT('',(98.2873150930549,-3.5086379595318,36.4772401030155));
#3067=CARTESIAN_POINT('',(98.2873150930549,-3.5086379595318,39.4772401030155));
#3068=CARTESIAN_POINT('',(96.2873150930549,-1.5086379595318,36.4772401030155));
#3069=CARTESIAN_POINT('Origin',(96.2873150930549,-3.5086379595318,36.4772401030155));
#3070=CARTESIAN_POINT('',(96.2873150930549,-1.5086379595318,39.4772401030155));
#3071=CARTESIAN_POINT('Origin',(40.2873150930549,-1.5086379595318,39.4772401030155));
#3072=CARTESIAN_POINT('',(38.2873150930549,-1.5086379595318,36.4772401030155));
#3073=CARTESIAN_POINT('',(94.2873150930549,-1.5086379595318,36.4772401030155));
#3074=CARTESIAN_POINT('',(38.2873150930549,-1.5086379595318,39.4772401030155));
#3075=CARTESIAN_POINT('',(42.7976568569325,-1.5086379595318,46.6772399197313));
#3076=CARTESIAN_POINT('',(42.7976568569325,-1.5086379595318,40.9804245179559));
#3077=CARTESIAN_POINT('',(42.7976568569325,-1.5086379595318,43.0772400113734));
#3078=CARTESIAN_POINT('',(56.0665315697348,-1.5086379595318,40.9804245179559));
#3079=CARTESIAN_POINT('',(41.5424859749937,-1.5086379595318,40.9804245179559));
#3080=CARTESIAN_POINT('',(56.0665315697348,-1.5086379595318,46.6772399197313));
#3081=CARTESIAN_POINT('',(56.0665315697348,-1.5086379595318,40.2288323104857));
#3082=CARTESIAN_POINT('',(48.1769233313949,-1.5086379595318,46.6772399197313));
#3083=CARTESIAN_POINT('',(71.4149415121147,-1.5086379595318,46.6539960924005));
#3084=CARTESIAN_POINT('',(71.4149415121147,-1.5086379595318,40.9858780625473));
#3085=CARTESIAN_POINT('',(71.4149415121147,-1.5086379595318,43.065618097708));
#3086=CARTESIAN_POINT('',(84.6175091182361,-1.5086379595318,40.9858780625473));
#3087=CARTESIAN_POINT('',(55.8511283025848,-1.5086379595318,40.9858780625473));
#3088=CARTESIAN_POINT('',(84.6175091182361,-1.5086379595318,46.6539960924005));
#3089=CARTESIAN_POINT('',(84.6175091182361,-1.5086379595318,40.2315590827814));
#3090=CARTESIAN_POINT('',(62.4524121056455,-1.5086379595318,46.6539960924005));
#3091=CARTESIAN_POINT('Origin',(67.2873150930549,-21.5086379595318,36.4772401030155));
#3092=CARTESIAN_POINT('',(36.2873150930549,-3.5086379595318,36.4772401030155));
#3093=CARTESIAN_POINT('',(36.2873150930549,-37.5086379595318,36.4772401030155));
#3094=CARTESIAN_POINT('Origin',(38.2873150930549,-3.5086379595318,36.4772401030155));
#3095=CARTESIAN_POINT('',(98.2873150930549,-5.5086379595318,36.4772401030155));
#3096=CARTESIAN_POINT('Origin',(38.2873150930549,-3.5086379595318,39.4772401030155));
#3097=CARTESIAN_POINT('',(36.2873150930549,-3.5086379595318,39.4772401030155));
#3098=CARTESIAN_POINT('Origin',(98.2873150930549,-17.2316385763032,43.4772401775213));
#3099=CARTESIAN_POINT('',(98.2873150930549,-17.2316385763032,43.4772401775213));
#3100=CARTESIAN_POINT('',(98.2873150930549,-17.2316385763032,40.1772401775213));
#3101=CARTESIAN_POINT('',(98.2873150930549,-17.2316385763032,41.4772401402684));
#3102=CARTESIAN_POINT('',(93.9999994039536,-17.2316385763032,43.4772401775213));
#3103=CARTESIAN_POINT('',(98.2873150930549,-17.2316385763032,43.4772401775213));
#3104=CARTESIAN_POINT('',(93.9999994039536,-17.2316385763032,40.1772401775213));
#3105=CARTESIAN_POINT('',(93.9999994039536,-17.2316385763032,41.4772401402684));
#3106=CARTESIAN_POINT('',(98.2873150930549,-17.2316385763032,40.1772401775213));
#3107=CARTESIAN_POINT('Origin',(98.2873150930549,-26.2316385763032,43.4772401775213));
#3108=CARTESIAN_POINT('',(98.2873150930549,-26.2316385763032,43.4772401775213));
#3109=CARTESIAN_POINT('',(98.2873150930549,-15.8701382679175,43.4772401775213));
#3110=CARTESIAN_POINT('',(93.9999994039536,-26.2316385763032,43.4772401775213));
#3111=CARTESIAN_POINT('',(98.2873150930549,-26.2316385763032,43.4772401775213));
#3112=CARTESIAN_POINT('',(93.9999994039536,-15.3630770160691,43.4772401775213));
#3113=CARTESIAN_POINT('Origin',(98.2873150930549,-26.2316385763032,40.1772401775213));
#3114=CARTESIAN_POINT('',(98.2873150930549,-26.2316385763032,40.1772401775213));
#3115=CARTESIAN_POINT('',(98.2873150930549,-26.2316385763032,39.8272401402684));
#3116=CARTESIAN_POINT('',(93.9999994039536,-26.2316385763032,40.1772401775213));
#3117=CARTESIAN_POINT('',(98.2873150930549,-26.2316385763032,40.1772401775213));
#3118=CARTESIAN_POINT('',(93.9999994039536,-26.2316385763032,39.8272401402684));
#3119=CARTESIAN_POINT('Origin',(98.2873150930549,-17.2316385763032,40.1772401775213));
#3120=CARTESIAN_POINT('',(98.2873150930549,-11.3701382679175,40.1772401775213));
#3121=CARTESIAN_POINT('',(93.9999994039536,-10.8630770160691,40.1772401775213));
#3122=CARTESIAN_POINT('Origin',(82.6665316278493,-41.5086379595318,43.377239993492));
#3123=CARTESIAN_POINT('',(82.6665316278493,-38.5086379595318,43.377239993492));
#3124=CARTESIAN_POINT('',(82.6665316278493,-41.5086379595318,43.377239993492));
#3125=CARTESIAN_POINT('',(82.6665316278493,-38.5086379595318,40.0772400672528));
#3126=CARTESIAN_POINT('',(82.6665316278493,-38.5086379595318,43.377239993492));
#3127=CARTESIAN_POINT('',(82.6665316278493,-41.5086379595318,40.0772400672528));
#3128=CARTESIAN_POINT('Origin',(73.666531829015,-41.5086379595318,43.377239993492));
#3129=CARTESIAN_POINT('',(73.666531829015,-38.5086379595318,43.377239993492));
#3130=CARTESIAN_POINT('',(73.666531829015,-41.5086379595318,43.377239993492));
#3131=CARTESIAN_POINT('',(73.666531829015,-38.5086379595318,43.377239993492));
#3132=CARTESIAN_POINT('Origin',(73.666531829015,-41.5086379595318,40.0772400672528));
#3133=CARTESIAN_POINT('',(73.666531829015,-38.5086379595318,40.0772400672528));
#3134=CARTESIAN_POINT('',(73.666531829015,-41.5086379595318,40.0772400672528));
#3135=CARTESIAN_POINT('',(73.666531829015,-38.5086379595318,40.0772400672528));
#3136=CARTESIAN_POINT('Origin',(82.6665316278493,-41.5086379595318,40.0772400672528));
#3137=CARTESIAN_POINT('',(82.6665316278493,-38.5086379595318,40.0772400672528));
#3138=CARTESIAN_POINT('Origin',(78.1665317284322,-38.5086379595318,41.7272400303724));
#3139=CARTESIAN_POINT('Origin',(53.4665316278493,-41.5086379595318,43.377239993492));
#3140=CARTESIAN_POINT('',(53.4665316278493,-38.5086379595318,43.377239993492));
#3141=CARTESIAN_POINT('',(53.4665316278493,-41.5086379595318,43.377239993492));
#3142=CARTESIAN_POINT('',(53.4665316278493,-38.5086379595318,40.0772400672528));
#3143=CARTESIAN_POINT('',(53.4665316278493,-38.5086379595318,43.377239993492));
#3144=CARTESIAN_POINT('',(53.4665316278493,-41.5086379595318,40.0772400672528));
#3145=CARTESIAN_POINT('Origin',(44.466531829015,-41.5086379595318,43.377239993492));
#3146=CARTESIAN_POINT('',(44.466531829015,-38.5086379595318,43.377239993492));
#3147=CARTESIAN_POINT('',(44.466531829015,-41.5086379595318,43.377239993492));
#3148=CARTESIAN_POINT('',(44.466531829015,-38.5086379595318,43.377239993492));
#3149=CARTESIAN_POINT('Origin',(44.466531829015,-41.5086379595318,40.0772400672528));
#3150=CARTESIAN_POINT('',(44.466531829015,-38.5086379595318,40.0772400672528));
#3151=CARTESIAN_POINT('',(44.466531829015,-41.5086379595318,40.0772400672528));
#3152=CARTESIAN_POINT('',(44.466531829015,-38.5086379595318,40.0772400672528));
#3153=CARTESIAN_POINT('Origin',(53.4665316278493,-41.5086379595318,40.0772400672528));
#3154=CARTESIAN_POINT('',(53.4665316278493,-38.5086379595318,40.0772400672528));
#3155=CARTESIAN_POINT('Origin',(48.9665317284322,-38.5086379595318,41.7272400303724));
#3156=CARTESIAN_POINT('Origin',(56.0665315697348,-1.5086379595318,40.9804245179559));
#3157=CARTESIAN_POINT('',(56.0665315697348,-4.49451545583499,46.6772399197313));
#3158=CARTESIAN_POINT('',(56.0665315697348,-4.49451545583499,40.9804245179559));
#3159=CARTESIAN_POINT('',(56.0665315697348,-4.49451545583499,40.2288323104857));
#3160=CARTESIAN_POINT('',(56.0665315697348,-1.5086379595318,46.6772399197313));
#3161=CARTESIAN_POINT('',(56.0665315697348,-1.5086379595318,40.9804245179559));
#3162=CARTESIAN_POINT('Origin',(42.7976568569325,-1.5086379595318,40.9804245179559));
#3163=CARTESIAN_POINT('',(42.7976568569325,-4.49451545583499,40.9804245179559));
#3164=CARTESIAN_POINT('',(41.3988277281117,-4.49451545583499,40.9804245179559));
#3165=CARTESIAN_POINT('',(42.7976568569325,-1.5086379595318,40.9804245179559));
#3166=CARTESIAN_POINT('Origin',(42.7976568569325,-1.5086379595318,46.6772399197313));
#3167=CARTESIAN_POINT('',(42.7976568569325,-4.49451545583499,46.6772399197313));
#3168=CARTESIAN_POINT('',(42.7976568569325,-4.49451545583499,43.0772400113734));
#3169=CARTESIAN_POINT('',(42.7976568569325,-1.5086379595318,46.6772399197313));
#3170=CARTESIAN_POINT('Origin',(56.0665315697348,-1.5086379595318,46.6772399197313));
#3171=CARTESIAN_POINT('',(48.0332650845128,-4.49451545583499,46.6772399197313));
#3172=CARTESIAN_POINT('Origin',(67.2873150930549,-21.5086379595318,39.4772401030155));
#3173=CARTESIAN_POINT('',(93.9999994039536,-4.49451545583499,39.4772401030155));
#3174=CARTESIAN_POINT('',(39.9999985992908,-4.49451545583499,39.4772401030155));
#3175=CARTESIAN_POINT('',(53.6436568461729,-4.49451545583499,39.4772401030155));
#3176=CARTESIAN_POINT('',(39.9999985992908,-38.4945159624745,39.4772401030155));
#3177=CARTESIAN_POINT('',(39.9999985992908,-30.0015769610031,39.4772401030155));
#3178=CARTESIAN_POINT('',(93.9999994039536,-38.4945159624745,39.4772401030155));
#3179=CARTESIAN_POINT('',(80.6436572485042,-38.4945159624745,39.4772401030155));
#3180=CARTESIAN_POINT('',(93.9999994039536,-13.0015767076834,39.4772401030155));
#3181=CARTESIAN_POINT('Origin',(39.9999985992908,-4.49451545583499,39.4772401030155));
#3182=CARTESIAN_POINT('',(93.9999994039536,-4.49451545583499,39.4772401030155));
#3183=CARTESIAN_POINT('',(39.9999985992908,-4.49451545583499,39.4772401030155));
#3184=CARTESIAN_POINT('',(71.4149415121147,-4.49451545583499,40.9858780625473));
#3185=CARTESIAN_POINT('',(71.4149415121147,-4.49451545583499,46.6539960924005));
#3186=CARTESIAN_POINT('',(71.4149415121147,-4.49451545583499,43.065618097708));
#3187=CARTESIAN_POINT('',(84.6175091182361,-4.49451545583499,46.6539960924005));
#3188=CARTESIAN_POINT('',(62.3087538587635,-4.49451545583499,46.6539960924005));
#3189=CARTESIAN_POINT('',(84.6175091182361,-4.49451545583499,40.9858780625473));
#3190=CARTESIAN_POINT('',(84.6175091182361,-4.49451545583499,40.2315590827814));
#3191=CARTESIAN_POINT('',(55.7074700557028,-4.49451545583499,40.9858780625473));
#3192=CARTESIAN_POINT('Origin',(84.6175091182361,-1.5086379595318,40.9858780625473));
#3193=CARTESIAN_POINT('',(84.6175091182361,-1.5086379595318,46.6539960924005));
#3194=CARTESIAN_POINT('',(84.6175091182361,-1.5086379595318,40.9858780625473));
#3195=CARTESIAN_POINT('Origin',(71.4149415121147,-1.5086379595318,40.9858780625473));
#3196=CARTESIAN_POINT('',(71.4149415121147,-1.5086379595318,40.9858780625473));
#3197=CARTESIAN_POINT('Origin',(71.4149415121147,-1.5086379595318,46.6539960924005));
#3198=CARTESIAN_POINT('',(71.4149415121147,-1.5086379595318,46.6539960924005));
#3199=CARTESIAN_POINT('Origin',(84.6175091182361,-1.5086379595318,46.6539960924005));
#3200=CARTESIAN_POINT('Origin',(39.9999985992908,-38.4945159624745,39.4772401030155));
#3201=CARTESIAN_POINT('',(39.9999985992908,-38.4945159624745,39.4772401030155));
#3202=CARTESIAN_POINT('Origin',(93.9999994039536,-38.4945159624745,39.4772401030155));
#3203=CARTESIAN_POINT('',(93.9999994039536,-38.4945159624745,39.4772401030155));
#3204=CARTESIAN_POINT('Origin',(93.9999994039536,-4.49451545583499,39.4772401030155));
#3205=CARTESIAN_POINT('Origin',(98.2873150930549,-5.5086379595318,39.4772401030155));
#3206=CARTESIAN_POINT('Origin',(36.2873150930549,-37.5086379595318,39.4772401030155));
#3207=CARTESIAN_POINT('',(0.,0.,0.));
#3208=CARTESIAN_POINT('Origin',(85.7207576762089,-7.97014714466433,-10.9999999999998));
#3209=CARTESIAN_POINT('',(84.7207576762089,-7.97014714466434,2.57571741713036E-15));
#3210=CARTESIAN_POINT('Origin',(85.7207576762089,-7.97014714466434,2.22044604925031E-15));
#3211=CARTESIAN_POINT('',(84.7207576762089,-7.97014714466434,2.));
#3212=CARTESIAN_POINT('',(84.7207576762089,-7.97014714466433,-10.9999999999998));
#3213=CARTESIAN_POINT('Origin',(85.7207576762089,-7.97014714466434,2.));
#3214=CARTESIAN_POINT('Origin',(85.7207577879677,-36.670147807021,-10.9999999999998));
#3215=CARTESIAN_POINT('',(84.7207577730666,-36.670147807021,-1.74082970208285E-14));
#3216=CARTESIAN_POINT('Origin',(85.7207577879677,-36.670147807021,-1.77635683940025E-14));
#3217=CARTESIAN_POINT('',(84.7207577730666,-36.670147807021,1.99999999999998));
#3218=CARTESIAN_POINT('',(84.7207577730666,-36.670147807021,-10.9999999999998));
#3219=CARTESIAN_POINT('Origin',(85.7207577879677,-36.670147807021,1.99999999999998));
#3220=CARTESIAN_POINT('Origin',(36.2066466836677,-8.5114958571916,-10.9999999999997));
#3221=CARTESIAN_POINT('',(35.2066466836677,-8.51149585719161,2.04281036531029E-14));
#3222=CARTESIAN_POINT('Origin',(36.2066466836677,-8.5114958571916,1.99840144432528E-14));
#3223=CARTESIAN_POINT('',(35.2066466836677,-8.51149585719161,2.00000000000002));
#3224=CARTESIAN_POINT('',(35.2066466836677,-8.5114958571916,-10.9999999999997));
#3225=CARTESIAN_POINT('Origin',(36.2066466836677,-8.5114958571916,2.00000000000002));
#3226=CARTESIAN_POINT('Origin',(36.7207570578106,-36.670147807021,-10.9999999999997));
#3227=CARTESIAN_POINT('',(35.7207570578106,-36.670147807021,4.44089209850063E-16));
#3228=CARTESIAN_POINT('Origin',(36.7207570578106,-36.670147807021,0.));
#3229=CARTESIAN_POINT('',(35.7207570578106,-36.670147807021,2.));
#3230=CARTESIAN_POINT('',(35.7207570578106,-36.670147807021,-10.9999999999997));
#3231=CARTESIAN_POINT('Origin',(36.7207570578106,-36.670147807021,2.));
#3232=CARTESIAN_POINT('Origin',(41.5999687415316,-30.6876633804385,1.));
#3233=CARTESIAN_POINT('',(43.5999687415316,-30.6876633804385,3.));
#3234=CARTESIAN_POINT('Origin',(41.5999687415316,-30.6876633804385,3.));
#3235=CARTESIAN_POINT('',(43.5999687415316,-30.6876633804385,2.));
#3236=CARTESIAN_POINT('',(43.5999687415316,-30.6876633804385,1.));
#3237=CARTESIAN_POINT('Origin',(41.5999687415316,-30.6876633804385,2.));
#3238=CARTESIAN_POINT('Origin',(41.5999687415316,-30.6876633804385,3.));
#3239=CARTESIAN_POINT('Origin',(41.5999687415316,-20.6876632165257,1.));
#3240=CARTESIAN_POINT('',(43.5999687713339,-20.6876632165257,3.));
#3241=CARTESIAN_POINT('Origin',(41.5999687415316,-20.6876632165257,3.));
#3242=CARTESIAN_POINT('',(43.5999687713339,-20.6876632165257,2.));
#3243=CARTESIAN_POINT('',(43.5999687713339,-20.6876632165257,1.));
#3244=CARTESIAN_POINT('Origin',(41.5999687415316,-20.6876632165257,2.));
#3245=CARTESIAN_POINT('Origin',(41.5999687415316,-20.6876632165257,3.));
#3246=CARTESIAN_POINT('Origin',(46.5999688160374,-25.6876632910315,1.));
#3247=CARTESIAN_POINT('',(48.5999688458397,-25.6876632910315,3.));
#3248=CARTESIAN_POINT('Origin',(46.5999688160374,-25.6876632910315,3.));
#3249=CARTESIAN_POINT('',(48.5999688458397,-25.6876632910315,2.));
#3250=CARTESIAN_POINT('',(48.5999688458397,-25.6876632910315,1.));
#3251=CARTESIAN_POINT('Origin',(46.5999688160374,-25.6876632910315,2.));
#3252=CARTESIAN_POINT('Origin',(46.5999688160374,-25.6876632910315,3.));
#3253=CARTESIAN_POINT('Origin',(36.5999686670258,-25.6876632910315,1.));
#3254=CARTESIAN_POINT('',(38.5999686968281,-25.6876632910315,3.));
#3255=CARTESIAN_POINT('Origin',(36.5999686670258,-25.6876632910315,3.));
#3256=CARTESIAN_POINT('',(38.5999686968281,-25.6876632910315,2.));
#3257=CARTESIAN_POINT('',(38.5999686968281,-25.6876632910315,1.));
#3258=CARTESIAN_POINT('Origin',(36.5999686670258,-25.6876632910315,2.));
#3259=CARTESIAN_POINT('Origin',(36.5999686670258,-25.6876632910315,3.));
#3260=CARTESIAN_POINT('Origin',(79.5999692630722,-31.6876633655373,1.));
#3261=CARTESIAN_POINT('',(79.5999692630722,-28.6876632910315,2.));
#3262=CARTESIAN_POINT('',(79.5999692630722,-31.6876633655373,2.));
#3263=CARTESIAN_POINT('',(79.5999692630722,-25.4261630161734,2.));
#3264=CARTESIAN_POINT('',(79.5999692630722,-28.6876632910315,3.));
#3265=CARTESIAN_POINT('',(79.5999692630722,-28.6876632910315,1.));
#3266=CARTESIAN_POINT('',(79.5999692630722,-31.6876633655373,3.));
#3267=CARTESIAN_POINT('',(79.5999692630722,-27.6876632910315,3.));
#3268=CARTESIAN_POINT('',(79.5999692630722,-31.6876633655373,1.));
#3269=CARTESIAN_POINT('Origin',(80.5999692630722,-28.6876632910315,1.));
#3270=CARTESIAN_POINT('',(80.5999692630722,-27.6876632910315,2.));
#3271=CARTESIAN_POINT('Origin',(80.5999692630722,-28.6876632910315,2.));
#3272=CARTESIAN_POINT('',(80.5999692630722,-27.6876632910315,3.));
#3273=CARTESIAN_POINT('',(80.5999692630722,-27.6876632910315,1.));
#3274=CARTESIAN_POINT('Origin',(80.5999692630722,-28.6876632910315,3.));
#3275=CARTESIAN_POINT('Origin',(80.5999692630722,-27.6876632910315,1.));
#3276=CARTESIAN_POINT('',(83.599969337578,-27.6876632910315,2.));
#3277=CARTESIAN_POINT('',(72.6603630412319,-27.6876632910315,2.));
#3278=CARTESIAN_POINT('',(83.599969337578,-27.6876632910315,3.));
#3279=CARTESIAN_POINT('',(83.599969337578,-27.6876632910315,1.));
#3280=CARTESIAN_POINT('',(84.599969337578,-27.6876632910315,3.));
#3281=CARTESIAN_POINT('Origin',(83.599969337578,-26.6876632910315,1.));
#3282=CARTESIAN_POINT('',(84.599969337578,-26.6876632910315,2.));
#3283=CARTESIAN_POINT('Origin',(83.599969337578,-26.6876632910315,2.));
#3284=CARTESIAN_POINT('',(84.599969337578,-26.6876632910315,3.));
#3285=CARTESIAN_POINT('',(84.599969337578,-26.6876632910315,1.));
#3286=CARTESIAN_POINT('Origin',(83.599969337578,-26.6876632910315,3.));
#3287=CARTESIAN_POINT('Origin',(84.599969337578,-26.6876632910315,1.));
#3288=CARTESIAN_POINT('',(84.599969337578,-23.6876632165257,2.));
#3289=CARTESIAN_POINT('',(84.599969337578,-22.9261629789205,2.));
#3290=CARTESIAN_POINT('',(84.599969337578,-23.6876632165257,3.));
#3291=CARTESIAN_POINT('',(84.599969337578,-23.6876632165257,1.));
#3292=CARTESIAN_POINT('',(84.599969337578,-22.6876632165257,3.));
#3293=CARTESIAN_POINT('Origin',(83.599969337578,-23.6876632165257,1.));
#3294=CARTESIAN_POINT('',(83.599969337578,-22.6876632165257,2.));
#3295=CARTESIAN_POINT('Origin',(83.599969337578,-23.6876632165257,2.));
#3296=CARTESIAN_POINT('',(83.599969337578,-22.6876632165257,3.));
#3297=CARTESIAN_POINT('',(83.599969337578,-22.6876632165257,1.));
#3298=CARTESIAN_POINT('Origin',(83.599969337578,-23.6876632165257,3.));
#3299=CARTESIAN_POINT('Origin',(83.599969337578,-22.6876632165257,1.));
#3300=CARTESIAN_POINT('',(80.5999692630722,-22.6876632165257,2.));
#3301=CARTESIAN_POINT('',(70.160363003979,-22.6876632165257,2.));
#3302=CARTESIAN_POINT('',(80.5999692630722,-22.6876632165257,3.));
#3303=CARTESIAN_POINT('',(80.5999692630722,-22.6876632165257,1.));
#3304=CARTESIAN_POINT('',(79.5999692630722,-22.6876632165257,3.));
#3305=CARTESIAN_POINT('Origin',(80.5999692630722,-21.6876632165257,1.));
#3306=CARTESIAN_POINT('',(79.5999692630722,-21.6876632165257,2.));
#3307=CARTESIAN_POINT('Origin',(80.5999692630722,-21.6876632165257,2.));
#3308=CARTESIAN_POINT('',(79.5999692630722,-21.6876632165257,3.));
#3309=CARTESIAN_POINT('',(79.5999692630722,-21.6876632165257,1.));
#3310=CARTESIAN_POINT('Origin',(80.5999692630722,-21.6876632165257,3.));
#3311=CARTESIAN_POINT('Origin',(79.5999692630722,-21.6876632165257,1.));
#3312=CARTESIAN_POINT('',(79.5999692630722,-18.6876631420199,2.));
#3313=CARTESIAN_POINT('',(79.5999692630722,-20.4261629416676,2.));
#3314=CARTESIAN_POINT('',(79.5999692630722,-18.6876631420199,3.));
#3315=CARTESIAN_POINT('',(79.5999692630722,-18.6876631420199,1.));
#3316=CARTESIAN_POINT('',(79.5999692630722,-17.6876631420199,3.));
#3317=CARTESIAN_POINT('Origin',(78.5999692630722,-18.6876631420199,1.));
#3318=CARTESIAN_POINT('',(78.5999692630722,-17.6876631420199,2.));
#3319=CARTESIAN_POINT('Origin',(78.5999692630722,-18.6876631420199,2.));
#3320=CARTESIAN_POINT('',(78.5999692630722,-17.6876631420199,3.));
#3321=CARTESIAN_POINT('',(78.5999692630722,-17.6876631420199,1.));
#3322=CARTESIAN_POINT('Origin',(78.5999692630722,-18.6876631420199,3.));
#3323=CARTESIAN_POINT('Origin',(78.5999692630722,-17.6876631420199,1.));
#3324=CARTESIAN_POINT('',(75.5999691885664,-17.6876631420199,2.));
#3325=CARTESIAN_POINT('',(67.6603629667261,-17.6876631420199,2.));
#3326=CARTESIAN_POINT('',(75.5999691885664,-17.6876631420199,3.));
#3327=CARTESIAN_POINT('',(75.5999691885664,-17.6876631420199,1.));
#3328=CARTESIAN_POINT('',(74.5999691885664,-17.6876631420199,3.));
#3329=CARTESIAN_POINT('Origin',(75.5999691885664,-18.6876631420199,1.));
#3330=CARTESIAN_POINT('',(74.5999691885664,-18.6876631420199,2.));
#3331=CARTESIAN_POINT('Origin',(75.5999691885664,-18.6876631420199,2.));
#3332=CARTESIAN_POINT('',(74.5999691885664,-18.6876631420199,3.));
#3333=CARTESIAN_POINT('',(74.5999691885664,-18.6876631420199,1.));
#3334=CARTESIAN_POINT('Origin',(75.5999691885664,-18.6876631420199,3.));
#3335=CARTESIAN_POINT('Origin',(78.5999692630722,-31.6876633655373,1.));
#3336=CARTESIAN_POINT('',(78.5999692630722,-32.6876633655373,2.));
#3337=CARTESIAN_POINT('Origin',(78.5999692630722,-31.6876633655373,2.));
#3338=CARTESIAN_POINT('',(78.5999692630722,-32.6876633655373,3.));
#3339=CARTESIAN_POINT('Origin',(78.5999692630722,-31.6876633655373,3.));
#3340=CARTESIAN_POINT('',(78.5999692630722,-32.6876633655373,1.));
#3341=CARTESIAN_POINT('Origin',(75.5999691885664,-32.6876633655373,1.));
#3342=CARTESIAN_POINT('',(75.5999691885664,-32.6876633655373,2.));
#3343=CARTESIAN_POINT('',(70.160363003979,-32.6876633655373,2.));
#3344=CARTESIAN_POINT('',(75.5999691885664,-32.6876633655373,3.));
#3345=CARTESIAN_POINT('',(79.5999692630722,-32.6876633655373,3.));
#3346=CARTESIAN_POINT('',(75.5999691885664,-32.6876633655373,1.));
#3347=CARTESIAN_POINT('Origin',(75.5999691885664,-31.6876633655373,1.));
#3348=CARTESIAN_POINT('',(74.5999691885664,-31.6876633655373,2.));
#3349=CARTESIAN_POINT('Origin',(75.5999691885664,-31.6876633655373,2.));
#3350=CARTESIAN_POINT('',(74.5999691885664,-31.6876633655373,3.));
#3351=CARTESIAN_POINT('Origin',(75.5999691885664,-31.6876633655373,3.));
#3352=CARTESIAN_POINT('',(74.5999691885664,-31.6876633655373,1.));
#3353=CARTESIAN_POINT('Origin',(74.5999691885664,-28.6876632910315,1.));
#3354=CARTESIAN_POINT('',(74.5999691885664,-28.6876632910315,2.));
#3355=CARTESIAN_POINT('',(74.5999691885664,-27.9261630534263,2.));
#3356=CARTESIAN_POINT('',(74.5999691885664,-28.6876632910315,3.));
#3357=CARTESIAN_POINT('',(74.5999691885664,-32.6876633655373,3.));
#3358=CARTESIAN_POINT('',(74.5999691885664,-28.6876632910315,1.));
#3359=CARTESIAN_POINT('Origin',(73.5999691885664,-28.6876632910315,1.));
#3360=CARTESIAN_POINT('',(73.5999691885664,-27.6876632910315,2.));
#3361=CARTESIAN_POINT('Origin',(73.5999691885664,-28.6876632910315,2.));
#3362=CARTESIAN_POINT('',(73.5999691885664,-27.6876632910315,3.));
#3363=CARTESIAN_POINT('Origin',(73.5999691885664,-28.6876632910315,3.));
#3364=CARTESIAN_POINT('',(73.5999691885664,-27.6876632910315,1.));
#3365=CARTESIAN_POINT('Origin',(70.5999691140606,-27.6876632910315,1.));
#3366=CARTESIAN_POINT('',(70.5999691140606,-27.6876632910315,2.));
#3367=CARTESIAN_POINT('',(67.6603629667261,-27.6876632910315,2.));
#3368=CARTESIAN_POINT('',(70.5999691140606,-27.6876632910315,3.));
#3369=CARTESIAN_POINT('',(74.5999691885664,-27.6876632910315,3.));
#3370=CARTESIAN_POINT('',(70.5999691140606,-27.6876632910315,1.));
#3371=CARTESIAN_POINT('Origin',(70.5999691140606,-26.6876632910315,1.));
#3372=CARTESIAN_POINT('',(69.5999691140606,-26.6876632910315,2.));
#3373=CARTESIAN_POINT('Origin',(70.5999691140606,-26.6876632910315,2.));
#3374=CARTESIAN_POINT('',(69.5999691140606,-26.6876632910315,3.));
#3375=CARTESIAN_POINT('Origin',(70.5999691140606,-26.6876632910315,3.));
#3376=CARTESIAN_POINT('',(69.5999691140606,-26.6876632910315,1.));
#3377=CARTESIAN_POINT('Origin',(69.5999691140606,-23.6876632165257,1.));
#3378=CARTESIAN_POINT('',(69.5999691140606,-23.6876632165257,2.));
#3379=CARTESIAN_POINT('',(69.5999691140606,-25.4261630161734,2.));
#3380=CARTESIAN_POINT('',(69.5999691140606,-23.6876632165257,3.));
#3381=CARTESIAN_POINT('',(69.5999691140606,-27.6876632910315,3.));
#3382=CARTESIAN_POINT('',(69.5999691140606,-23.6876632165257,1.));
#3383=CARTESIAN_POINT('Origin',(70.5999691140606,-23.6876632165257,1.));
#3384=CARTESIAN_POINT('',(70.5999691140606,-22.6876632165257,2.));
#3385=CARTESIAN_POINT('Origin',(70.5999691140606,-23.6876632165257,2.));
#3386=CARTESIAN_POINT('',(70.5999691140606,-22.6876632165257,3.));
#3387=CARTESIAN_POINT('Origin',(70.5999691140606,-23.6876632165257,3.));
#3388=CARTESIAN_POINT('',(70.5999691140606,-22.6876632165257,1.));
#3389=CARTESIAN_POINT('Origin',(73.5999691885664,-22.6876632165257,1.));
#3390=CARTESIAN_POINT('',(73.5999691885664,-22.6876632165257,2.));
#3391=CARTESIAN_POINT('',(65.1603629294732,-22.6876632165257,2.));
#3392=CARTESIAN_POINT('',(73.5999691885664,-22.6876632165257,3.));
#3393=CARTESIAN_POINT('',(69.5999691140606,-22.6876632165257,3.));
#3394=CARTESIAN_POINT('',(73.5999691885664,-22.6876632165257,1.));
#3395=CARTESIAN_POINT('Origin',(73.5999691885664,-21.6876632165257,1.));
#3396=CARTESIAN_POINT('',(74.5999691885664,-21.6876632165257,2.));
#3397=CARTESIAN_POINT('Origin',(73.5999691885664,-21.6876632165257,2.));
#3398=CARTESIAN_POINT('',(74.5999691885664,-21.6876632165257,3.));
#3399=CARTESIAN_POINT('Origin',(73.5999691885664,-21.6876632165257,3.));
#3400=CARTESIAN_POINT('',(74.5999691885664,-21.6876632165257,1.));
#3401=CARTESIAN_POINT('Origin',(74.5999691885664,-18.6876631420199,1.));
#3402=CARTESIAN_POINT('',(74.5999691885664,-22.9261629789205,2.));
#3403=CARTESIAN_POINT('',(74.5999691885664,-22.6876632165257,3.));
#3404=CARTESIAN_POINT('Origin',(77.0999692258193,-25.1876632537786,3.));
#3405=CARTESIAN_POINT('Origin',(62.0999690395548,-12.8876631420199,2.));
#3406=CARTESIAN_POINT('',(62.0999690395548,-13.3876631420199,2.));
#3407=CARTESIAN_POINT('',(61.5999690395548,-12.8876631420199,2.));
#3408=CARTESIAN_POINT('Origin',(62.0999690395548,-12.8876631420199,2.));
#3409=CARTESIAN_POINT('',(61.5999690395548,-12.8876631420199,1.));
#3410=CARTESIAN_POINT('',(61.5999690395548,-12.8876631420199,2.));
#3411=CARTESIAN_POINT('',(62.0999690395548,-13.3876631420199,1.));
#3412=CARTESIAN_POINT('Origin',(62.0999690395548,-12.8876631420199,1.));
#3413=CARTESIAN_POINT('',(62.0999690395548,-13.3876631420199,2.));
#3414=CARTESIAN_POINT('Origin',(61.5999690395548,-11.3876631122175,2.));
#3415=CARTESIAN_POINT('',(61.5999690395548,-11.8876631122176,2.));
#3416=CARTESIAN_POINT('',(61.5999690395548,-17.2761629267664,2.));
#3417=CARTESIAN_POINT('',(61.5999690395548,-11.8876631122176,1.));
#3418=CARTESIAN_POINT('',(61.5999690395548,-11.8876631122176,2.));
#3419=CARTESIAN_POINT('',(61.5999690395548,-13.3876631420199,1.));
#3420=CARTESIAN_POINT('Origin',(60.7207567448858,-23.1646627413153,2.));
#3421=CARTESIAN_POINT('',(66.0999691140606,-13.3876631420199,2.));
#3422=CARTESIAN_POINT('',(61.1603628922203,-13.3876631420199,2.));
#3423=CARTESIAN_POINT('',(66.5999691140606,-12.8876631420199,2.));
#3424=CARTESIAN_POINT('Origin',(66.0999691140606,-12.8876631420199,2.));
#3425=CARTESIAN_POINT('',(66.5999691140606,-11.8876631122176,2.));
#3426=CARTESIAN_POINT('',(66.5999691140606,-18.2761629416676,2.));
#3427=CARTESIAN_POINT('',(66.0999691140606,-11.3876631122175,2.));
#3428=CARTESIAN_POINT('Origin',(66.0999691140606,-11.8876631122176,2.));
#3429=CARTESIAN_POINT('',(62.0999690395548,-11.3876631122175,2.));
#3430=CARTESIAN_POINT('',(63.6603629294732,-11.3876631122175,2.));
#3431=CARTESIAN_POINT('Origin',(62.0999690395548,-11.8876631122176,2.));
#3432=CARTESIAN_POINT('Origin',(62.0999690395548,-11.8876631122176,2.));
#3433=CARTESIAN_POINT('',(62.0999690395548,-11.3876631122175,1.));
#3434=CARTESIAN_POINT('',(62.0999690395548,-11.3876631122175,2.));
#3435=CARTESIAN_POINT('Origin',(62.0999690395548,-11.8876631122176,1.));
#3436=CARTESIAN_POINT('Origin',(66.5999691140606,-11.3876631122175,2.));
#3437=CARTESIAN_POINT('',(66.0999691140606,-11.3876631122175,1.));
#3438=CARTESIAN_POINT('',(66.0999691140606,-11.3876631122175,2.));
#3439=CARTESIAN_POINT('',(61.5999690395548,-11.3876631122175,1.));
#3440=CARTESIAN_POINT('Origin',(66.0999691140606,-11.8876631122176,2.));
#3441=CARTESIAN_POINT('',(66.5999691140606,-11.8876631122176,1.));
#3442=CARTESIAN_POINT('',(66.5999691140606,-11.8876631122176,2.));
#3443=CARTESIAN_POINT('Origin',(66.0999691140606,-11.8876631122176,1.));
#3444=CARTESIAN_POINT('Origin',(66.5999691140606,-13.3876631420199,2.));
#3445=CARTESIAN_POINT('',(66.5999691140606,-12.8876631420199,1.));
#3446=CARTESIAN_POINT('',(66.5999691140606,-12.8876631420199,2.));
#3447=CARTESIAN_POINT('',(66.5999691140606,-11.3876631122175,1.));
#3448=CARTESIAN_POINT('Origin',(52.0999688905432,-11.8876631122176,2.));
#3449=CARTESIAN_POINT('',(51.5999688905432,-11.8876631122176,2.));
#3450=CARTESIAN_POINT('',(52.0999688905432,-11.3876631122175,2.));
#3451=CARTESIAN_POINT('Origin',(52.0999688905432,-11.8876631122176,2.));
#3452=CARTESIAN_POINT('',(52.0999688905432,-11.3876631122175,1.));
#3453=CARTESIAN_POINT('',(52.0999688905432,-11.3876631122175,2.));
#3454=CARTESIAN_POINT('',(51.5999688905432,-11.8876631122176,1.));
#3455=CARTESIAN_POINT('Origin',(52.0999688905432,-11.8876631122176,1.));
#3456=CARTESIAN_POINT('',(51.5999688905432,-11.8876631122176,2.));
#3457=CARTESIAN_POINT('Origin',(56.599968965049,-11.3876631122175,2.));
#3458=CARTESIAN_POINT('',(56.099968965049,-11.3876631122175,2.));
#3459=CARTESIAN_POINT('',(58.6603628549674,-11.3876631122175,2.));
#3460=CARTESIAN_POINT('',(56.099968965049,-11.3876631122175,1.));
#3461=CARTESIAN_POINT('',(56.099968965049,-11.3876631122175,2.));
#3462=CARTESIAN_POINT('',(51.5999688905432,-11.3876631122175,1.));
#3463=CARTESIAN_POINT('Origin',(60.7207567448858,-23.1646627413153,2.));
#3464=CARTESIAN_POINT('',(51.5999688905432,-12.8876631420199,2.));
#3465=CARTESIAN_POINT('',(51.5999688905432,-17.2761629267664,2.));
#3466=CARTESIAN_POINT('',(52.0999688905432,-13.3876631420199,2.));
#3467=CARTESIAN_POINT('Origin',(52.0999688905432,-12.8876631420199,2.));
#3468=CARTESIAN_POINT('',(56.099968965049,-13.3876631420199,2.));
#3469=CARTESIAN_POINT('',(56.1603628177145,-13.3876631420199,2.));
#3470=CARTESIAN_POINT('',(56.599968965049,-12.8876631420199,2.));
#3471=CARTESIAN_POINT('Origin',(56.099968965049,-12.8876631420199,2.));
#3472=CARTESIAN_POINT('',(56.599968965049,-11.8876631122176,2.));
#3473=CARTESIAN_POINT('',(56.599968965049,-18.2761629416676,2.));
#3474=CARTESIAN_POINT('Origin',(56.099968965049,-11.8876631122176,2.));
#3475=CARTESIAN_POINT('Origin',(52.0999688905432,-12.8876631420199,2.));
#3476=CARTESIAN_POINT('',(51.5999688905432,-12.8876631420199,1.));
#3477=CARTESIAN_POINT('',(51.5999688905432,-12.8876631420199,2.));
#3478=CARTESIAN_POINT('',(52.0999688905432,-13.3876631420199,1.));
#3479=CARTESIAN_POINT('Origin',(52.0999688905432,-12.8876631420199,1.));
#3480=CARTESIAN_POINT('',(52.0999688905432,-13.3876631420199,2.));
#3481=CARTESIAN_POINT('Origin',(51.5999688905432,-13.3876631420199,2.));
#3482=CARTESIAN_POINT('',(56.099968965049,-13.3876631420199,1.));
#3483=CARTESIAN_POINT('',(56.599968965049,-13.3876631420199,1.));
#3484=CARTESIAN_POINT('',(56.099968965049,-13.3876631420199,2.));
#3485=CARTESIAN_POINT('Origin',(56.099968965049,-12.8876631420199,2.));
#3486=CARTESIAN_POINT('',(56.599968965049,-12.8876631420199,1.));
#3487=CARTESIAN_POINT('Origin',(56.099968965049,-12.8876631420199,1.));
#3488=CARTESIAN_POINT('',(56.599968965049,-12.8876631420199,2.));
#3489=CARTESIAN_POINT('Origin',(56.099968965049,-11.8876631122176,2.));
#3490=CARTESIAN_POINT('',(56.599968965049,-11.8876631122176,1.));
#3491=CARTESIAN_POINT('',(56.599968965049,-11.8876631122176,2.));
#3492=CARTESIAN_POINT('Origin',(56.099968965049,-11.8876631122176,1.));
#3493=CARTESIAN_POINT('Origin',(66.0999691140606,-12.8876631420199,2.));
#3494=CARTESIAN_POINT('',(66.0999691140606,-13.3876631420199,1.));
#3495=CARTESIAN_POINT('',(66.0999691140606,-13.3876631420199,2.));
#3496=CARTESIAN_POINT('Origin',(66.0999691140606,-12.8876631420199,1.));
#3497=CARTESIAN_POINT('Origin',(60.7207567448858,-23.1646627413153,2.));
#3498=CARTESIAN_POINT('',(31.7207567448858,-43.1646627413153,2.));
#3499=CARTESIAN_POINT('',(29.7207567448858,-41.1646627413153,2.));
#3500=CARTESIAN_POINT('Origin',(31.7207567448858,-41.1646627413153,2.));
#3501=CARTESIAN_POINT('',(89.7207567448858,-43.1646627413153,2.));
#3502=CARTESIAN_POINT('',(91.7207567448858,-43.1646627413153,2.));
#3503=CARTESIAN_POINT('',(91.7207567448858,-41.1646627413153,2.));
#3504=CARTESIAN_POINT('Origin',(89.7207567448858,-41.1646627413153,2.));
#3505=CARTESIAN_POINT('',(91.7207567448858,-5.1646627413153,2.));
#3506=CARTESIAN_POINT('',(91.7207567448858,-3.1646627413153,2.));
#3507=CARTESIAN_POINT('',(89.7207567448858,-3.1646627413153,2.));
#3508=CARTESIAN_POINT('Origin',(89.7207567448858,-5.1646627413153,2.));
#3509=CARTESIAN_POINT('',(31.7207567448858,-3.1646627413153,2.));
#3510=CARTESIAN_POINT('',(29.7207567448858,-3.1646627413153,2.));
#3511=CARTESIAN_POINT('',(29.7207567448858,-5.1646627413153,2.));
#3512=CARTESIAN_POINT('Origin',(31.7207567448858,-5.1646627413153,2.));
#3513=CARTESIAN_POINT('',(29.7207567448858,-43.1646627413153,2.));
#3514=CARTESIAN_POINT('',(67.8499691513135,-13.6876631420199,2.));
#3515=CARTESIAN_POINT('',(50.3499688532903,-13.6876631420199,2.));
#3516=CARTESIAN_POINT('',(64.9103629480997,-13.6876631420199,2.));
#3517=CARTESIAN_POINT('',(49.0999688532903,-12.4376631420199,2.));
#3518=CARTESIAN_POINT('Origin',(50.3499688532903,-12.4376631420199,2.));
#3519=CARTESIAN_POINT('',(50.3499688532903,-11.187663104767,2.));
#3520=CARTESIAN_POINT('Origin',(50.3499688532903,-12.437663104767,2.));
#3521=CARTESIAN_POINT('',(67.8499691513135,-11.187663104767,2.));
#3522=CARTESIAN_POINT('',(54.910362799088,-11.187663104767,2.));
#3523=CARTESIAN_POINT('',(69.0999691513135,-12.437663104767,2.));
#3524=CARTESIAN_POINT('Origin',(67.8499691513135,-12.437663104767,2.));
#3525=CARTESIAN_POINT('Origin',(67.8499691513135,-12.4376631420199,2.));
#3526=CARTESIAN_POINT('Origin',(50.3499688532903,-12.437663104767,2.));
#3527=CARTESIAN_POINT('',(50.3499688532903,-11.187663104767,1.));
#3528=CARTESIAN_POINT('',(49.0999688532903,-12.4376631420199,1.));
#3529=CARTESIAN_POINT('Origin',(50.3499688532903,-12.437663104767,1.));
#3530=CARTESIAN_POINT('',(50.3499688532903,-11.187663104767,2.));
#3531=CARTESIAN_POINT('',(49.0999688532903,-12.4376631420199,2.));
#3532=CARTESIAN_POINT('Origin',(59.0999690023019,-12.4376631233934,1.));
#3533=CARTESIAN_POINT('',(50.3499688532903,-13.6876631420199,1.));
#3534=CARTESIAN_POINT('Origin',(50.3499688532903,-12.4376631420199,1.));
#3535=CARTESIAN_POINT('',(67.8499691513135,-13.6876631420199,1.));
#3536=CARTESIAN_POINT('',(69.0999691513135,-13.6876631420199,1.));
#3537=CARTESIAN_POINT('',(69.0999691513135,-12.437663104767,1.));
#3538=CARTESIAN_POINT('Origin',(67.8499691513135,-12.4376631420199,1.));
#3539=CARTESIAN_POINT('',(67.8499691513135,-11.187663104767,1.));
#3540=CARTESIAN_POINT('Origin',(67.8499691513135,-12.437663104767,1.));
#3541=CARTESIAN_POINT('',(49.0999688532903,-11.187663104767,1.));
#3542=CARTESIAN_POINT('',(56.599968965049,-11.3876631122175,1.));
#3543=CARTESIAN_POINT('',(51.5999688905432,-13.3876631420199,1.));
#3544=CARTESIAN_POINT('',(66.5999691140606,-13.3876631420199,1.));
#3545=CARTESIAN_POINT('Origin',(50.3499688532903,-12.4376631420199,2.));
#3546=CARTESIAN_POINT('',(50.3499688532903,-13.6876631420199,2.));
#3547=CARTESIAN_POINT('Origin',(67.8499691513135,-12.4376631420199,2.));
#3548=CARTESIAN_POINT('',(67.8499691513135,-13.6876631420199,2.));
#3549=CARTESIAN_POINT('',(69.0999691513135,-12.437663104767,2.));
#3550=CARTESIAN_POINT('Origin',(67.8499691513135,-12.437663104767,2.));
#3551=CARTESIAN_POINT('',(67.8499691513135,-11.187663104767,2.));
#3552=CARTESIAN_POINT('Origin',(49.0999688532903,-11.187663104767,2.));
#3553=CARTESIAN_POINT('Origin',(31.7207567448858,-41.1646627413153,8.47225419086323E-30));
#3554=CARTESIAN_POINT('',(29.7207567448858,-41.1646627413153,8.76807703032111E-30));
#3555=CARTESIAN_POINT('',(29.7207567448858,-41.1646627413153,8.76807703032111E-30));
#3556=CARTESIAN_POINT('',(31.7207567448858,-43.1646627413153,8.47225419086323E-30));
#3557=CARTESIAN_POINT('Origin',(31.7207567448858,-41.1646627413153,8.47225419086323E-30));
#3558=CARTESIAN_POINT('',(31.7207567448858,-43.1646627413153,8.47225419086323E-30));
#3559=CARTESIAN_POINT('Origin',(29.7207567448858,-43.1646627413153,8.76807703032111E-30));
#3560=CARTESIAN_POINT('',(89.7207567448858,-43.1646627413153,-1.06608153415271E-31));
#3561=CARTESIAN_POINT('',(91.7207567448858,-43.1646627413153,-4.02430992873151E-31));
#3562=CARTESIAN_POINT('',(89.7207567448858,-43.1646627413153,-1.06608153415271E-31));
#3563=CARTESIAN_POINT('Origin',(60.7207567448858,-23.1646627413153,4.18282301872398E-30));
#3564=CARTESIAN_POINT('',(29.7207567448858,-5.1646627413153,8.76807703032111E-30));
#3565=CARTESIAN_POINT('',(29.7207567448858,-43.1646627413153,8.76807703032111E-30));
#3566=CARTESIAN_POINT('',(31.7207567448858,-3.1646627413153,8.47225419086323E-30));
#3567=CARTESIAN_POINT('Origin',(31.7207567448858,-5.1646627413153,8.47225419086323E-30));
#3568=CARTESIAN_POINT('',(89.7207567448858,-3.1646627413153,-1.06608153415271E-31));
#3569=CARTESIAN_POINT('',(29.7207567448858,-3.1646627413153,8.76807703032111E-30));
#3570=CARTESIAN_POINT('',(91.7207567448858,-5.1646627413153,-4.02430992873151E-31));
#3571=CARTESIAN_POINT('Origin',(89.7207567448858,-5.1646627413153,-1.06608153415271E-31));
#3572=CARTESIAN_POINT('',(91.7207567448858,-41.1646627413153,-4.02430992873151E-31));
#3573=CARTESIAN_POINT('',(91.7207567448858,-3.1646627413153,-4.02430992873151E-31));
#3574=CARTESIAN_POINT('Origin',(89.7207567448858,-41.1646627413153,-1.06608153415271E-31));
#3575=CARTESIAN_POINT('Origin',(89.7207567448858,-41.1646627413153,-1.06608153415271E-31));
#3576=CARTESIAN_POINT('',(91.7207567448858,-41.1646627413153,-4.02430992873151E-31));
#3577=CARTESIAN_POINT('Origin',(91.7207567448858,-43.1646627413153,-4.02430992873151E-31));
#3578=CARTESIAN_POINT('',(91.7207567448858,-5.1646627413153,-4.02430992873151E-31));
#3579=CARTESIAN_POINT('Origin',(89.7207567448858,-5.1646627413153,-1.06608153415271E-31));
#3580=CARTESIAN_POINT('',(89.7207567448858,-3.1646627413153,-1.06608153415271E-31));
#3581=CARTESIAN_POINT('Origin',(91.7207567448858,-3.1646627413153,-4.02430992873151E-31));
#3582=CARTESIAN_POINT('',(31.7207567448858,-3.1646627413153,8.47225419086323E-30));
#3583=CARTESIAN_POINT('Origin',(31.7207567448858,-5.1646627413153,8.47225419086323E-30));
#3584=CARTESIAN_POINT('',(29.7207567448858,-5.1646627413153,8.76807703032111E-30));
#3585=CARTESIAN_POINT('Origin',(61.5999690395548,-13.3876631420199,2.));
#3586=CARTESIAN_POINT('Origin',(51.5999688905432,-11.3876631122175,2.));
#3587=CARTESIAN_POINT('Origin',(56.599968965049,-13.3876631420199,2.));
#3588=CARTESIAN_POINT('Origin',(69.0999691513135,-13.6876631420199,2.));
#3589=CARTESIAN_POINT('Origin',(29.7207567448858,-3.1646627413153,8.76807703032111E-30));
#3590=CARTESIAN_POINT('',(2.65133494812527,-3.81640303903251,-3.65327749109298));
#3591=CARTESIAN_POINT('',(9.23057720486114,-2.1462562601913,43.8239626119229));
#3592=UNCERTAINTY_MEASURE_WITH_UNIT(LENGTH_MEASURE(0.01),#3600,
'DISTANCE_ACCURACY_VALUE',
'Maximum model space distance between geometric entities at asserted c
onnectivities');
#3593=UNCERTAINTY_MEASURE_WITH_UNIT(LENGTH_MEASURE(0.01),#3600,
'DISTANCE_ACCURACY_VALUE',
'Maximum model space distance between geometric entities at asserted c
onnectivities');
#3594=UNCERTAINTY_MEASURE_WITH_UNIT(LENGTH_MEASURE(0.01),#3600,
'DISTANCE_ACCURACY_VALUE',
'Maximum model space distance between geometric entities at asserted c
onnectivities');
#3595=UNCERTAINTY_MEASURE_WITH_UNIT(LENGTH_MEASURE(0.01),#3600,
'DISTANCE_ACCURACY_VALUE',
'Maximum model space distance between geometric entities at asserted c
onnectivities');
#3596=(
GEOMETRIC_REPRESENTATION_CONTEXT(3)
GLOBAL_UNCERTAINTY_ASSIGNED_CONTEXT((#3592))
GLOBAL_UNIT_ASSIGNED_CONTEXT((#3600,#3602,#3603))
REPRESENTATION_CONTEXT('','3D')
);
#3597=(
GEOMETRIC_REPRESENTATION_CONTEXT(3)
GLOBAL_UNCERTAINTY_ASSIGNED_CONTEXT((#3593))
GLOBAL_UNIT_ASSIGNED_CONTEXT((#3600,#3602,#3603))
REPRESENTATION_CONTEXT('','3D')
);
#3598=(
GEOMETRIC_REPRESENTATION_CONTEXT(3)
GLOBAL_UNCERTAINTY_ASSIGNED_CONTEXT((#3594))
GLOBAL_UNIT_ASSIGNED_CONTEXT((#3600,#3602,#3603))
REPRESENTATION_CONTEXT('','3D')
);
#3599=(
GEOMETRIC_REPRESENTATION_CONTEXT(3)
GLOBAL_UNCERTAINTY_ASSIGNED_CONTEXT((#3595))
GLOBAL_UNIT_ASSIGNED_CONTEXT((#3600,#3602,#3603))
REPRESENTATION_CONTEXT('','3D')
);
#3600=(
LENGTH_UNIT()
NAMED_UNIT(*)
SI_UNIT(.MILLI.,.METRE.)
);
#3601=(
LENGTH_UNIT()
NAMED_UNIT(*)
SI_UNIT($,.METRE.)
);
#3602=(
NAMED_UNIT(*)
PLANE_ANGLE_UNIT()
SI_UNIT($,.RADIAN.)
);
#3603=(
NAMED_UNIT(*)
SI_UNIT($,.STERADIAN.)
SOLID_ANGLE_UNIT()
);
#3604=SHAPE_DEFINITION_REPRESENTATION(#3607,#3612);
#3605=SHAPE_DEFINITION_REPRESENTATION(#3608,#3613);
#3606=SHAPE_DEFINITION_REPRESENTATION(#3609,#3614);
#3607=PRODUCT_DEFINITION_SHAPE('',$,#3616);
#3608=PRODUCT_DEFINITION_SHAPE('',$,#3617);
#3609=PRODUCT_DEFINITION_SHAPE('',$,#3618);
#3610=PRODUCT_DEFINITION_SHAPE($,$,#17);
#3611=PRODUCT_DEFINITION_SHAPE($,$,#18);
#3612=SHAPE_REPRESENTATION('',(#2160,#2364,#2365),#3596);
#3613=SHAPE_REPRESENTATION('',(#2161),#3597);
#3614=SHAPE_REPRESENTATION('',(#2219),#3598);
#3615=PRODUCT_DEFINITION_CONTEXT('part definition',#3626,'design');
#3616=PRODUCT_DEFINITION('2026-05-21-21-40-13-295','USB_HUB',#3619,#3615);
#3617=PRODUCT_DEFINITION('2026-05-21-22-02-35-512','Component1',#3620,#3615);
#3618=PRODUCT_DEFINITION('2026-05-22-11-06-20-955','Component2',#3621,#3615);
#3619=PRODUCT_DEFINITION_FORMATION('',$,#3628);
#3620=PRODUCT_DEFINITION_FORMATION('',$,#3629);
#3621=PRODUCT_DEFINITION_FORMATION('',$,#3630);
#3622=PRODUCT_RELATED_PRODUCT_CATEGORY('USB_HUB','USB_HUB',(#3628));
#3623=PRODUCT_RELATED_PRODUCT_CATEGORY('Component1','Component1',(#3629));
#3624=PRODUCT_RELATED_PRODUCT_CATEGORY('Component2','Component2',(#3630));
#3625=APPLICATION_PROTOCOL_DEFINITION('international standard',
'automotive_design',2009,#3626);
#3626=APPLICATION_CONTEXT(
'Core Data for Automotive Mechanical Design Process');
#3627=PRODUCT_CONTEXT('part definition',#3626,'mechanical');
#3628=PRODUCT('2026-05-21-21-40-13-295','USB_HUB',$,(#3627));
#3629=PRODUCT('2026-05-21-22-02-35-512','Component1',$,(#3627));
#3630=PRODUCT('2026-05-22-11-06-20-955','Component2',$,(#3627));
#3631=PRESENTATION_STYLE_ASSIGNMENT((#3638));
#3632=PRESENTATION_STYLE_ASSIGNMENT((#3639));
#3633=PRESENTATION_STYLE_ASSIGNMENT((#3640));
#3634=PRESENTATION_STYLE_ASSIGNMENT((#3641));
#3635=PRESENTATION_STYLE_ASSIGNMENT((#3642));
#3636=PRESENTATION_STYLE_ASSIGNMENT((#3643));
#3637=PRESENTATION_STYLE_ASSIGNMENT((#3644));
#3638=SURFACE_STYLE_USAGE(.BOTH.,#3645);
#3639=SURFACE_STYLE_USAGE(.BOTH.,#3646);
#3640=SURFACE_STYLE_USAGE(.BOTH.,#3647);
#3641=SURFACE_STYLE_USAGE(.BOTH.,#3648);
#3642=SURFACE_STYLE_USAGE(.BOTH.,#3649);
#3643=SURFACE_STYLE_USAGE(.BOTH.,#3650);
#3644=SURFACE_STYLE_USAGE(.BOTH.,#3651);
#3645=SURFACE_SIDE_STYLE('',(#3652));
#3646=SURFACE_SIDE_STYLE('',(#3653));
#3647=SURFACE_SIDE_STYLE('',(#3654));
#3648=SURFACE_SIDE_STYLE('',(#3655));
#3649=SURFACE_SIDE_STYLE('',(#3656));
#3650=SURFACE_SIDE_STYLE('',(#3657));
#3651=SURFACE_SIDE_STYLE('',(#3658));
#3652=SURFACE_STYLE_FILL_AREA(#3659);
#3653=SURFACE_STYLE_FILL_AREA(#3660);
#3654=SURFACE_STYLE_FILL_AREA(#3661);
#3655=SURFACE_STYLE_FILL_AREA(#3662);
#3656=SURFACE_STYLE_FILL_AREA(#3663);
#3657=SURFACE_STYLE_FILL_AREA(#3664);
#3658=SURFACE_STYLE_FILL_AREA(#3665);
#3659=FILL_AREA_STYLE('Steel - Satin',(#3666));
#3660=FILL_AREA_STYLE('Paint - Enamel Glossy (Dark Grey)',(#3667));
#3661=FILL_AREA_STYLE('Paint - Enamel Glossy (Green)',(#3668));
#3662=FILL_AREA_STYLE('Paint - Enamel Glossy (Yellow)',(#3669));
#3663=FILL_AREA_STYLE('Aluminum - Anodized Glossy (Red)',(#3670));
#3664=FILL_AREA_STYLE('Aluminum - Anodized Glossy (Blue)',(#3671));
#3665=FILL_AREA_STYLE('Aluminum - Anodized Rough (Grey)',(#3672));
#3666=FILL_AREA_STYLE_COLOUR('Steel - Satin',#3673);
#3667=FILL_AREA_STYLE_COLOUR('Paint - Enamel Glossy (Dark Grey)',#3674);
#3668=FILL_AREA_STYLE_COLOUR('Paint - Enamel Glossy (Green)',#3675);
#3669=FILL_AREA_STYLE_COLOUR('Paint - Enamel Glossy (Yellow)',#3676);
#3670=FILL_AREA_STYLE_COLOUR('Aluminum - Anodized Glossy (Red)',#3677);
#3671=FILL_AREA_STYLE_COLOUR('Aluminum - Anodized Glossy (Blue)',#3678);
#3672=FILL_AREA_STYLE_COLOUR('Aluminum - Anodized Rough (Grey)',#3679);
#3673=COLOUR_RGB('Steel - Satin',0.627450980392157,0.627450980392157,0.627450980392157);
#3674=COLOUR_RGB('Paint - Enamel Glossy (Dark Grey)',0.349019607843137,
0.349019607843137,0.349019607843137);
#3675=COLOUR_RGB('Paint - Enamel Glossy (Green)',0.266666666666667,0.588235294117647,
0.282352941176471);
#3676=COLOUR_RGB('Paint - Enamel Glossy (Yellow)',0.909803921568627,0.67843137254902,
0.137254901960784);
#3677=COLOUR_RGB('Aluminum - Anodized Glossy (Red)',0.854901960784314,0.349019607843137,
0.349019607843137);
#3678=COLOUR_RGB('Aluminum - Anodized Glossy (Blue)',0.349019607843137,
0.584313725490196,0.854901960784314);
#3679=COLOUR_RGB('Aluminum - Anodized Rough (Grey)',0.537254901960784,0.537254901960784,
0.537254901960784);
ENDSEC;
END-ISO-10303-21;
