ISO-10303-21;
HEADER;
/* Generated by software containing ST-Developer
 * from STEP Tools, Inc. (www.steptools.com) 
 */

FILE_DESCRIPTION(
/* description */ (''),
/* implementation_level */ '2;1');

FILE_NAME(
/* name */ 'USB_HUB.step',
/* time_stamp */ '2026-06-24T15:35:13+05:30',
/* author */ (''),
/* organization */ (''),
/* preprocessor_version */ 'ST-DEVELOPER v20.1',
/* originating_system */ 'Autodesk Translation Framework v15.8.0.0',
/* authorisation */ '');

FILE_SCHEMA (('AUTOMOTIVE_DESIGN { 1 0 10303 214 3 1 1 }'));
ENDSEC;

DATA;
#10=MECHANICAL_DESIGN_GEOMETRIC_PRESENTATION_REPRESENTATION('',(#23,#24,
#25,#26,#27,#28,#29,#30,#31,#32,#33,#34,#35,#36),#4154);
#11=ITEM_DEFINED_TRANSFORMATION($,$,#2474,#2723);
#12=ITEM_DEFINED_TRANSFORMATION($,$,#2554,#2724);
#13=(
REPRESENTATION_RELATIONSHIP($,$,#4168,#4167)
REPRESENTATION_RELATIONSHIP_WITH_TRANSFORMATION(#11)
SHAPE_REPRESENTATION_RELATIONSHIP()
);
#14=(
REPRESENTATION_RELATIONSHIP($,$,#4169,#4167)
REPRESENTATION_RELATIONSHIP_WITH_TRANSFORMATION(#12)
SHAPE_REPRESENTATION_RELATIONSHIP()
);
#15=CONTEXT_DEPENDENT_SHAPE_REPRESENTATION(#13,#4165);
#16=CONTEXT_DEPENDENT_SHAPE_REPRESENTATION(#14,#4166);
#17=NEXT_ASSEMBLY_USAGE_OCCURRENCE('Component1:1','Component1:1',
'Component1:1',#4171,#4172,'Component1:1');
#18=NEXT_ASSEMBLY_USAGE_OCCURRENCE('Component2:1','Component2:1',
'Component2:1',#4171,#4173,'Component2:1');
#19=SHAPE_REPRESENTATION_RELATIONSHIP('SRR','None',#4168,#21);
#20=SHAPE_REPRESENTATION_RELATIONSHIP('SRR','None',#4169,#22);
#21=ADVANCED_BREP_SHAPE_REPRESENTATION('',(#37),#4152);
#22=ADVANCED_BREP_SHAPE_REPRESENTATION('',(#38),#4153);
#23=STYLED_ITEM('',(#4187),#37);
#24=STYLED_ITEM('',(#4188),#2380);
#25=STYLED_ITEM('',(#4188),#2381);
#26=STYLED_ITEM('',(#4189),#2382);
#27=STYLED_ITEM('',(#4189),#2383);
#28=STYLED_ITEM('',(#4190),#2384);
#29=STYLED_ITEM('',(#4190),#2385);
#30=STYLED_ITEM('',(#4191),#2386);
#31=STYLED_ITEM('',(#4191),#2387);
#32=STYLED_ITEM('',(#4191),#2412);
#33=STYLED_ITEM('',(#4190),#2415);
#34=STYLED_ITEM('',(#4191),#2422);
#35=STYLED_ITEM('',(#4192),#2428);
#36=STYLED_ITEM('',(#4187),#38);
#37=MANIFOLD_SOLID_BREP('Body1',#2448);
#38=MANIFOLD_SOLID_BREP('Body1',#2449);
#39=FACE_BOUND('',#305,.T.);
#40=FACE_BOUND('',#306,.T.);
#41=FACE_BOUND('',#307,.T.);
#42=FACE_BOUND('',#308,.T.);
#43=FACE_BOUND('',#309,.T.);
#44=FACE_BOUND('',#311,.T.);
#45=FACE_BOUND('',#312,.T.);
#46=FACE_BOUND('',#316,.T.);
#47=FACE_BOUND('',#317,.T.);
#48=FACE_BOUND('',#319,.T.);
#49=FACE_BOUND('',#320,.T.);
#50=FACE_BOUND('',#321,.T.);
#51=FACE_BOUND('',#322,.T.);
#52=FACE_BOUND('',#323,.T.);
#53=FACE_BOUND('',#344,.T.);
#54=FACE_BOUND('',#345,.T.);
#55=FACE_BOUND('',#346,.T.);
#56=FACE_BOUND('',#347,.T.);
#57=FACE_BOUND('',#349,.T.);
#58=FACE_BOUND('',#350,.T.);
#59=FACE_BOUND('',#358,.T.);
#60=FACE_BOUND('',#360,.T.);
#61=FACE_BOUND('',#423,.T.);
#62=FACE_BOUND('',#424,.T.);
#63=FACE_BOUND('',#425,.T.);
#64=FACE_BOUND('',#426,.T.);
#65=FACE_BOUND('',#427,.T.);
#66=FACE_BOUND('',#428,.T.);
#67=FACE_BOUND('',#429,.T.);
#68=FACE_BOUND('',#430,.T.);
#69=FACE_BOUND('',#431,.T.);
#70=FACE_BOUND('',#432,.T.);
#71=FACE_BOUND('',#433,.T.);
#72=FACE_BOUND('',#434,.T.);
#73=FACE_BOUND('',#435,.T.);
#74=FACE_BOUND('',#436,.T.);
#75=FACE_BOUND('',#439,.T.);
#76=FACE_BOUND('',#440,.T.);
#77=FACE_BOUND('',#448,.T.);
#78=FACE_BOUND('',#449,.T.);
#79=FACE_BOUND('',#450,.T.);
#80=FACE_BOUND('',#451,.T.);
#81=FACE_BOUND('',#452,.T.);
#82=FACE_BOUND('',#453,.T.);
#83=FACE_BOUND('',#454,.T.);
#84=FACE_BOUND('',#455,.T.);
#85=PLANE('',#2487);
#86=PLANE('',#2489);
#87=PLANE('',#2492);
#88=PLANE('',#2494);
#89=PLANE('',#2512);
#90=PLANE('',#2516);
#91=PLANE('',#2521);
#92=PLANE('',#2522);
#93=PLANE('',#2525);
#94=PLANE('',#2526);
#95=PLANE('',#2527);
#96=PLANE('',#2528);
#97=PLANE('',#2529);
#98=PLANE('',#2530);
#99=PLANE('',#2531);
#100=PLANE('',#2532);
#101=PLANE('',#2533);
#102=PLANE('',#2534);
#103=PLANE('',#2535);
#104=PLANE('',#2536);
#105=PLANE('',#2537);
#106=PLANE('',#2538);
#107=PLANE('',#2539);
#108=PLANE('',#2540);
#109=PLANE('',#2541);
#110=PLANE('',#2542);
#111=PLANE('',#2543);
#112=PLANE('',#2544);
#113=PLANE('',#2545);
#114=PLANE('',#2546);
#115=PLANE('',#2547);
#116=PLANE('',#2548);
#117=PLANE('',#2549);
#118=PLANE('',#2550);
#119=PLANE('',#2551);
#120=PLANE('',#2552);
#121=PLANE('',#2553);
#122=PLANE('',#2594);
#123=PLANE('',#2598);
#124=PLANE('',#2602);
#125=PLANE('',#2606);
#126=PLANE('',#2607);
#127=PLANE('',#2611);
#128=PLANE('',#2615);
#129=PLANE('',#2619);
#130=PLANE('',#2623);
#131=PLANE('',#2627);
#132=PLANE('',#2634);
#133=PLANE('',#2638);
#134=PLANE('',#2642);
#135=PLANE('',#2646);
#136=PLANE('',#2650);
#137=PLANE('',#2654);
#138=PLANE('',#2655);
#139=PLANE('',#2659);
#140=PLANE('',#2660);
#141=PLANE('',#2666);
#142=PLANE('',#2669);
#143=PLANE('',#2673);
#144=PLANE('',#2674);
#145=PLANE('',#2680);
#146=PLANE('',#2687);
#147=PLANE('',#2698);
#148=PLANE('',#2705);
#149=PLANE('',#2708);
#150=PLANE('',#2709);
#151=PLANE('',#2714);
#152=PLANE('',#2716);
#153=PLANE('',#2718);
#154=PLANE('',#2719);
#155=PLANE('',#2720);
#156=PLANE('',#2721);
#157=PLANE('',#2722);
#158=FACE_OUTER_BOUND('',#289,.T.);
#159=FACE_OUTER_BOUND('',#290,.T.);
#160=FACE_OUTER_BOUND('',#291,.T.);
#161=FACE_OUTER_BOUND('',#292,.T.);
#162=FACE_OUTER_BOUND('',#293,.T.);
#163=FACE_OUTER_BOUND('',#294,.T.);
#164=FACE_OUTER_BOUND('',#295,.T.);
#165=FACE_OUTER_BOUND('',#296,.T.);
#166=FACE_OUTER_BOUND('',#297,.T.);
#167=FACE_OUTER_BOUND('',#298,.T.);
#168=FACE_OUTER_BOUND('',#299,.T.);
#169=FACE_OUTER_BOUND('',#300,.T.);
#170=FACE_OUTER_BOUND('',#301,.T.);
#171=FACE_OUTER_BOUND('',#302,.T.);
#172=FACE_OUTER_BOUND('',#303,.T.);
#173=FACE_OUTER_BOUND('',#304,.T.);
#174=FACE_OUTER_BOUND('',#310,.T.);
#175=FACE_OUTER_BOUND('',#313,.T.);
#176=FACE_OUTER_BOUND('',#314,.T.);
#177=FACE_OUTER_BOUND('',#315,.T.);
#178=FACE_OUTER_BOUND('',#318,.T.);
#179=FACE_OUTER_BOUND('',#324,.T.);
#180=FACE_OUTER_BOUND('',#325,.T.);
#181=FACE_OUTER_BOUND('',#326,.T.);
#182=FACE_OUTER_BOUND('',#327,.T.);
#183=FACE_OUTER_BOUND('',#328,.T.);
#184=FACE_OUTER_BOUND('',#329,.T.);
#185=FACE_OUTER_BOUND('',#330,.T.);
#186=FACE_OUTER_BOUND('',#331,.T.);
#187=FACE_OUTER_BOUND('',#332,.T.);
#188=FACE_OUTER_BOUND('',#333,.T.);
#189=FACE_OUTER_BOUND('',#334,.T.);
#190=FACE_OUTER_BOUND('',#335,.T.);
#191=FACE_OUTER_BOUND('',#336,.T.);
#192=FACE_OUTER_BOUND('',#337,.T.);
#193=FACE_OUTER_BOUND('',#338,.T.);
#194=FACE_OUTER_BOUND('',#339,.T.);
#195=FACE_OUTER_BOUND('',#340,.T.);
#196=FACE_OUTER_BOUND('',#341,.T.);
#197=FACE_OUTER_BOUND('',#342,.T.);
#198=FACE_OUTER_BOUND('',#343,.T.);
#199=FACE_OUTER_BOUND('',#348,.T.);
#200=FACE_OUTER_BOUND('',#351,.T.);
#201=FACE_OUTER_BOUND('',#352,.T.);
#202=FACE_OUTER_BOUND('',#353,.T.);
#203=FACE_OUTER_BOUND('',#354,.T.);
#204=FACE_OUTER_BOUND('',#355,.T.);
#205=FACE_OUTER_BOUND('',#356,.T.);
#206=FACE_OUTER_BOUND('',#357,.T.);
#207=FACE_OUTER_BOUND('',#359,.T.);
#208=FACE_OUTER_BOUND('',#361,.T.);
#209=FACE_OUTER_BOUND('',#362,.T.);
#210=FACE_OUTER_BOUND('',#363,.T.);
#211=FACE_OUTER_BOUND('',#364,.T.);
#212=FACE_OUTER_BOUND('',#365,.T.);
#213=FACE_OUTER_BOUND('',#366,.T.);
#214=FACE_OUTER_BOUND('',#367,.T.);
#215=FACE_OUTER_BOUND('',#368,.T.);
#216=FACE_OUTER_BOUND('',#369,.T.);
#217=FACE_OUTER_BOUND('',#370,.T.);
#218=FACE_OUTER_BOUND('',#371,.T.);
#219=FACE_OUTER_BOUND('',#372,.T.);
#220=FACE_OUTER_BOUND('',#373,.T.);
#221=FACE_OUTER_BOUND('',#374,.T.);
#222=FACE_OUTER_BOUND('',#375,.T.);
#223=FACE_OUTER_BOUND('',#376,.T.);
#224=FACE_OUTER_BOUND('',#377,.T.);
#225=FACE_OUTER_BOUND('',#378,.T.);
#226=FACE_OUTER_BOUND('',#379,.T.);
#227=FACE_OUTER_BOUND('',#380,.T.);
#228=FACE_OUTER_BOUND('',#381,.T.);
#229=FACE_OUTER_BOUND('',#382,.T.);
#230=FACE_OUTER_BOUND('',#383,.T.);
#231=FACE_OUTER_BOUND('',#384,.T.);
#232=FACE_OUTER_BOUND('',#385,.T.);
#233=FACE_OUTER_BOUND('',#386,.T.);
#234=FACE_OUTER_BOUND('',#387,.T.);
#235=FACE_OUTER_BOUND('',#388,.T.);
#236=FACE_OUTER_BOUND('',#389,.T.);
#237=FACE_OUTER_BOUND('',#390,.T.);
#238=FACE_OUTER_BOUND('',#391,.T.);
#239=FACE_OUTER_BOUND('',#392,.T.);
#240=FACE_OUTER_BOUND('',#393,.T.);
#241=FACE_OUTER_BOUND('',#394,.T.);
#242=FACE_OUTER_BOUND('',#395,.T.);
#243=FACE_OUTER_BOUND('',#396,.T.);
#244=FACE_OUTER_BOUND('',#397,.T.);
#245=FACE_OUTER_BOUND('',#398,.T.);
#246=FACE_OUTER_BOUND('',#399,.T.);
#247=FACE_OUTER_BOUND('',#400,.T.);
#248=FACE_OUTER_BOUND('',#401,.T.);
#249=FACE_OUTER_BOUND('',#402,.T.);
#250=FACE_OUTER_BOUND('',#403,.T.);
#251=FACE_OUTER_BOUND('',#404,.T.);
#252=FACE_OUTER_BOUND('',#405,.T.);
#253=FACE_OUTER_BOUND('',#406,.T.);
#254=FACE_OUTER_BOUND('',#407,.T.);
#255=FACE_OUTER_BOUND('',#408,.T.);
#256=FACE_OUTER_BOUND('',#409,.T.);
#257=FACE_OUTER_BOUND('',#410,.T.);
#258=FACE_OUTER_BOUND('',#411,.T.);
#259=FACE_OUTER_BOUND('',#412,.T.);
#260=FACE_OUTER_BOUND('',#413,.T.);
#261=FACE_OUTER_BOUND('',#414,.T.);
#262=FACE_OUTER_BOUND('',#415,.T.);
#263=FACE_OUTER_BOUND('',#416,.T.);
#264=FACE_OUTER_BOUND('',#417,.T.);
#265=FACE_OUTER_BOUND('',#418,.T.);
#266=FACE_OUTER_BOUND('',#419,.T.);
#267=FACE_OUTER_BOUND('',#420,.T.);
#268=FACE_OUTER_BOUND('',#421,.T.);
#269=FACE_OUTER_BOUND('',#422,.T.);
#270=FACE_OUTER_BOUND('',#437,.T.);
#271=FACE_OUTER_BOUND('',#438,.T.);
#272=FACE_OUTER_BOUND('',#441,.T.);
#273=FACE_OUTER_BOUND('',#442,.T.);
#274=FACE_OUTER_BOUND('',#443,.T.);
#275=FACE_OUTER_BOUND('',#444,.T.);
#276=FACE_OUTER_BOUND('',#445,.T.);
#277=FACE_OUTER_BOUND('',#446,.T.);
#278=FACE_OUTER_BOUND('',#447,.T.);
#279=FACE_OUTER_BOUND('',#456,.T.);
#280=FACE_OUTER_BOUND('',#457,.T.);
#281=FACE_OUTER_BOUND('',#458,.T.);
#282=FACE_OUTER_BOUND('',#459,.T.);
#283=FACE_OUTER_BOUND('',#460,.T.);
#284=FACE_OUTER_BOUND('',#461,.T.);
#285=FACE_OUTER_BOUND('',#462,.T.);
#286=FACE_OUTER_BOUND('',#463,.T.);
#287=FACE_OUTER_BOUND('',#464,.T.);
#288=FACE_OUTER_BOUND('',#465,.T.);
#289=EDGE_LOOP('',(#1585,#1586,#1587,#1588));
#290=EDGE_LOOP('',(#1589,#1590,#1591,#1592));
#291=EDGE_LOOP('',(#1593,#1594,#1595,#1596));
#292=EDGE_LOOP('',(#1597,#1598,#1599,#1600));
#293=EDGE_LOOP('',(#1601));
#294=EDGE_LOOP('',(#1602,#1603));
#295=EDGE_LOOP('',(#1604));
#296=EDGE_LOOP('',(#1605));
#297=EDGE_LOOP('',(#1606,#1607,#1608,#1609));
#298=EDGE_LOOP('',(#1610,#1611,#1612,#1613));
#299=EDGE_LOOP('',(#1614,#1615,#1616,#1617));
#300=EDGE_LOOP('',(#1618,#1619,#1620,#1621,#1622,#1623));
#301=EDGE_LOOP('',(#1624,#1625,#1626,#1627));
#302=EDGE_LOOP('',(#1628,#1629,#1630,#1631));
#303=EDGE_LOOP('',(#1632,#1633,#1634,#1635));
#304=EDGE_LOOP('',(#1636,#1637,#1638,#1639,#1640,#1641,#1642,#1643));
#305=EDGE_LOOP('',(#1644,#1645,#1646,#1647));
#306=EDGE_LOOP('',(#1648));
#307=EDGE_LOOP('',(#1649));
#308=EDGE_LOOP('',(#1650));
#309=EDGE_LOOP('',(#1651));
#310=EDGE_LOOP('',(#1652,#1653,#1654,#1655));
#311=EDGE_LOOP('',(#1656,#1657,#1658,#1659));
#312=EDGE_LOOP('',(#1660,#1661,#1662,#1663));
#313=EDGE_LOOP('',(#1664,#1665,#1666,#1667));
#314=EDGE_LOOP('',(#1668,#1669,#1670,#1671));
#315=EDGE_LOOP('',(#1672,#1673,#1674,#1675));
#316=EDGE_LOOP('',(#1676,#1677,#1678,#1679));
#317=EDGE_LOOP('',(#1680,#1681,#1682,#1683));
#318=EDGE_LOOP('',(#1684,#1685,#1686,#1687,#1688,#1689,#1690,#1691));
#319=EDGE_LOOP('',(#1692,#1693));
#320=EDGE_LOOP('',(#1694));
#321=EDGE_LOOP('',(#1695));
#322=EDGE_LOOP('',(#1696));
#323=EDGE_LOOP('',(#1697));
#324=EDGE_LOOP('',(#1698,#1699,#1700,#1701));
#325=EDGE_LOOP('',(#1702,#1703,#1704,#1705));
#326=EDGE_LOOP('',(#1706,#1707,#1708,#1709));
#327=EDGE_LOOP('',(#1710,#1711,#1712,#1713));
#328=EDGE_LOOP('',(#1714,#1715,#1716,#1717));
#329=EDGE_LOOP('',(#1718,#1719,#1720,#1721));
#330=EDGE_LOOP('',(#1722,#1723,#1724,#1725));
#331=EDGE_LOOP('',(#1726,#1727,#1728,#1729));
#332=EDGE_LOOP('',(#1730,#1731,#1732,#1733));
#333=EDGE_LOOP('',(#1734,#1735,#1736,#1737));
#334=EDGE_LOOP('',(#1738,#1739,#1740,#1741));
#335=EDGE_LOOP('',(#1742,#1743,#1744,#1745));
#336=EDGE_LOOP('',(#1746,#1747,#1748,#1749));
#337=EDGE_LOOP('',(#1750,#1751,#1752,#1753));
#338=EDGE_LOOP('',(#1754,#1755,#1756,#1757));
#339=EDGE_LOOP('',(#1758,#1759,#1760,#1761));
#340=EDGE_LOOP('',(#1762,#1763,#1764,#1765));
#341=EDGE_LOOP('',(#1766,#1767,#1768,#1769));
#342=EDGE_LOOP('',(#1770,#1771,#1772,#1773));
#343=EDGE_LOOP('',(#1774,#1775,#1776,#1777));
#344=EDGE_LOOP('',(#1778));
#345=EDGE_LOOP('',(#1779,#1780));
#346=EDGE_LOOP('',(#1781));
#347=EDGE_LOOP('',(#1782));
#348=EDGE_LOOP('',(#1783,#1784,#1785,#1786));
#349=EDGE_LOOP('',(#1787,#1788,#1789,#1790));
#350=EDGE_LOOP('',(#1791,#1792,#1793,#1794));
#351=EDGE_LOOP('',(#1795,#1796,#1797,#1798));
#352=EDGE_LOOP('',(#1799,#1800,#1801,#1802));
#353=EDGE_LOOP('',(#1803,#1804,#1805,#1806));
#354=EDGE_LOOP('',(#1807,#1808,#1809,#1810));
#355=EDGE_LOOP('',(#1811,#1812,#1813,#1814));
#356=EDGE_LOOP('',(#1815,#1816,#1817,#1818));
#357=EDGE_LOOP('',(#1819,#1820,#1821,#1822));
#358=EDGE_LOOP('',(#1823,#1824,#1825,#1826));
#359=EDGE_LOOP('',(#1827,#1828,#1829,#1830));
#360=EDGE_LOOP('',(#1831,#1832,#1833,#1834));
#361=EDGE_LOOP('',(#1835,#1836,#1837,#1838));
#362=EDGE_LOOP('',(#1839,#1840,#1841,#1842));
#363=EDGE_LOOP('',(#1843,#1844,#1845,#1846));
#364=EDGE_LOOP('',(#1847,#1848,#1849,#1850));
#365=EDGE_LOOP('',(#1851,#1852,#1853,#1854));
#366=EDGE_LOOP('',(#1855,#1856,#1857,#1858));
#367=EDGE_LOOP('',(#1859,#1860,#1861,#1862));
#368=EDGE_LOOP('',(#1863,#1864,#1865,#1866));
#369=EDGE_LOOP('',(#1867,#1868,#1869,#1870));
#370=EDGE_LOOP('',(#1871,#1872,#1873,#1874));
#371=EDGE_LOOP('',(#1875,#1876,#1877,#1878));
#372=EDGE_LOOP('',(#1879,#1880,#1881,#1882));
#373=EDGE_LOOP('',(#1883,#1884,#1885,#1886));
#374=EDGE_LOOP('',(#1887,#1888,#1889,#1890));
#375=EDGE_LOOP('',(#1891));
#376=EDGE_LOOP('',(#1892,#1893,#1894,#1895));
#377=EDGE_LOOP('',(#1896));
#378=EDGE_LOOP('',(#1897,#1898,#1899,#1900));
#379=EDGE_LOOP('',(#1901));
#380=EDGE_LOOP('',(#1902,#1903,#1904,#1905));
#381=EDGE_LOOP('',(#1906));
#382=EDGE_LOOP('',(#1907,#1908,#1909,#1910));
#383=EDGE_LOOP('',(#1911,#1912,#1913,#1914));
#384=EDGE_LOOP('',(#1915,#1916,#1917,#1918));
#385=EDGE_LOOP('',(#1919,#1920,#1921,#1922));
#386=EDGE_LOOP('',(#1923,#1924,#1925,#1926));
#387=EDGE_LOOP('',(#1927,#1928,#1929,#1930));
#388=EDGE_LOOP('',(#1931,#1932,#1933,#1934));
#389=EDGE_LOOP('',(#1935,#1936,#1937,#1938));
#390=EDGE_LOOP('',(#1939,#1940,#1941,#1942));
#391=EDGE_LOOP('',(#1943,#1944,#1945,#1946));
#392=EDGE_LOOP('',(#1947,#1948,#1949,#1950));
#393=EDGE_LOOP('',(#1951,#1952,#1953,#1954));
#394=EDGE_LOOP('',(#1955,#1956,#1957,#1958));
#395=EDGE_LOOP('',(#1959,#1960,#1961,#1962));
#396=EDGE_LOOP('',(#1963,#1964,#1965,#1966));
#397=EDGE_LOOP('',(#1967,#1968,#1969,#1970));
#398=EDGE_LOOP('',(#1971,#1972,#1973,#1974));
#399=EDGE_LOOP('',(#1975,#1976,#1977,#1978));
#400=EDGE_LOOP('',(#1979,#1980,#1981,#1982));
#401=EDGE_LOOP('',(#1983,#1984,#1985,#1986));
#402=EDGE_LOOP('',(#1987,#1988,#1989,#1990));
#403=EDGE_LOOP('',(#1991,#1992,#1993,#1994));
#404=EDGE_LOOP('',(#1995,#1996,#1997,#1998));
#405=EDGE_LOOP('',(#1999,#2000,#2001,#2002));
#406=EDGE_LOOP('',(#2003,#2004,#2005,#2006,#2007,#2008,#2009,#2010,#2011,
#2012,#2013,#2014,#2015,#2016,#2017,#2018,#2019,#2020,#2021,#2022,#2023,
#2024,#2025,#2026));
#407=EDGE_LOOP('',(#2027,#2028,#2029,#2030));
#408=EDGE_LOOP('',(#2031,#2032,#2033,#2034));
#409=EDGE_LOOP('',(#2035,#2036,#2037,#2038,#2039,#2040,#2041,#2042));
#410=EDGE_LOOP('',(#2043,#2044,#2045,#2046));
#411=EDGE_LOOP('',(#2047,#2048,#2049,#2050));
#412=EDGE_LOOP('',(#2051,#2052,#2053,#2054));
#413=EDGE_LOOP('',(#2055,#2056,#2057,#2058));
#414=EDGE_LOOP('',(#2059,#2060,#2061,#2062));
#415=EDGE_LOOP('',(#2063,#2064,#2065,#2066));
#416=EDGE_LOOP('',(#2067,#2068,#2069,#2070,#2071,#2072,#2073,#2074));
#417=EDGE_LOOP('',(#2075,#2076,#2077,#2078));
#418=EDGE_LOOP('',(#2079,#2080,#2081,#2082));
#419=EDGE_LOOP('',(#2083,#2084,#2085,#2086));
#420=EDGE_LOOP('',(#2087,#2088,#2089,#2090));
#421=EDGE_LOOP('',(#2091,#2092,#2093,#2094));
#422=EDGE_LOOP('',(#2095,#2096,#2097,#2098,#2099,#2100,#2101,#2102));
#423=EDGE_LOOP('',(#2103,#2104));
#424=EDGE_LOOP('',(#2105,#2106));
#425=EDGE_LOOP('',(#2107,#2108));
#426=EDGE_LOOP('',(#2109,#2110));
#427=EDGE_LOOP('',(#2111,#2112,#2113,#2114,#2115,#2116));
#428=EDGE_LOOP('',(#2117));
#429=EDGE_LOOP('',(#2118));
#430=EDGE_LOOP('',(#2119,#2120,#2121,#2122,#2123,#2124,#2125,#2126,#2127,
#2128,#2129,#2130,#2131,#2132,#2133,#2134,#2135,#2136,#2137,#2138,#2139,
#2140,#2141,#2142));
#431=EDGE_LOOP('',(#2143));
#432=EDGE_LOOP('',(#2144));
#433=EDGE_LOOP('',(#2145));
#434=EDGE_LOOP('',(#2146));
#435=EDGE_LOOP('',(#2147));
#436=EDGE_LOOP('',(#2148));
#437=EDGE_LOOP('',(#2149,#2150,#2151,#2152));
#438=EDGE_LOOP('',(#2153,#2154,#2155,#2156,#2157,#2158));
#439=EDGE_LOOP('',(#2159,#2160,#2161,#2162,#2163,#2164,#2165,#2166));
#440=EDGE_LOOP('',(#2167,#2168,#2169,#2170,#2171,#2172,#2173,#2174));
#441=EDGE_LOOP('',(#2175,#2176,#2177,#2178));
#442=EDGE_LOOP('',(#2179,#2180,#2181,#2182));
#443=EDGE_LOOP('',(#2183,#2184,#2185,#2186));
#444=EDGE_LOOP('',(#2187,#2188,#2189,#2190));
#445=EDGE_LOOP('',(#2191,#2192,#2193,#2194));
#446=EDGE_LOOP('',(#2195,#2196,#2197,#2198));
#447=EDGE_LOOP('',(#2199,#2200,#2201,#2202,#2203,#2204,#2205,#2206));
#448=EDGE_LOOP('',(#2207,#2208));
#449=EDGE_LOOP('',(#2209,#2210));
#450=EDGE_LOOP('',(#2211,#2212));
#451=EDGE_LOOP('',(#2213,#2214));
#452=EDGE_LOOP('',(#2215));
#453=EDGE_LOOP('',(#2216));
#454=EDGE_LOOP('',(#2217));
#455=EDGE_LOOP('',(#2218));
#456=EDGE_LOOP('',(#2219,#2220,#2221,#2222));
#457=EDGE_LOOP('',(#2223,#2224,#2225,#2226));
#458=EDGE_LOOP('',(#2227,#2228,#2229,#2230));
#459=EDGE_LOOP('',(#2231,#2232,#2233,#2234));
#460=EDGE_LOOP('',(#2235,#2236,#2237,#2238));
#461=EDGE_LOOP('',(#2239,#2240,#2241,#2242));
#462=EDGE_LOOP('',(#2243,#2244,#2245,#2246));
#463=EDGE_LOOP('',(#2247,#2248,#2249,#2250));
#464=EDGE_LOOP('',(#2251,#2252,#2253,#2254));
#465=EDGE_LOOP('',(#2255,#2256,#2257,#2258));
#466=LINE('',#3456,#687);
#467=LINE('',#3462,#688);
#468=LINE('',#3468,#689);
#469=LINE('',#3474,#690);
#470=LINE('',#3492,#691);
#471=LINE('',#3496,#692);
#472=LINE('',#3500,#693);
#473=LINE('',#3507,#694);
#474=LINE('',#3508,#695);
#475=LINE('',#3510,#696);
#476=LINE('',#3511,#697);
#477=LINE('',#3522,#698);
#478=LINE('',#3525,#699);
#479=LINE('',#3528,#700);
#480=LINE('',#3532,#701);
#481=LINE('',#3536,#702);
#482=LINE('',#3539,#703);
#483=LINE('',#3542,#704);
#484=LINE('',#3544,#705);
#485=LINE('',#3546,#706);
#486=LINE('',#3547,#707);
#487=LINE('',#3550,#708);
#488=LINE('',#3551,#709);
#489=LINE('',#3554,#710);
#490=LINE('',#3556,#711);
#491=LINE('',#3558,#712);
#492=LINE('',#3559,#713);
#493=LINE('',#3562,#714);
#494=LINE('',#3564,#715);
#495=LINE('',#3566,#716);
#496=LINE('',#3567,#717);
#497=LINE('',#3571,#718);
#498=LINE('',#3574,#719);
#499=LINE('',#3577,#720);
#500=LINE('',#3580,#721);
#501=LINE('',#3581,#722);
#502=LINE('',#3584,#723);
#503=LINE('',#3586,#724);
#504=LINE('',#3588,#725);
#505=LINE('',#3589,#726);
#506=LINE('',#3592,#727);
#507=LINE('',#3594,#728);
#508=LINE('',#3596,#729);
#509=LINE('',#3597,#730);
#510=LINE('',#3600,#731);
#511=LINE('',#3602,#732);
#512=LINE('',#3604,#733);
#513=LINE('',#3608,#734);
#514=LINE('',#3610,#735);
#515=LINE('',#3612,#736);
#516=LINE('',#3613,#737);
#517=LINE('',#3616,#738);
#518=LINE('',#3618,#739);
#519=LINE('',#3619,#740);
#520=LINE('',#3622,#741);
#521=LINE('',#3624,#742);
#522=LINE('',#3625,#743);
#523=LINE('',#3627,#744);
#524=LINE('',#3628,#745);
#525=LINE('',#3631,#746);
#526=LINE('',#3633,#747);
#527=LINE('',#3634,#748);
#528=LINE('',#3637,#749);
#529=LINE('',#3638,#750);
#530=LINE('',#3641,#751);
#531=LINE('',#3642,#752);
#532=LINE('',#3644,#753);
#533=LINE('',#3648,#754);
#534=LINE('',#3650,#755);
#535=LINE('',#3651,#756);
#536=LINE('',#3654,#757);
#537=LINE('',#3655,#758);
#538=LINE('',#3658,#759);
#539=LINE('',#3659,#760);
#540=LINE('',#3661,#761);
#541=LINE('',#3666,#762);
#542=LINE('',#3667,#763);
#543=LINE('',#3668,#764);
#544=LINE('',#3671,#765);
#545=LINE('',#3672,#766);
#546=LINE('',#3675,#767);
#547=LINE('',#3676,#768);
#548=LINE('',#3678,#769);
#549=LINE('',#3682,#770);
#550=LINE('',#3684,#771);
#551=LINE('',#3686,#772);
#552=LINE('',#3687,#773);
#553=LINE('',#3689,#774);
#554=LINE('',#3690,#775);
#555=LINE('',#3693,#776);
#556=LINE('',#3695,#777);
#557=LINE('',#3697,#778);
#558=LINE('',#3698,#779);
#559=LINE('',#3700,#780);
#560=LINE('',#3701,#781);
#561=LINE('',#3703,#782);
#562=LINE('',#3705,#783);
#563=LINE('',#3708,#784);
#564=LINE('',#3710,#785);
#565=LINE('',#3719,#786);
#566=LINE('',#3725,#787);
#567=LINE('',#3731,#788);
#568=LINE('',#3737,#789);
#569=LINE('',#3744,#790);
#570=LINE('',#3747,#791);
#571=LINE('',#3753,#792);
#572=LINE('',#3756,#793);
#573=LINE('',#3762,#794);
#574=LINE('',#3765,#795);
#575=LINE('',#3771,#796);
#576=LINE('',#3774,#797);
#577=LINE('',#3791,#798);
#578=LINE('',#3798,#799);
#579=LINE('',#3805,#800);
#580=LINE('',#3812,#801);
#581=LINE('',#3818,#802);
#582=LINE('',#3820,#803);
#583=LINE('',#3822,#804);
#584=LINE('',#3823,#805);
#585=LINE('',#3828,#806);
#586=LINE('',#3832,#807);
#587=LINE('',#3834,#808);
#588=LINE('',#3835,#809);
#589=LINE('',#3840,#810);
#590=LINE('',#3844,#811);
#591=LINE('',#3846,#812);
#592=LINE('',#3847,#813);
#593=LINE('',#3852,#814);
#594=LINE('',#3856,#815);
#595=LINE('',#3858,#816);
#596=LINE('',#3859,#817);
#597=LINE('',#3864,#818);
#598=LINE('',#3868,#819);
#599=LINE('',#3870,#820);
#600=LINE('',#3871,#821);
#601=LINE('',#3876,#822);
#602=LINE('',#3880,#823);
#603=LINE('',#3882,#824);
#604=LINE('',#3883,#825);
#605=LINE('',#3888,#826);
#606=LINE('',#3895,#827);
#607=LINE('',#3898,#828);
#608=LINE('',#3900,#829);
#609=LINE('',#3901,#830);
#610=LINE('',#3907,#831);
#611=LINE('',#3910,#832);
#612=LINE('',#3912,#833);
#613=LINE('',#3913,#834);
#614=LINE('',#3919,#835);
#615=LINE('',#3922,#836);
#616=LINE('',#3924,#837);
#617=LINE('',#3925,#838);
#618=LINE('',#3931,#839);
#619=LINE('',#3934,#840);
#620=LINE('',#3936,#841);
#621=LINE('',#3937,#842);
#622=LINE('',#3943,#843);
#623=LINE('',#3946,#844);
#624=LINE('',#3948,#845);
#625=LINE('',#3949,#846);
#626=LINE('',#3955,#847);
#627=LINE('',#3957,#848);
#628=LINE('',#3958,#849);
#629=LINE('',#3965,#850);
#630=LINE('',#3968,#851);
#631=LINE('',#3971,#852);
#632=LINE('',#3973,#853);
#633=LINE('',#3974,#854);
#634=LINE('',#3977,#855);
#635=LINE('',#3981,#856);
#636=LINE('',#3985,#857);
#637=LINE('',#3989,#858);
#638=LINE('',#3993,#859);
#639=LINE('',#3994,#860);
#640=LINE('',#3997,#861);
#641=LINE('',#4001,#862);
#642=LINE('',#4002,#863);
#643=LINE('',#4008,#864);
#644=LINE('',#4011,#865);
#645=LINE('',#4014,#866);
#646=LINE('',#4016,#867);
#647=LINE('',#4017,#868);
#648=LINE('',#4020,#869);
#649=LINE('',#4024,#870);
#650=LINE('',#4028,#871);
#651=LINE('',#4032,#872);
#652=LINE('',#4035,#873);
#653=LINE('',#4038,#874);
#654=LINE('',#4039,#875);
#655=LINE('',#4043,#876);
#656=LINE('',#4046,#877);
#657=LINE('',#4050,#878);
#658=LINE('',#4057,#879);
#659=LINE('',#4061,#880);
#660=LINE('',#4065,#881);
#661=LINE('',#4068,#882);
#662=LINE('',#4071,#883);
#663=LINE('',#4077,#884);
#664=LINE('',#4085,#885);
#665=LINE('',#4086,#886);
#666=LINE('',#4091,#887);
#667=LINE('',#4096,#888);
#668=LINE('',#4097,#889);
#669=LINE('',#4098,#890);
#670=LINE('',#4099,#891);
#671=LINE('',#4101,#892);
#672=LINE('',#4103,#893);
#673=LINE('',#4104,#894);
#674=LINE('',#4106,#895);
#675=LINE('',#4110,#896);
#676=LINE('',#4113,#897);
#677=LINE('',#4116,#898);
#678=LINE('',#4117,#899);
#679=LINE('',#4120,#900);
#680=LINE('',#4124,#901);
#681=LINE('',#4128,#902);
#682=LINE('',#4131,#903);
#683=LINE('',#4133,#904);
#684=LINE('',#4135,#905);
#685=LINE('',#4137,#906);
#686=LINE('',#4139,#907);
#687=VECTOR('',#2733,0.999999999999996);
#688=VECTOR('',#2740,0.999999999999996);
#689=VECTOR('',#2747,0.999999999999996);
#690=VECTOR('',#2754,0.999999999999996);
#691=VECTOR('',#2777,0.999999999999996);
#692=VECTOR('',#2782,0.999999999999996);
#693=VECTOR('',#2787,0.999999999999988);
#694=VECTOR('',#2794,10.);
#695=VECTOR('',#2795,10.);
#696=VECTOR('',#2796,10.);
#697=VECTOR('',#2797,10.);
#698=VECTOR('',#2812,10.);
#699=VECTOR('',#2815,10.);
#700=VECTOR('',#2818,10.);
#701=VECTOR('',#2821,10.);
#702=VECTOR('',#2824,10.);
#703=VECTOR('',#2827,10.);
#704=VECTOR('',#2828,10.);
#705=VECTOR('',#2829,10.);
#706=VECTOR('',#2830,10.);
#707=VECTOR('',#2831,10.);
#708=VECTOR('',#2834,10.);
#709=VECTOR('',#2835,10.);
#710=VECTOR('',#2836,10.);
#711=VECTOR('',#2837,10.);
#712=VECTOR('',#2838,10.);
#713=VECTOR('',#2839,10.);
#714=VECTOR('',#2840,10.);
#715=VECTOR('',#2841,10.);
#716=VECTOR('',#2842,10.);
#717=VECTOR('',#2843,10.);
#718=VECTOR('',#2848,10.);
#719=VECTOR('',#2851,10.);
#720=VECTOR('',#2854,10.);
#721=VECTOR('',#2857,10.);
#722=VECTOR('',#2858,10.);
#723=VECTOR('',#2859,10.);
#724=VECTOR('',#2860,10.);
#725=VECTOR('',#2861,10.);
#726=VECTOR('',#2862,10.);
#727=VECTOR('',#2863,10.);
#728=VECTOR('',#2864,10.);
#729=VECTOR('',#2865,10.);
#730=VECTOR('',#2866,10.);
#731=VECTOR('',#2869,10.);
#732=VECTOR('',#2872,10.);
#733=VECTOR('',#2875,10.);
#734=VECTOR('',#2878,10.);
#735=VECTOR('',#2879,10.);
#736=VECTOR('',#2880,10.);
#737=VECTOR('',#2881,10.);
#738=VECTOR('',#2884,10.);
#739=VECTOR('',#2885,10.);
#740=VECTOR('',#2886,10.);
#741=VECTOR('',#2889,10.);
#742=VECTOR('',#2890,10.);
#743=VECTOR('',#2891,10.);
#744=VECTOR('',#2894,10.);
#745=VECTOR('',#2895,10.);
#746=VECTOR('',#2898,10.);
#747=VECTOR('',#2899,10.);
#748=VECTOR('',#2900,10.);
#749=VECTOR('',#2903,10.);
#750=VECTOR('',#2904,10.);
#751=VECTOR('',#2907,10.);
#752=VECTOR('',#2908,10.);
#753=VECTOR('',#2911,10.);
#754=VECTOR('',#2916,10.);
#755=VECTOR('',#2917,10.);
#756=VECTOR('',#2918,10.);
#757=VECTOR('',#2921,10.);
#758=VECTOR('',#2922,10.);
#759=VECTOR('',#2925,10.);
#760=VECTOR('',#2926,10.);
#761=VECTOR('',#2929,10.);
#762=VECTOR('',#2934,10.);
#763=VECTOR('',#2935,10.);
#764=VECTOR('',#2936,10.);
#765=VECTOR('',#2939,10.);
#766=VECTOR('',#2940,10.);
#767=VECTOR('',#2943,10.);
#768=VECTOR('',#2944,10.);
#769=VECTOR('',#2947,10.);
#770=VECTOR('',#2950,10.);
#771=VECTOR('',#2951,10.);
#772=VECTOR('',#2952,10.);
#773=VECTOR('',#2953,10.);
#774=VECTOR('',#2956,10.);
#775=VECTOR('',#2957,10.);
#776=VECTOR('',#2958,10.);
#777=VECTOR('',#2959,10.);
#778=VECTOR('',#2960,10.);
#779=VECTOR('',#2961,10.);
#780=VECTOR('',#2964,10.);
#781=VECTOR('',#2965,10.);
#782=VECTOR('',#2968,10.);
#783=VECTOR('',#2971,10.);
#784=VECTOR('',#2976,10.);
#785=VECTOR('',#2979,10.);
#786=VECTOR('',#2992,0.999999999999996);
#787=VECTOR('',#2999,0.999999999999996);
#788=VECTOR('',#3006,0.999999999999996);
#789=VECTOR('',#3013,0.999999999999996);
#790=VECTOR('',#3020,10.);
#791=VECTOR('',#3023,10.);
#792=VECTOR('',#3028,10.);
#793=VECTOR('',#3031,10.);
#794=VECTOR('',#3036,10.);
#795=VECTOR('',#3039,10.);
#796=VECTOR('',#3044,10.);
#797=VECTOR('',#3047,10.);
#798=VECTOR('',#3076,2.00000000000001);
#799=VECTOR('',#3085,2.00000002980232);
#800=VECTOR('',#3094,2.00000002980232);
#801=VECTOR('',#3103,2.00000002980232);
#802=VECTOR('',#3110,10.);
#803=VECTOR('',#3111,10.);
#804=VECTOR('',#3112,10.);
#805=VECTOR('',#3113,10.);
#806=VECTOR('',#3118,10.);
#807=VECTOR('',#3123,10.);
#808=VECTOR('',#3124,10.);
#809=VECTOR('',#3125,10.);
#810=VECTOR('',#3130,10.);
#811=VECTOR('',#3135,10.);
#812=VECTOR('',#3136,10.);
#813=VECTOR('',#3137,10.);
#814=VECTOR('',#3142,10.);
#815=VECTOR('',#3147,10.);
#816=VECTOR('',#3148,10.);
#817=VECTOR('',#3149,10.);
#818=VECTOR('',#3154,10.);
#819=VECTOR('',#3159,10.);
#820=VECTOR('',#3160,10.);
#821=VECTOR('',#3161,10.);
#822=VECTOR('',#3166,10.);
#823=VECTOR('',#3171,10.);
#824=VECTOR('',#3172,10.);
#825=VECTOR('',#3173,10.);
#826=VECTOR('',#3178,10.);
#827=VECTOR('',#3187,10.);
#828=VECTOR('',#3190,10.);
#829=VECTOR('',#3191,10.);
#830=VECTOR('',#3192,10.);
#831=VECTOR('',#3199,10.);
#832=VECTOR('',#3202,10.);
#833=VECTOR('',#3203,10.);
#834=VECTOR('',#3204,10.);
#835=VECTOR('',#3211,10.);
#836=VECTOR('',#3214,10.);
#837=VECTOR('',#3215,10.);
#838=VECTOR('',#3216,10.);
#839=VECTOR('',#3223,10.);
#840=VECTOR('',#3226,10.);
#841=VECTOR('',#3227,10.);
#842=VECTOR('',#3228,10.);
#843=VECTOR('',#3235,10.);
#844=VECTOR('',#3238,10.);
#845=VECTOR('',#3239,10.);
#846=VECTOR('',#3240,10.);
#847=VECTOR('',#3247,10.);
#848=VECTOR('',#3250,10.);
#849=VECTOR('',#3251,10.);
#850=VECTOR('',#3258,10.);
#851=VECTOR('',#3261,10.);
#852=VECTOR('',#3264,10.);
#853=VECTOR('',#3265,10.);
#854=VECTOR('',#3266,10.);
#855=VECTOR('',#3269,10.);
#856=VECTOR('',#3272,10.);
#857=VECTOR('',#3275,10.);
#858=VECTOR('',#3280,10.);
#859=VECTOR('',#3285,10.);
#860=VECTOR('',#3286,10.);
#861=VECTOR('',#3289,10.);
#862=VECTOR('',#3294,10.);
#863=VECTOR('',#3295,10.);
#864=VECTOR('',#3300,10.);
#865=VECTOR('',#3303,10.);
#866=VECTOR('',#3306,10.);
#867=VECTOR('',#3307,10.);
#868=VECTOR('',#3308,10.);
#869=VECTOR('',#3311,10.);
#870=VECTOR('',#3314,10.);
#871=VECTOR('',#3317,10.);
#872=VECTOR('',#3322,10.);
#873=VECTOR('',#3325,10.);
#874=VECTOR('',#3328,10.);
#875=VECTOR('',#3329,10.);
#876=VECTOR('',#3334,10.);
#877=VECTOR('',#3337,10.);
#878=VECTOR('',#3342,10.);
#879=VECTOR('',#3349,10.);
#880=VECTOR('',#3352,10.);
#881=VECTOR('',#3355,10.);
#882=VECTOR('',#3358,10.);
#883=VECTOR('',#3359,10.);
#884=VECTOR('',#3364,10.);
#885=VECTOR('',#3373,10.);
#886=VECTOR('',#3374,10.);
#887=VECTOR('',#3379,10.);
#888=VECTOR('',#3384,10.);
#889=VECTOR('',#3385,10.);
#890=VECTOR('',#3386,10.);
#891=VECTOR('',#3387,10.);
#892=VECTOR('',#3390,10.);
#893=VECTOR('',#3393,10.);
#894=VECTOR('',#3394,10.);
#895=VECTOR('',#3397,10.);
#896=VECTOR('',#3402,10.);
#897=VECTOR('',#3405,10.);
#898=VECTOR('',#3408,10.);
#899=VECTOR('',#3409,10.);
#900=VECTOR('',#3412,10.);
#901=VECTOR('',#3415,10.);
#902=VECTOR('',#3418,10.);
#903=VECTOR('',#3423,10.);
#904=VECTOR('',#3426,10.);
#905=VECTOR('',#3429,10.);
#906=VECTOR('',#3432,10.);
#907=VECTOR('',#3435,10.);
#908=CIRCLE('',#2476,0.999999999999996);
#909=CIRCLE('',#2477,0.999999999999996);
#910=CIRCLE('',#2479,0.999999999999996);
#911=CIRCLE('',#2480,0.999999999999996);
#912=CIRCLE('',#2482,0.999999999999996);
#913=CIRCLE('',#2483,0.999999999999996);
#914=CIRCLE('',#2485,0.999999999999996);
#915=CIRCLE('',#2486,0.999999999999996);
#916=CIRCLE('',#2488,0.999999999999988);
#917=CIRCLE('',#2490,1.00000000000001);
#918=CIRCLE('',#2491,0.999999999999996);
#919=CIRCLE('',#2493,0.999999999999996);
#920=CIRCLE('',#2495,0.999999999999996);
#921=CIRCLE('',#2497,1.00000001490116);
#922=CIRCLE('',#2499,1.);
#923=CIRCLE('',#2501,0.999999999999996);
#924=CIRCLE('',#2503,0.999999999999996);
#925=CIRCLE('',#2505,1.00000000000001);
#926=CIRCLE('',#2507,1.00000000000001);
#927=CIRCLE('',#2508,1.00000000000001);
#928=CIRCLE('',#2510,2.);
#929=CIRCLE('',#2511,2.);
#930=CIRCLE('',#2513,2.);
#931=CIRCLE('',#2514,2.);
#932=CIRCLE('',#2515,2.);
#933=CIRCLE('',#2518,2.);
#934=CIRCLE('',#2520,2.);
#935=CIRCLE('',#2523,2.);
#936=CIRCLE('',#2556,0.999999999999996);
#937=CIRCLE('',#2557,0.999999999999996);
#938=CIRCLE('',#2559,0.999999999999996);
#939=CIRCLE('',#2560,0.999999999999996);
#940=CIRCLE('',#2562,0.999999999999996);
#941=CIRCLE('',#2563,0.999999999999996);
#942=CIRCLE('',#2565,0.999999999999996);
#943=CIRCLE('',#2566,0.999999999999996);
#944=CIRCLE('',#2568,1.00000000000001);
#945=CIRCLE('',#2569,1.00000000000001);
#946=CIRCLE('',#2571,1.00000000000001);
#947=CIRCLE('',#2572,1.00000000000001);
#948=CIRCLE('',#2574,1.00000000000001);
#949=CIRCLE('',#2575,1.00000000000001);
#950=CIRCLE('',#2577,1.00000000000001);
#951=CIRCLE('',#2578,1.00000000000001);
#952=CIRCLE('',#2580,0.999999999999996);
#953=CIRCLE('',#2581,0.999999999999996);
#954=CIRCLE('',#2583,1.00000001490116);
#955=CIRCLE('',#2584,1.00000001490116);
#956=CIRCLE('',#2586,1.00000000000001);
#957=CIRCLE('',#2587,1.00000000000001);
#958=CIRCLE('',#2589,1.00000000000001);
#959=CIRCLE('',#2590,1.00000000000001);
#960=CIRCLE('',#2592,2.00000000000001);
#961=CIRCLE('',#2593,2.00000000000001);
#962=CIRCLE('',#2596,2.00000002980232);
#963=CIRCLE('',#2597,2.00000002980232);
#964=CIRCLE('',#2600,2.00000002980232);
#965=CIRCLE('',#2601,2.00000002980232);
#966=CIRCLE('',#2604,2.00000002980232);
#967=CIRCLE('',#2605,2.00000002980232);
#968=CIRCLE('',#2609,1.);
#969=CIRCLE('',#2610,1.);
#970=CIRCLE('',#2613,1.);
#971=CIRCLE('',#2614,1.);
#972=CIRCLE('',#2617,1.);
#973=CIRCLE('',#2618,1.);
#974=CIRCLE('',#2621,1.);
#975=CIRCLE('',#2622,1.);
#976=CIRCLE('',#2625,1.);
#977=CIRCLE('',#2626,1.);
#978=CIRCLE('',#2629,1.);
#979=CIRCLE('',#2630,1.);
#980=CIRCLE('',#2632,1.);
#981=CIRCLE('',#2633,1.);
#982=CIRCLE('',#2636,1.);
#983=CIRCLE('',#2637,1.);
#984=CIRCLE('',#2640,1.);
#985=CIRCLE('',#2641,1.);
#986=CIRCLE('',#2644,1.);
#987=CIRCLE('',#2645,1.);
#988=CIRCLE('',#2648,1.);
#989=CIRCLE('',#2649,1.);
#990=CIRCLE('',#2652,1.);
#991=CIRCLE('',#2653,1.);
#992=CIRCLE('',#2657,0.5);
#993=CIRCLE('',#2658,0.5);
#994=CIRCLE('',#2661,0.5);
#995=CIRCLE('',#2662,0.5);
#996=CIRCLE('',#2663,0.5);
#997=CIRCLE('',#2665,0.5);
#998=CIRCLE('',#2668,0.5);
#999=CIRCLE('',#2671,0.5);
#1000=CIRCLE('',#2672,0.5);
#1001=CIRCLE('',#2675,0.5);
#1002=CIRCLE('',#2676,0.5);
#1003=CIRCLE('',#2677,0.5);
#1004=CIRCLE('',#2679,0.5);
#1005=CIRCLE('',#2682,0.5);
#1006=CIRCLE('',#2684,0.5);
#1007=CIRCLE('',#2686,0.5);
#1008=CIRCLE('',#2688,2.);
#1009=CIRCLE('',#2689,2.);
#1010=CIRCLE('',#2690,2.);
#1011=CIRCLE('',#2691,2.);
#1012=CIRCLE('',#2692,1.25);
#1013=CIRCLE('',#2693,1.25);
#1014=CIRCLE('',#2694,1.25);
#1015=CIRCLE('',#2695,1.25);
#1016=CIRCLE('',#2697,1.25);
#1017=CIRCLE('',#2699,1.25);
#1018=CIRCLE('',#2700,1.25);
#1019=CIRCLE('',#2701,1.25);
#1020=CIRCLE('',#2707,2.);
#1021=CIRCLE('',#2710,2.);
#1022=CIRCLE('',#2711,2.);
#1023=CIRCLE('',#2712,2.);
#1024=VERTEX_POINT('',#3453);
#1025=VERTEX_POINT('',#3455);
#1026=VERTEX_POINT('',#3459);
#1027=VERTEX_POINT('',#3461);
#1028=VERTEX_POINT('',#3465);
#1029=VERTEX_POINT('',#3467);
#1030=VERTEX_POINT('',#3471);
#1031=VERTEX_POINT('',#3473);
#1032=VERTEX_POINT('',#3477);
#1033=VERTEX_POINT('',#3480);
#1034=VERTEX_POINT('',#3481);
#1035=VERTEX_POINT('',#3485);
#1036=VERTEX_POINT('',#3488);
#1037=VERTEX_POINT('',#3491);
#1038=VERTEX_POINT('',#3495);
#1039=VERTEX_POINT('',#3499);
#1040=VERTEX_POINT('',#3503);
#1041=VERTEX_POINT('',#3504);
#1042=VERTEX_POINT('',#3506);
#1043=VERTEX_POINT('',#3509);
#1044=VERTEX_POINT('',#3518);
#1045=VERTEX_POINT('',#3519);
#1046=VERTEX_POINT('',#3521);
#1047=VERTEX_POINT('',#3523);
#1048=VERTEX_POINT('',#3527);
#1049=VERTEX_POINT('',#3529);
#1050=VERTEX_POINT('',#3531);
#1051=VERTEX_POINT('',#3533);
#1052=VERTEX_POINT('',#3535);
#1053=VERTEX_POINT('',#3537);
#1054=VERTEX_POINT('',#3540);
#1055=VERTEX_POINT('',#3541);
#1056=VERTEX_POINT('',#3543);
#1057=VERTEX_POINT('',#3545);
#1058=VERTEX_POINT('',#3549);
#1059=VERTEX_POINT('',#3552);
#1060=VERTEX_POINT('',#3553);
#1061=VERTEX_POINT('',#3555);
#1062=VERTEX_POINT('',#3557);
#1063=VERTEX_POINT('',#3560);
#1064=VERTEX_POINT('',#3561);
#1065=VERTEX_POINT('',#3563);
#1066=VERTEX_POINT('',#3565);
#1067=VERTEX_POINT('',#3569);
#1068=VERTEX_POINT('',#3573);
#1069=VERTEX_POINT('',#3575);
#1070=VERTEX_POINT('',#3579);
#1071=VERTEX_POINT('',#3582);
#1072=VERTEX_POINT('',#3583);
#1073=VERTEX_POINT('',#3585);
#1074=VERTEX_POINT('',#3587);
#1075=VERTEX_POINT('',#3590);
#1076=VERTEX_POINT('',#3591);
#1077=VERTEX_POINT('',#3593);
#1078=VERTEX_POINT('',#3595);
#1079=VERTEX_POINT('',#3599);
#1080=VERTEX_POINT('',#3606);
#1081=VERTEX_POINT('',#3607);
#1082=VERTEX_POINT('',#3609);
#1083=VERTEX_POINT('',#3611);
#1084=VERTEX_POINT('',#3615);
#1085=VERTEX_POINT('',#3617);
#1086=VERTEX_POINT('',#3621);
#1087=VERTEX_POINT('',#3623);
#1088=VERTEX_POINT('',#3630);
#1089=VERTEX_POINT('',#3632);
#1090=VERTEX_POINT('',#3636);
#1091=VERTEX_POINT('',#3640);
#1092=VERTEX_POINT('',#3647);
#1093=VERTEX_POINT('',#3649);
#1094=VERTEX_POINT('',#3653);
#1095=VERTEX_POINT('',#3657);
#1096=VERTEX_POINT('',#3664);
#1097=VERTEX_POINT('',#3665);
#1098=VERTEX_POINT('',#3670);
#1099=VERTEX_POINT('',#3674);
#1100=VERTEX_POINT('',#3680);
#1101=VERTEX_POINT('',#3681);
#1102=VERTEX_POINT('',#3683);
#1103=VERTEX_POINT('',#3685);
#1104=VERTEX_POINT('',#3691);
#1105=VERTEX_POINT('',#3692);
#1106=VERTEX_POINT('',#3694);
#1107=VERTEX_POINT('',#3696);
#1108=VERTEX_POINT('',#3716);
#1109=VERTEX_POINT('',#3718);
#1110=VERTEX_POINT('',#3722);
#1111=VERTEX_POINT('',#3724);
#1112=VERTEX_POINT('',#3728);
#1113=VERTEX_POINT('',#3730);
#1114=VERTEX_POINT('',#3734);
#1115=VERTEX_POINT('',#3736);
#1116=VERTEX_POINT('',#3740);
#1117=VERTEX_POINT('',#3741);
#1118=VERTEX_POINT('',#3743);
#1119=VERTEX_POINT('',#3745);
#1120=VERTEX_POINT('',#3749);
#1121=VERTEX_POINT('',#3750);
#1122=VERTEX_POINT('',#3752);
#1123=VERTEX_POINT('',#3754);
#1124=VERTEX_POINT('',#3758);
#1125=VERTEX_POINT('',#3759);
#1126=VERTEX_POINT('',#3761);
#1127=VERTEX_POINT('',#3763);
#1128=VERTEX_POINT('',#3767);
#1129=VERTEX_POINT('',#3768);
#1130=VERTEX_POINT('',#3770);
#1131=VERTEX_POINT('',#3772);
#1132=VERTEX_POINT('',#3788);
#1133=VERTEX_POINT('',#3790);
#1134=VERTEX_POINT('',#3795);
#1135=VERTEX_POINT('',#3797);
#1136=VERTEX_POINT('',#3802);
#1137=VERTEX_POINT('',#3804);
#1138=VERTEX_POINT('',#3809);
#1139=VERTEX_POINT('',#3811);
#1140=VERTEX_POINT('',#3816);
#1141=VERTEX_POINT('',#3817);
#1142=VERTEX_POINT('',#3819);
#1143=VERTEX_POINT('',#3821);
#1144=VERTEX_POINT('',#3825);
#1145=VERTEX_POINT('',#3827);
#1146=VERTEX_POINT('',#3831);
#1147=VERTEX_POINT('',#3833);
#1148=VERTEX_POINT('',#3837);
#1149=VERTEX_POINT('',#3839);
#1150=VERTEX_POINT('',#3843);
#1151=VERTEX_POINT('',#3845);
#1152=VERTEX_POINT('',#3849);
#1153=VERTEX_POINT('',#3851);
#1154=VERTEX_POINT('',#3855);
#1155=VERTEX_POINT('',#3857);
#1156=VERTEX_POINT('',#3861);
#1157=VERTEX_POINT('',#3863);
#1158=VERTEX_POINT('',#3867);
#1159=VERTEX_POINT('',#3869);
#1160=VERTEX_POINT('',#3873);
#1161=VERTEX_POINT('',#3875);
#1162=VERTEX_POINT('',#3879);
#1163=VERTEX_POINT('',#3881);
#1164=VERTEX_POINT('',#3885);
#1165=VERTEX_POINT('',#3887);
#1166=VERTEX_POINT('',#3891);
#1167=VERTEX_POINT('',#3893);
#1168=VERTEX_POINT('',#3897);
#1169=VERTEX_POINT('',#3899);
#1170=VERTEX_POINT('',#3903);
#1171=VERTEX_POINT('',#3905);
#1172=VERTEX_POINT('',#3909);
#1173=VERTEX_POINT('',#3911);
#1174=VERTEX_POINT('',#3915);
#1175=VERTEX_POINT('',#3917);
#1176=VERTEX_POINT('',#3921);
#1177=VERTEX_POINT('',#3923);
#1178=VERTEX_POINT('',#3927);
#1179=VERTEX_POINT('',#3929);
#1180=VERTEX_POINT('',#3933);
#1181=VERTEX_POINT('',#3935);
#1182=VERTEX_POINT('',#3939);
#1183=VERTEX_POINT('',#3941);
#1184=VERTEX_POINT('',#3945);
#1185=VERTEX_POINT('',#3947);
#1186=VERTEX_POINT('',#3951);
#1187=VERTEX_POINT('',#3953);
#1188=VERTEX_POINT('',#3961);
#1189=VERTEX_POINT('',#3962);
#1190=VERTEX_POINT('',#3964);
#1191=VERTEX_POINT('',#3966);
#1192=VERTEX_POINT('',#3970);
#1193=VERTEX_POINT('',#3972);
#1194=VERTEX_POINT('',#3976);
#1195=VERTEX_POINT('',#3978);
#1196=VERTEX_POINT('',#3980);
#1197=VERTEX_POINT('',#3982);
#1198=VERTEX_POINT('',#3984);
#1199=VERTEX_POINT('',#3988);
#1200=VERTEX_POINT('',#3992);
#1201=VERTEX_POINT('',#3996);
#1202=VERTEX_POINT('',#4000);
#1203=VERTEX_POINT('',#4004);
#1204=VERTEX_POINT('',#4005);
#1205=VERTEX_POINT('',#4007);
#1206=VERTEX_POINT('',#4009);
#1207=VERTEX_POINT('',#4013);
#1208=VERTEX_POINT('',#4015);
#1209=VERTEX_POINT('',#4019);
#1210=VERTEX_POINT('',#4021);
#1211=VERTEX_POINT('',#4023);
#1212=VERTEX_POINT('',#4025);
#1213=VERTEX_POINT('',#4027);
#1214=VERTEX_POINT('',#4031);
#1215=VERTEX_POINT('',#4033);
#1216=VERTEX_POINT('',#4037);
#1217=VERTEX_POINT('',#4041);
#1218=VERTEX_POINT('',#4045);
#1219=VERTEX_POINT('',#4049);
#1220=VERTEX_POINT('',#4053);
#1221=VERTEX_POINT('',#4054);
#1222=VERTEX_POINT('',#4056);
#1223=VERTEX_POINT('',#4058);
#1224=VERTEX_POINT('',#4060);
#1225=VERTEX_POINT('',#4062);
#1226=VERTEX_POINT('',#4064);
#1227=VERTEX_POINT('',#4066);
#1228=VERTEX_POINT('',#4069);
#1229=VERTEX_POINT('',#4070);
#1230=VERTEX_POINT('',#4072);
#1231=VERTEX_POINT('',#4074);
#1232=VERTEX_POINT('',#4076);
#1233=VERTEX_POINT('',#4078);
#1234=VERTEX_POINT('',#4082);
#1235=VERTEX_POINT('',#4083);
#1236=VERTEX_POINT('',#4088);
#1237=VERTEX_POINT('',#4090);
#1238=VERTEX_POINT('',#4092);
#1239=VERTEX_POINT('',#4094);
#1240=VERTEX_POINT('',#4109);
#1241=VERTEX_POINT('',#4111);
#1242=VERTEX_POINT('',#4115);
#1243=VERTEX_POINT('',#4119);
#1244=VERTEX_POINT('',#4121);
#1245=VERTEX_POINT('',#4123);
#1246=VERTEX_POINT('',#4125);
#1247=VERTEX_POINT('',#4127);
#1248=EDGE_CURVE('',#1024,#1024,#908,.T.);
#1249=EDGE_CURVE('',#1024,#1025,#466,.T.);
#1250=EDGE_CURVE('',#1025,#1025,#909,.T.);
#1251=EDGE_CURVE('',#1026,#1026,#910,.T.);
#1252=EDGE_CURVE('',#1026,#1027,#467,.T.);
#1253=EDGE_CURVE('',#1027,#1027,#911,.T.);
#1254=EDGE_CURVE('',#1028,#1028,#912,.T.);
#1255=EDGE_CURVE('',#1028,#1029,#468,.T.);
#1256=EDGE_CURVE('',#1029,#1029,#913,.T.);
#1257=EDGE_CURVE('',#1030,#1030,#914,.T.);
#1258=EDGE_CURVE('',#1030,#1031,#469,.T.);
#1259=EDGE_CURVE('',#1031,#1031,#915,.T.);
#1260=EDGE_CURVE('',#1032,#1032,#916,.T.);
#1261=EDGE_CURVE('',#1033,#1034,#917,.T.);
#1262=EDGE_CURVE('',#1034,#1033,#918,.T.);
#1263=EDGE_CURVE('',#1035,#1035,#919,.T.);
#1264=EDGE_CURVE('',#1036,#1036,#920,.T.);
#1265=EDGE_CURVE('',#1036,#1037,#470,.T.);
#1266=EDGE_CURVE('',#1037,#1037,#921,.T.);
#1267=EDGE_CURVE('',#1035,#1038,#471,.T.);
#1268=EDGE_CURVE('',#1038,#1038,#922,.T.);
#1269=EDGE_CURVE('',#1032,#1039,#472,.T.);
#1270=EDGE_CURVE('',#1039,#1039,#923,.T.);
#1271=EDGE_CURVE('',#1040,#1041,#924,.T.);
#1272=EDGE_CURVE('',#1042,#1040,#473,.T.);
#1273=EDGE_CURVE('',#1042,#1033,#474,.T.);
#1274=EDGE_CURVE('',#1043,#1034,#475,.T.);
#1275=EDGE_CURVE('',#1041,#1043,#476,.T.);
#1276=EDGE_CURVE('',#1043,#1042,#925,.T.);
#1277=EDGE_CURVE('',#1042,#1043,#926,.T.);
#1278=EDGE_CURVE('',#1041,#1040,#927,.T.);
#1279=EDGE_CURVE('',#1044,#1045,#928,.T.);
#1280=EDGE_CURVE('',#1045,#1046,#477,.T.);
#1281=EDGE_CURVE('',#1046,#1047,#929,.T.);
#1282=EDGE_CURVE('',#1047,#1044,#478,.T.);
#1283=EDGE_CURVE('',#1044,#1048,#479,.T.);
#1284=EDGE_CURVE('',#1049,#1048,#930,.T.);
#1285=EDGE_CURVE('',#1049,#1050,#480,.T.);
#1286=EDGE_CURVE('',#1051,#1050,#931,.T.);
#1287=EDGE_CURVE('',#1051,#1052,#481,.T.);
#1288=EDGE_CURVE('',#1053,#1052,#932,.T.);
#1289=EDGE_CURVE('',#1053,#1045,#482,.T.);
#1290=EDGE_CURVE('',#1054,#1055,#483,.T.);
#1291=EDGE_CURVE('',#1055,#1056,#484,.T.);
#1292=EDGE_CURVE('',#1056,#1057,#485,.T.);
#1293=EDGE_CURVE('',#1057,#1054,#486,.T.);
#1294=EDGE_CURVE('',#1047,#1058,#487,.T.);
#1295=EDGE_CURVE('',#1048,#1058,#488,.T.);
#1296=EDGE_CURVE('',#1059,#1060,#489,.T.);
#1297=EDGE_CURVE('',#1060,#1061,#490,.T.);
#1298=EDGE_CURVE('',#1061,#1062,#491,.T.);
#1299=EDGE_CURVE('',#1062,#1059,#492,.T.);
#1300=EDGE_CURVE('',#1063,#1064,#493,.T.);
#1301=EDGE_CURVE('',#1064,#1065,#494,.T.);
#1302=EDGE_CURVE('',#1065,#1066,#495,.T.);
#1303=EDGE_CURVE('',#1066,#1063,#496,.T.);
#1304=EDGE_CURVE('',#1058,#1067,#933,.T.);
#1305=EDGE_CURVE('',#1067,#1049,#497,.T.);
#1306=EDGE_CURVE('',#1050,#1068,#498,.T.);
#1307=EDGE_CURVE('',#1068,#1069,#934,.T.);
#1308=EDGE_CURVE('',#1069,#1051,#499,.T.);
#1309=EDGE_CURVE('',#1070,#1069,#500,.T.);
#1310=EDGE_CURVE('',#1052,#1070,#501,.T.);
#1311=EDGE_CURVE('',#1071,#1072,#502,.T.);
#1312=EDGE_CURVE('',#1072,#1073,#503,.T.);
#1313=EDGE_CURVE('',#1073,#1074,#504,.T.);
#1314=EDGE_CURVE('',#1074,#1071,#505,.T.);
#1315=EDGE_CURVE('',#1075,#1076,#506,.T.);
#1316=EDGE_CURVE('',#1076,#1077,#507,.T.);
#1317=EDGE_CURVE('',#1077,#1078,#508,.T.);
#1318=EDGE_CURVE('',#1078,#1075,#509,.T.);
#1319=EDGE_CURVE('',#1079,#1046,#510,.T.);
#1320=EDGE_CURVE('',#1070,#1079,#935,.T.);
#1321=EDGE_CURVE('',#1067,#1068,#511,.T.);
#1322=EDGE_CURVE('',#1079,#1053,#512,.T.);
#1323=EDGE_CURVE('',#1080,#1081,#513,.T.);
#1324=EDGE_CURVE('',#1080,#1082,#514,.T.);
#1325=EDGE_CURVE('',#1083,#1082,#515,.T.);
#1326=EDGE_CURVE('',#1081,#1083,#516,.T.);
#1327=EDGE_CURVE('',#1084,#1080,#517,.T.);
#1328=EDGE_CURVE('',#1084,#1085,#518,.T.);
#1329=EDGE_CURVE('',#1082,#1085,#519,.T.);
#1330=EDGE_CURVE('',#1086,#1084,#520,.T.);
#1331=EDGE_CURVE('',#1086,#1087,#521,.T.);
#1332=EDGE_CURVE('',#1085,#1087,#522,.T.);
#1333=EDGE_CURVE('',#1081,#1086,#523,.T.);
#1334=EDGE_CURVE('',#1087,#1083,#524,.T.);
#1335=EDGE_CURVE('',#1059,#1088,#525,.T.);
#1336=EDGE_CURVE('',#1088,#1089,#526,.T.);
#1337=EDGE_CURVE('',#1060,#1089,#527,.T.);
#1338=EDGE_CURVE('',#1062,#1090,#528,.T.);
#1339=EDGE_CURVE('',#1090,#1088,#529,.T.);
#1340=EDGE_CURVE('',#1061,#1091,#530,.T.);
#1341=EDGE_CURVE('',#1091,#1090,#531,.T.);
#1342=EDGE_CURVE('',#1089,#1091,#532,.T.);
#1343=EDGE_CURVE('',#1063,#1092,#533,.T.);
#1344=EDGE_CURVE('',#1092,#1093,#534,.T.);
#1345=EDGE_CURVE('',#1064,#1093,#535,.T.);
#1346=EDGE_CURVE('',#1066,#1094,#536,.T.);
#1347=EDGE_CURVE('',#1094,#1092,#537,.T.);
#1348=EDGE_CURVE('',#1065,#1095,#538,.T.);
#1349=EDGE_CURVE('',#1095,#1094,#539,.T.);
#1350=EDGE_CURVE('',#1093,#1095,#540,.T.);
#1351=EDGE_CURVE('',#1096,#1097,#541,.T.);
#1352=EDGE_CURVE('',#1074,#1096,#542,.T.);
#1353=EDGE_CURVE('',#1073,#1097,#543,.T.);
#1354=EDGE_CURVE('',#1097,#1098,#544,.T.);
#1355=EDGE_CURVE('',#1072,#1098,#545,.T.);
#1356=EDGE_CURVE('',#1098,#1099,#546,.T.);
#1357=EDGE_CURVE('',#1071,#1099,#547,.T.);
#1358=EDGE_CURVE('',#1099,#1096,#548,.T.);
#1359=EDGE_CURVE('',#1100,#1101,#549,.T.);
#1360=EDGE_CURVE('',#1101,#1102,#550,.T.);
#1361=EDGE_CURVE('',#1102,#1103,#551,.T.);
#1362=EDGE_CURVE('',#1103,#1100,#552,.T.);
#1363=EDGE_CURVE('',#1100,#1055,#553,.T.);
#1364=EDGE_CURVE('',#1101,#1054,#554,.T.);
#1365=EDGE_CURVE('',#1104,#1105,#555,.T.);
#1366=EDGE_CURVE('',#1105,#1106,#556,.T.);
#1367=EDGE_CURVE('',#1106,#1107,#557,.T.);
#1368=EDGE_CURVE('',#1107,#1104,#558,.T.);
#1369=EDGE_CURVE('',#1078,#1106,#559,.T.);
#1370=EDGE_CURVE('',#1077,#1107,#560,.T.);
#1371=EDGE_CURVE('',#1076,#1104,#561,.T.);
#1372=EDGE_CURVE('',#1075,#1105,#562,.T.);
#1373=EDGE_CURVE('',#1102,#1057,#563,.T.);
#1374=EDGE_CURVE('',#1103,#1056,#564,.T.);
#1375=EDGE_CURVE('',#1108,#1108,#936,.T.);
#1376=EDGE_CURVE('',#1108,#1109,#565,.T.);
#1377=EDGE_CURVE('',#1109,#1109,#937,.T.);
#1378=EDGE_CURVE('',#1110,#1110,#938,.T.);
#1379=EDGE_CURVE('',#1110,#1111,#566,.T.);
#1380=EDGE_CURVE('',#1111,#1111,#939,.T.);
#1381=EDGE_CURVE('',#1112,#1112,#940,.T.);
#1382=EDGE_CURVE('',#1112,#1113,#567,.T.);
#1383=EDGE_CURVE('',#1113,#1113,#941,.T.);
#1384=EDGE_CURVE('',#1114,#1114,#942,.T.);
#1385=EDGE_CURVE('',#1114,#1115,#568,.T.);
#1386=EDGE_CURVE('',#1115,#1115,#943,.T.);
#1387=EDGE_CURVE('',#1116,#1117,#944,.T.);
#1388=EDGE_CURVE('',#1118,#1116,#569,.T.);
#1389=EDGE_CURVE('',#1119,#1118,#945,.T.);
#1390=EDGE_CURVE('',#1117,#1119,#570,.T.);
#1391=EDGE_CURVE('',#1120,#1121,#946,.T.);
#1392=EDGE_CURVE('',#1122,#1120,#571,.T.);
#1393=EDGE_CURVE('',#1123,#1122,#947,.T.);
#1394=EDGE_CURVE('',#1121,#1123,#572,.T.);
#1395=EDGE_CURVE('',#1124,#1125,#948,.T.);
#1396=EDGE_CURVE('',#1126,#1124,#573,.T.);
#1397=EDGE_CURVE('',#1127,#1126,#949,.T.);
#1398=EDGE_CURVE('',#1125,#1127,#574,.T.);
#1399=EDGE_CURVE('',#1128,#1129,#950,.T.);
#1400=EDGE_CURVE('',#1130,#1128,#575,.T.);
#1401=EDGE_CURVE('',#1131,#1130,#951,.T.);
#1402=EDGE_CURVE('',#1129,#1131,#576,.T.);
#1403=EDGE_CURVE('',#1125,#1124,#952,.T.);
#1404=EDGE_CURVE('',#1126,#1127,#953,.T.);
#1405=EDGE_CURVE('',#1117,#1116,#954,.T.);
#1406=EDGE_CURVE('',#1118,#1119,#955,.T.);
#1407=EDGE_CURVE('',#1129,#1128,#956,.T.);
#1408=EDGE_CURVE('',#1130,#1131,#957,.T.);
#1409=EDGE_CURVE('',#1121,#1120,#958,.T.);
#1410=EDGE_CURVE('',#1122,#1123,#959,.T.);
#1411=EDGE_CURVE('',#1132,#1132,#960,.T.);
#1412=EDGE_CURVE('',#1132,#1133,#577,.T.);
#1413=EDGE_CURVE('',#1133,#1133,#961,.T.);
#1414=EDGE_CURVE('',#1134,#1134,#962,.T.);
#1415=EDGE_CURVE('',#1134,#1135,#578,.T.);
#1416=EDGE_CURVE('',#1135,#1135,#963,.T.);
#1417=EDGE_CURVE('',#1136,#1136,#964,.T.);
#1418=EDGE_CURVE('',#1136,#1137,#579,.T.);
#1419=EDGE_CURVE('',#1137,#1137,#965,.T.);
#1420=EDGE_CURVE('',#1138,#1138,#966,.T.);
#1421=EDGE_CURVE('',#1138,#1139,#580,.T.);
#1422=EDGE_CURVE('',#1139,#1139,#967,.T.);
#1423=EDGE_CURVE('',#1140,#1141,#581,.T.);
#1424=EDGE_CURVE('',#1140,#1142,#582,.T.);
#1425=EDGE_CURVE('',#1143,#1142,#583,.T.);
#1426=EDGE_CURVE('',#1141,#1143,#584,.T.);
#1427=EDGE_CURVE('',#1140,#1144,#968,.T.);
#1428=EDGE_CURVE('',#1144,#1145,#585,.T.);
#1429=EDGE_CURVE('',#1142,#1145,#969,.T.);
#1430=EDGE_CURVE('',#1146,#1144,#586,.T.);
#1431=EDGE_CURVE('',#1146,#1147,#587,.T.);
#1432=EDGE_CURVE('',#1145,#1147,#588,.T.);
#1433=EDGE_CURVE('',#1146,#1148,#970,.T.);
#1434=EDGE_CURVE('',#1148,#1149,#589,.T.);
#1435=EDGE_CURVE('',#1147,#1149,#971,.T.);
#1436=EDGE_CURVE('',#1150,#1148,#590,.T.);
#1437=EDGE_CURVE('',#1150,#1151,#591,.T.);
#1438=EDGE_CURVE('',#1149,#1151,#592,.T.);
#1439=EDGE_CURVE('',#1150,#1152,#972,.T.);
#1440=EDGE_CURVE('',#1152,#1153,#593,.T.);
#1441=EDGE_CURVE('',#1151,#1153,#973,.T.);
#1442=EDGE_CURVE('',#1154,#1152,#594,.T.);
#1443=EDGE_CURVE('',#1154,#1155,#595,.T.);
#1444=EDGE_CURVE('',#1153,#1155,#596,.T.);
#1445=EDGE_CURVE('',#1154,#1156,#974,.T.);
#1446=EDGE_CURVE('',#1156,#1157,#597,.T.);
#1447=EDGE_CURVE('',#1155,#1157,#975,.T.);
#1448=EDGE_CURVE('',#1158,#1156,#598,.T.);
#1449=EDGE_CURVE('',#1158,#1159,#599,.T.);
#1450=EDGE_CURVE('',#1157,#1159,#600,.T.);
#1451=EDGE_CURVE('',#1158,#1160,#976,.T.);
#1452=EDGE_CURVE('',#1160,#1161,#601,.T.);
#1453=EDGE_CURVE('',#1159,#1161,#977,.T.);
#1454=EDGE_CURVE('',#1162,#1160,#602,.T.);
#1455=EDGE_CURVE('',#1162,#1163,#603,.T.);
#1456=EDGE_CURVE('',#1161,#1163,#604,.T.);
#1457=EDGE_CURVE('',#1162,#1164,#978,.T.);
#1458=EDGE_CURVE('',#1164,#1165,#605,.T.);
#1459=EDGE_CURVE('',#1163,#1165,#979,.T.);
#1460=EDGE_CURVE('',#1166,#1141,#980,.T.);
#1461=EDGE_CURVE('',#1167,#1143,#981,.T.);
#1462=EDGE_CURVE('',#1166,#1167,#606,.T.);
#1463=EDGE_CURVE('',#1166,#1168,#607,.T.);
#1464=EDGE_CURVE('',#1169,#1167,#608,.T.);
#1465=EDGE_CURVE('',#1168,#1169,#609,.T.);
#1466=EDGE_CURVE('',#1170,#1168,#982,.T.);
#1467=EDGE_CURVE('',#1171,#1169,#983,.T.);
#1468=EDGE_CURVE('',#1170,#1171,#610,.T.);
#1469=EDGE_CURVE('',#1170,#1172,#611,.T.);
#1470=EDGE_CURVE('',#1173,#1171,#612,.T.);
#1471=EDGE_CURVE('',#1172,#1173,#613,.T.);
#1472=EDGE_CURVE('',#1174,#1172,#984,.T.);
#1473=EDGE_CURVE('',#1175,#1173,#985,.T.);
#1474=EDGE_CURVE('',#1174,#1175,#614,.T.);
#1475=EDGE_CURVE('',#1174,#1176,#615,.T.);
#1476=EDGE_CURVE('',#1177,#1175,#616,.T.);
#1477=EDGE_CURVE('',#1176,#1177,#617,.T.);
#1478=EDGE_CURVE('',#1178,#1176,#986,.T.);
#1479=EDGE_CURVE('',#1179,#1177,#987,.T.);
#1480=EDGE_CURVE('',#1178,#1179,#618,.T.);
#1481=EDGE_CURVE('',#1178,#1180,#619,.T.);
#1482=EDGE_CURVE('',#1181,#1179,#620,.T.);
#1483=EDGE_CURVE('',#1180,#1181,#621,.T.);
#1484=EDGE_CURVE('',#1182,#1180,#988,.T.);
#1485=EDGE_CURVE('',#1183,#1181,#989,.T.);
#1486=EDGE_CURVE('',#1182,#1183,#622,.T.);
#1487=EDGE_CURVE('',#1182,#1184,#623,.T.);
#1488=EDGE_CURVE('',#1185,#1183,#624,.T.);
#1489=EDGE_CURVE('',#1184,#1185,#625,.T.);
#1490=EDGE_CURVE('',#1186,#1184,#990,.T.);
#1491=EDGE_CURVE('',#1187,#1185,#991,.T.);
#1492=EDGE_CURVE('',#1186,#1187,#626,.T.);
#1493=EDGE_CURVE('',#1186,#1164,#627,.T.);
#1494=EDGE_CURVE('',#1165,#1187,#628,.T.);
#1495=EDGE_CURVE('',#1188,#1189,#992,.T.);
#1496=EDGE_CURVE('',#1189,#1190,#629,.T.);
#1497=EDGE_CURVE('',#1190,#1191,#993,.F.);
#1498=EDGE_CURVE('',#1191,#1188,#630,.T.);
#1499=EDGE_CURVE('',#1192,#1189,#631,.T.);
#1500=EDGE_CURVE('',#1193,#1192,#632,.T.);
#1501=EDGE_CURVE('',#1193,#1190,#633,.T.);
#1502=EDGE_CURVE('',#1188,#1194,#634,.T.);
#1503=EDGE_CURVE('',#1195,#1194,#994,.T.);
#1504=EDGE_CURVE('',#1195,#1196,#635,.T.);
#1505=EDGE_CURVE('',#1197,#1196,#995,.T.);
#1506=EDGE_CURVE('',#1197,#1198,#636,.T.);
#1507=EDGE_CURVE('',#1192,#1198,#996,.T.);
#1508=EDGE_CURVE('',#1198,#1199,#637,.T.);
#1509=EDGE_CURVE('',#1199,#1193,#997,.F.);
#1510=EDGE_CURVE('',#1200,#1197,#638,.T.);
#1511=EDGE_CURVE('',#1200,#1199,#639,.T.);
#1512=EDGE_CURVE('',#1196,#1201,#640,.T.);
#1513=EDGE_CURVE('',#1201,#1200,#998,.F.);
#1514=EDGE_CURVE('',#1202,#1195,#641,.T.);
#1515=EDGE_CURVE('',#1202,#1201,#642,.T.);
#1516=EDGE_CURVE('',#1203,#1204,#999,.T.);
#1517=EDGE_CURVE('',#1204,#1205,#643,.T.);
#1518=EDGE_CURVE('',#1205,#1206,#1000,.F.);
#1519=EDGE_CURVE('',#1206,#1203,#644,.T.);
#1520=EDGE_CURVE('',#1207,#1204,#645,.T.);
#1521=EDGE_CURVE('',#1208,#1207,#646,.T.);
#1522=EDGE_CURVE('',#1208,#1205,#647,.T.);
#1523=EDGE_CURVE('',#1203,#1209,#648,.T.);
#1524=EDGE_CURVE('',#1210,#1209,#1001,.T.);
#1525=EDGE_CURVE('',#1210,#1211,#649,.T.);
#1526=EDGE_CURVE('',#1212,#1211,#1002,.T.);
#1527=EDGE_CURVE('',#1212,#1213,#650,.T.);
#1528=EDGE_CURVE('',#1207,#1213,#1003,.T.);
#1529=EDGE_CURVE('',#1209,#1214,#651,.T.);
#1530=EDGE_CURVE('',#1214,#1215,#1004,.F.);
#1531=EDGE_CURVE('',#1215,#1210,#652,.T.);
#1532=EDGE_CURVE('',#1215,#1216,#653,.T.);
#1533=EDGE_CURVE('',#1211,#1216,#654,.T.);
#1534=EDGE_CURVE('',#1216,#1217,#1005,.F.);
#1535=EDGE_CURVE('',#1217,#1212,#655,.T.);
#1536=EDGE_CURVE('',#1213,#1218,#656,.T.);
#1537=EDGE_CURVE('',#1218,#1208,#1006,.F.);
#1538=EDGE_CURVE('',#1194,#1219,#657,.T.);
#1539=EDGE_CURVE('',#1219,#1202,#1007,.F.);
#1540=EDGE_CURVE('',#1220,#1221,#1008,.T.);
#1541=EDGE_CURVE('',#1220,#1222,#658,.T.);
#1542=EDGE_CURVE('',#1223,#1222,#1009,.T.);
#1543=EDGE_CURVE('',#1223,#1224,#659,.T.);
#1544=EDGE_CURVE('',#1225,#1224,#1010,.T.);
#1545=EDGE_CURVE('',#1225,#1226,#660,.T.);
#1546=EDGE_CURVE('',#1227,#1226,#1011,.T.);
#1547=EDGE_CURVE('',#1227,#1221,#661,.T.);
#1548=EDGE_CURVE('',#1228,#1229,#662,.T.);
#1549=EDGE_CURVE('',#1230,#1229,#1012,.T.);
#1550=EDGE_CURVE('',#1231,#1230,#1013,.T.);
#1551=EDGE_CURVE('',#1231,#1232,#663,.T.);
#1552=EDGE_CURVE('',#1233,#1232,#1014,.T.);
#1553=EDGE_CURVE('',#1228,#1233,#1015,.T.);
#1554=EDGE_CURVE('',#1234,#1235,#1016,.T.);
#1555=EDGE_CURVE('',#1234,#1231,#664,.T.);
#1556=EDGE_CURVE('',#1235,#1230,#665,.T.);
#1557=EDGE_CURVE('',#1235,#1236,#1017,.T.);
#1558=EDGE_CURVE('',#1237,#1236,#666,.T.);
#1559=EDGE_CURVE('',#1237,#1238,#1018,.T.);
#1560=EDGE_CURVE('',#1238,#1239,#1019,.T.);
#1561=EDGE_CURVE('',#1234,#1239,#667,.T.);
#1562=EDGE_CURVE('',#1217,#1218,#668,.T.);
#1563=EDGE_CURVE('',#1206,#1214,#669,.T.);
#1564=EDGE_CURVE('',#1191,#1219,#670,.T.);
#1565=EDGE_CURVE('',#1229,#1236,#671,.T.);
#1566=EDGE_CURVE('',#1237,#1228,#672,.T.);
#1567=EDGE_CURVE('',#1238,#1233,#673,.T.);
#1568=EDGE_CURVE('',#1232,#1239,#674,.T.);
#1569=EDGE_CURVE('',#1221,#1240,#675,.T.);
#1570=EDGE_CURVE('',#1240,#1241,#1020,.T.);
#1571=EDGE_CURVE('',#1241,#1220,#676,.T.);
#1572=EDGE_CURVE('',#1242,#1241,#677,.T.);
#1573=EDGE_CURVE('',#1222,#1242,#678,.T.);
#1574=EDGE_CURVE('',#1240,#1243,#679,.T.);
#1575=EDGE_CURVE('',#1244,#1243,#1021,.T.);
#1576=EDGE_CURVE('',#1244,#1245,#680,.T.);
#1577=EDGE_CURVE('',#1246,#1245,#1022,.T.);
#1578=EDGE_CURVE('',#1246,#1247,#681,.T.);
#1579=EDGE_CURVE('',#1242,#1247,#1023,.T.);
#1580=EDGE_CURVE('',#1247,#1223,#682,.T.);
#1581=EDGE_CURVE('',#1224,#1246,#683,.T.);
#1582=EDGE_CURVE('',#1245,#1225,#684,.T.);
#1583=EDGE_CURVE('',#1226,#1244,#685,.T.);
#1584=EDGE_CURVE('',#1243,#1227,#686,.T.);
#1585=ORIENTED_EDGE('',*,*,#1248,.F.);
#1586=ORIENTED_EDGE('',*,*,#1249,.T.);
#1587=ORIENTED_EDGE('',*,*,#1250,.F.);
#1588=ORIENTED_EDGE('',*,*,#1249,.F.);
#1589=ORIENTED_EDGE('',*,*,#1251,.F.);
#1590=ORIENTED_EDGE('',*,*,#1252,.T.);
#1591=ORIENTED_EDGE('',*,*,#1253,.F.);
#1592=ORIENTED_EDGE('',*,*,#1252,.F.);
#1593=ORIENTED_EDGE('',*,*,#1254,.F.);
#1594=ORIENTED_EDGE('',*,*,#1255,.T.);
#1595=ORIENTED_EDGE('',*,*,#1256,.F.);
#1596=ORIENTED_EDGE('',*,*,#1255,.F.);
#1597=ORIENTED_EDGE('',*,*,#1257,.F.);
#1598=ORIENTED_EDGE('',*,*,#1258,.T.);
#1599=ORIENTED_EDGE('',*,*,#1259,.F.);
#1600=ORIENTED_EDGE('',*,*,#1258,.F.);
#1601=ORIENTED_EDGE('',*,*,#1260,.T.);
#1602=ORIENTED_EDGE('',*,*,#1261,.T.);
#1603=ORIENTED_EDGE('',*,*,#1262,.T.);
#1604=ORIENTED_EDGE('',*,*,#1263,.T.);
#1605=ORIENTED_EDGE('',*,*,#1264,.T.);
#1606=ORIENTED_EDGE('',*,*,#1264,.F.);
#1607=ORIENTED_EDGE('',*,*,#1265,.T.);
#1608=ORIENTED_EDGE('',*,*,#1266,.F.);
#1609=ORIENTED_EDGE('',*,*,#1265,.F.);
#1610=ORIENTED_EDGE('',*,*,#1263,.F.);
#1611=ORIENTED_EDGE('',*,*,#1267,.T.);
#1612=ORIENTED_EDGE('',*,*,#1268,.F.);
#1613=ORIENTED_EDGE('',*,*,#1267,.F.);
#1614=ORIENTED_EDGE('',*,*,#1260,.F.);
#1615=ORIENTED_EDGE('',*,*,#1269,.T.);
#1616=ORIENTED_EDGE('',*,*,#1270,.F.);
#1617=ORIENTED_EDGE('',*,*,#1269,.F.);
#1618=ORIENTED_EDGE('',*,*,#1271,.F.);
#1619=ORIENTED_EDGE('',*,*,#1272,.F.);
#1620=ORIENTED_EDGE('',*,*,#1273,.T.);
#1621=ORIENTED_EDGE('',*,*,#1262,.F.);
#1622=ORIENTED_EDGE('',*,*,#1274,.F.);
#1623=ORIENTED_EDGE('',*,*,#1275,.F.);
#1624=ORIENTED_EDGE('',*,*,#1276,.F.);
#1625=ORIENTED_EDGE('',*,*,#1274,.T.);
#1626=ORIENTED_EDGE('',*,*,#1261,.F.);
#1627=ORIENTED_EDGE('',*,*,#1273,.F.);
#1628=ORIENTED_EDGE('',*,*,#1275,.T.);
#1629=ORIENTED_EDGE('',*,*,#1277,.F.);
#1630=ORIENTED_EDGE('',*,*,#1272,.T.);
#1631=ORIENTED_EDGE('',*,*,#1278,.F.);
#1632=ORIENTED_EDGE('',*,*,#1279,.T.);
#1633=ORIENTED_EDGE('',*,*,#1280,.T.);
#1634=ORIENTED_EDGE('',*,*,#1281,.T.);
#1635=ORIENTED_EDGE('',*,*,#1282,.T.);
#1636=ORIENTED_EDGE('',*,*,#1279,.F.);
#1637=ORIENTED_EDGE('',*,*,#1283,.T.);
#1638=ORIENTED_EDGE('',*,*,#1284,.F.);
#1639=ORIENTED_EDGE('',*,*,#1285,.T.);
#1640=ORIENTED_EDGE('',*,*,#1286,.F.);
#1641=ORIENTED_EDGE('',*,*,#1287,.T.);
#1642=ORIENTED_EDGE('',*,*,#1288,.F.);
#1643=ORIENTED_EDGE('',*,*,#1289,.T.);
#1644=ORIENTED_EDGE('',*,*,#1290,.T.);
#1645=ORIENTED_EDGE('',*,*,#1291,.T.);
#1646=ORIENTED_EDGE('',*,*,#1292,.T.);
#1647=ORIENTED_EDGE('',*,*,#1293,.T.);
#1648=ORIENTED_EDGE('',*,*,#1257,.T.);
#1649=ORIENTED_EDGE('',*,*,#1254,.T.);
#1650=ORIENTED_EDGE('',*,*,#1251,.T.);
#1651=ORIENTED_EDGE('',*,*,#1248,.T.);
#1652=ORIENTED_EDGE('',*,*,#1282,.F.);
#1653=ORIENTED_EDGE('',*,*,#1294,.T.);
#1654=ORIENTED_EDGE('',*,*,#1295,.F.);
#1655=ORIENTED_EDGE('',*,*,#1283,.F.);
#1656=ORIENTED_EDGE('',*,*,#1296,.T.);
#1657=ORIENTED_EDGE('',*,*,#1297,.T.);
#1658=ORIENTED_EDGE('',*,*,#1298,.T.);
#1659=ORIENTED_EDGE('',*,*,#1299,.T.);
#1660=ORIENTED_EDGE('',*,*,#1300,.T.);
#1661=ORIENTED_EDGE('',*,*,#1301,.T.);
#1662=ORIENTED_EDGE('',*,*,#1302,.T.);
#1663=ORIENTED_EDGE('',*,*,#1303,.T.);
#1664=ORIENTED_EDGE('',*,*,#1284,.T.);
#1665=ORIENTED_EDGE('',*,*,#1295,.T.);
#1666=ORIENTED_EDGE('',*,*,#1304,.T.);
#1667=ORIENTED_EDGE('',*,*,#1305,.T.);
#1668=ORIENTED_EDGE('',*,*,#1286,.T.);
#1669=ORIENTED_EDGE('',*,*,#1306,.T.);
#1670=ORIENTED_EDGE('',*,*,#1307,.T.);
#1671=ORIENTED_EDGE('',*,*,#1308,.T.);
#1672=ORIENTED_EDGE('',*,*,#1308,.F.);
#1673=ORIENTED_EDGE('',*,*,#1309,.F.);
#1674=ORIENTED_EDGE('',*,*,#1310,.F.);
#1675=ORIENTED_EDGE('',*,*,#1287,.F.);
#1676=ORIENTED_EDGE('',*,*,#1311,.T.);
#1677=ORIENTED_EDGE('',*,*,#1312,.T.);
#1678=ORIENTED_EDGE('',*,*,#1313,.T.);
#1679=ORIENTED_EDGE('',*,*,#1314,.T.);
#1680=ORIENTED_EDGE('',*,*,#1315,.T.);
#1681=ORIENTED_EDGE('',*,*,#1316,.T.);
#1682=ORIENTED_EDGE('',*,*,#1317,.T.);
#1683=ORIENTED_EDGE('',*,*,#1318,.T.);
#1684=ORIENTED_EDGE('',*,*,#1281,.F.);
#1685=ORIENTED_EDGE('',*,*,#1319,.F.);
#1686=ORIENTED_EDGE('',*,*,#1320,.F.);
#1687=ORIENTED_EDGE('',*,*,#1309,.T.);
#1688=ORIENTED_EDGE('',*,*,#1307,.F.);
#1689=ORIENTED_EDGE('',*,*,#1321,.F.);
#1690=ORIENTED_EDGE('',*,*,#1304,.F.);
#1691=ORIENTED_EDGE('',*,*,#1294,.F.);
#1692=ORIENTED_EDGE('',*,*,#1278,.T.);
#1693=ORIENTED_EDGE('',*,*,#1271,.T.);
#1694=ORIENTED_EDGE('',*,*,#1259,.T.);
#1695=ORIENTED_EDGE('',*,*,#1256,.T.);
#1696=ORIENTED_EDGE('',*,*,#1253,.T.);
#1697=ORIENTED_EDGE('',*,*,#1250,.T.);
#1698=ORIENTED_EDGE('',*,*,#1288,.T.);
#1699=ORIENTED_EDGE('',*,*,#1310,.T.);
#1700=ORIENTED_EDGE('',*,*,#1320,.T.);
#1701=ORIENTED_EDGE('',*,*,#1322,.T.);
#1702=ORIENTED_EDGE('',*,*,#1323,.F.);
#1703=ORIENTED_EDGE('',*,*,#1324,.T.);
#1704=ORIENTED_EDGE('',*,*,#1325,.F.);
#1705=ORIENTED_EDGE('',*,*,#1326,.F.);
#1706=ORIENTED_EDGE('',*,*,#1327,.F.);
#1707=ORIENTED_EDGE('',*,*,#1328,.T.);
#1708=ORIENTED_EDGE('',*,*,#1329,.F.);
#1709=ORIENTED_EDGE('',*,*,#1324,.F.);
#1710=ORIENTED_EDGE('',*,*,#1330,.F.);
#1711=ORIENTED_EDGE('',*,*,#1331,.T.);
#1712=ORIENTED_EDGE('',*,*,#1332,.F.);
#1713=ORIENTED_EDGE('',*,*,#1328,.F.);
#1714=ORIENTED_EDGE('',*,*,#1333,.F.);
#1715=ORIENTED_EDGE('',*,*,#1326,.T.);
#1716=ORIENTED_EDGE('',*,*,#1334,.F.);
#1717=ORIENTED_EDGE('',*,*,#1331,.F.);
#1718=ORIENTED_EDGE('',*,*,#1296,.F.);
#1719=ORIENTED_EDGE('',*,*,#1335,.T.);
#1720=ORIENTED_EDGE('',*,*,#1336,.T.);
#1721=ORIENTED_EDGE('',*,*,#1337,.F.);
#1722=ORIENTED_EDGE('',*,*,#1299,.F.);
#1723=ORIENTED_EDGE('',*,*,#1338,.T.);
#1724=ORIENTED_EDGE('',*,*,#1339,.T.);
#1725=ORIENTED_EDGE('',*,*,#1335,.F.);
#1726=ORIENTED_EDGE('',*,*,#1298,.F.);
#1727=ORIENTED_EDGE('',*,*,#1340,.T.);
#1728=ORIENTED_EDGE('',*,*,#1341,.T.);
#1729=ORIENTED_EDGE('',*,*,#1338,.F.);
#1730=ORIENTED_EDGE('',*,*,#1297,.F.);
#1731=ORIENTED_EDGE('',*,*,#1337,.T.);
#1732=ORIENTED_EDGE('',*,*,#1342,.T.);
#1733=ORIENTED_EDGE('',*,*,#1340,.F.);
#1734=ORIENTED_EDGE('',*,*,#1342,.F.);
#1735=ORIENTED_EDGE('',*,*,#1336,.F.);
#1736=ORIENTED_EDGE('',*,*,#1339,.F.);
#1737=ORIENTED_EDGE('',*,*,#1341,.F.);
#1738=ORIENTED_EDGE('',*,*,#1300,.F.);
#1739=ORIENTED_EDGE('',*,*,#1343,.T.);
#1740=ORIENTED_EDGE('',*,*,#1344,.T.);
#1741=ORIENTED_EDGE('',*,*,#1345,.F.);
#1742=ORIENTED_EDGE('',*,*,#1303,.F.);
#1743=ORIENTED_EDGE('',*,*,#1346,.T.);
#1744=ORIENTED_EDGE('',*,*,#1347,.T.);
#1745=ORIENTED_EDGE('',*,*,#1343,.F.);
#1746=ORIENTED_EDGE('',*,*,#1302,.F.);
#1747=ORIENTED_EDGE('',*,*,#1348,.T.);
#1748=ORIENTED_EDGE('',*,*,#1349,.T.);
#1749=ORIENTED_EDGE('',*,*,#1346,.F.);
#1750=ORIENTED_EDGE('',*,*,#1301,.F.);
#1751=ORIENTED_EDGE('',*,*,#1345,.T.);
#1752=ORIENTED_EDGE('',*,*,#1350,.T.);
#1753=ORIENTED_EDGE('',*,*,#1348,.F.);
#1754=ORIENTED_EDGE('',*,*,#1350,.F.);
#1755=ORIENTED_EDGE('',*,*,#1344,.F.);
#1756=ORIENTED_EDGE('',*,*,#1347,.F.);
#1757=ORIENTED_EDGE('',*,*,#1349,.F.);
#1758=ORIENTED_EDGE('',*,*,#1351,.F.);
#1759=ORIENTED_EDGE('',*,*,#1352,.F.);
#1760=ORIENTED_EDGE('',*,*,#1313,.F.);
#1761=ORIENTED_EDGE('',*,*,#1353,.T.);
#1762=ORIENTED_EDGE('',*,*,#1354,.F.);
#1763=ORIENTED_EDGE('',*,*,#1353,.F.);
#1764=ORIENTED_EDGE('',*,*,#1312,.F.);
#1765=ORIENTED_EDGE('',*,*,#1355,.T.);
#1766=ORIENTED_EDGE('',*,*,#1356,.F.);
#1767=ORIENTED_EDGE('',*,*,#1355,.F.);
#1768=ORIENTED_EDGE('',*,*,#1311,.F.);
#1769=ORIENTED_EDGE('',*,*,#1357,.T.);
#1770=ORIENTED_EDGE('',*,*,#1358,.F.);
#1771=ORIENTED_EDGE('',*,*,#1357,.F.);
#1772=ORIENTED_EDGE('',*,*,#1314,.F.);
#1773=ORIENTED_EDGE('',*,*,#1352,.T.);
#1774=ORIENTED_EDGE('',*,*,#1359,.T.);
#1775=ORIENTED_EDGE('',*,*,#1360,.T.);
#1776=ORIENTED_EDGE('',*,*,#1361,.T.);
#1777=ORIENTED_EDGE('',*,*,#1362,.T.);
#1778=ORIENTED_EDGE('',*,*,#1268,.T.);
#1779=ORIENTED_EDGE('',*,*,#1277,.T.);
#1780=ORIENTED_EDGE('',*,*,#1276,.T.);
#1781=ORIENTED_EDGE('',*,*,#1266,.T.);
#1782=ORIENTED_EDGE('',*,*,#1270,.T.);
#1783=ORIENTED_EDGE('',*,*,#1359,.F.);
#1784=ORIENTED_EDGE('',*,*,#1363,.T.);
#1785=ORIENTED_EDGE('',*,*,#1290,.F.);
#1786=ORIENTED_EDGE('',*,*,#1364,.F.);
#1787=ORIENTED_EDGE('',*,*,#1356,.T.);
#1788=ORIENTED_EDGE('',*,*,#1358,.T.);
#1789=ORIENTED_EDGE('',*,*,#1351,.T.);
#1790=ORIENTED_EDGE('',*,*,#1354,.T.);
#1791=ORIENTED_EDGE('',*,*,#1365,.T.);
#1792=ORIENTED_EDGE('',*,*,#1366,.T.);
#1793=ORIENTED_EDGE('',*,*,#1367,.T.);
#1794=ORIENTED_EDGE('',*,*,#1368,.T.);
#1795=ORIENTED_EDGE('',*,*,#1367,.F.);
#1796=ORIENTED_EDGE('',*,*,#1369,.F.);
#1797=ORIENTED_EDGE('',*,*,#1317,.F.);
#1798=ORIENTED_EDGE('',*,*,#1370,.T.);
#1799=ORIENTED_EDGE('',*,*,#1368,.F.);
#1800=ORIENTED_EDGE('',*,*,#1370,.F.);
#1801=ORIENTED_EDGE('',*,*,#1316,.F.);
#1802=ORIENTED_EDGE('',*,*,#1371,.T.);
#1803=ORIENTED_EDGE('',*,*,#1365,.F.);
#1804=ORIENTED_EDGE('',*,*,#1371,.F.);
#1805=ORIENTED_EDGE('',*,*,#1315,.F.);
#1806=ORIENTED_EDGE('',*,*,#1372,.T.);
#1807=ORIENTED_EDGE('',*,*,#1366,.F.);
#1808=ORIENTED_EDGE('',*,*,#1372,.F.);
#1809=ORIENTED_EDGE('',*,*,#1318,.F.);
#1810=ORIENTED_EDGE('',*,*,#1369,.T.);
#1811=ORIENTED_EDGE('',*,*,#1360,.F.);
#1812=ORIENTED_EDGE('',*,*,#1364,.T.);
#1813=ORIENTED_EDGE('',*,*,#1293,.F.);
#1814=ORIENTED_EDGE('',*,*,#1373,.F.);
#1815=ORIENTED_EDGE('',*,*,#1361,.F.);
#1816=ORIENTED_EDGE('',*,*,#1373,.T.);
#1817=ORIENTED_EDGE('',*,*,#1292,.F.);
#1818=ORIENTED_EDGE('',*,*,#1374,.F.);
#1819=ORIENTED_EDGE('',*,*,#1362,.F.);
#1820=ORIENTED_EDGE('',*,*,#1374,.T.);
#1821=ORIENTED_EDGE('',*,*,#1291,.F.);
#1822=ORIENTED_EDGE('',*,*,#1363,.F.);
#1823=ORIENTED_EDGE('',*,*,#1325,.T.);
#1824=ORIENTED_EDGE('',*,*,#1329,.T.);
#1825=ORIENTED_EDGE('',*,*,#1332,.T.);
#1826=ORIENTED_EDGE('',*,*,#1334,.T.);
#1827=ORIENTED_EDGE('',*,*,#1305,.F.);
#1828=ORIENTED_EDGE('',*,*,#1321,.T.);
#1829=ORIENTED_EDGE('',*,*,#1306,.F.);
#1830=ORIENTED_EDGE('',*,*,#1285,.F.);
#1831=ORIENTED_EDGE('',*,*,#1323,.T.);
#1832=ORIENTED_EDGE('',*,*,#1333,.T.);
#1833=ORIENTED_EDGE('',*,*,#1330,.T.);
#1834=ORIENTED_EDGE('',*,*,#1327,.T.);
#1835=ORIENTED_EDGE('',*,*,#1280,.F.);
#1836=ORIENTED_EDGE('',*,*,#1289,.F.);
#1837=ORIENTED_EDGE('',*,*,#1322,.F.);
#1838=ORIENTED_EDGE('',*,*,#1319,.T.);
#1839=ORIENTED_EDGE('',*,*,#1375,.F.);
#1840=ORIENTED_EDGE('',*,*,#1376,.T.);
#1841=ORIENTED_EDGE('',*,*,#1377,.F.);
#1842=ORIENTED_EDGE('',*,*,#1376,.F.);
#1843=ORIENTED_EDGE('',*,*,#1378,.F.);
#1844=ORIENTED_EDGE('',*,*,#1379,.T.);
#1845=ORIENTED_EDGE('',*,*,#1380,.F.);
#1846=ORIENTED_EDGE('',*,*,#1379,.F.);
#1847=ORIENTED_EDGE('',*,*,#1381,.F.);
#1848=ORIENTED_EDGE('',*,*,#1382,.T.);
#1849=ORIENTED_EDGE('',*,*,#1383,.F.);
#1850=ORIENTED_EDGE('',*,*,#1382,.F.);
#1851=ORIENTED_EDGE('',*,*,#1384,.F.);
#1852=ORIENTED_EDGE('',*,*,#1385,.T.);
#1853=ORIENTED_EDGE('',*,*,#1386,.F.);
#1854=ORIENTED_EDGE('',*,*,#1385,.F.);
#1855=ORIENTED_EDGE('',*,*,#1387,.F.);
#1856=ORIENTED_EDGE('',*,*,#1388,.F.);
#1857=ORIENTED_EDGE('',*,*,#1389,.F.);
#1858=ORIENTED_EDGE('',*,*,#1390,.F.);
#1859=ORIENTED_EDGE('',*,*,#1391,.F.);
#1860=ORIENTED_EDGE('',*,*,#1392,.F.);
#1861=ORIENTED_EDGE('',*,*,#1393,.F.);
#1862=ORIENTED_EDGE('',*,*,#1394,.F.);
#1863=ORIENTED_EDGE('',*,*,#1395,.F.);
#1864=ORIENTED_EDGE('',*,*,#1396,.F.);
#1865=ORIENTED_EDGE('',*,*,#1397,.F.);
#1866=ORIENTED_EDGE('',*,*,#1398,.F.);
#1867=ORIENTED_EDGE('',*,*,#1399,.F.);
#1868=ORIENTED_EDGE('',*,*,#1400,.F.);
#1869=ORIENTED_EDGE('',*,*,#1401,.F.);
#1870=ORIENTED_EDGE('',*,*,#1402,.F.);
#1871=ORIENTED_EDGE('',*,*,#1396,.T.);
#1872=ORIENTED_EDGE('',*,*,#1403,.F.);
#1873=ORIENTED_EDGE('',*,*,#1398,.T.);
#1874=ORIENTED_EDGE('',*,*,#1404,.F.);
#1875=ORIENTED_EDGE('',*,*,#1388,.T.);
#1876=ORIENTED_EDGE('',*,*,#1405,.F.);
#1877=ORIENTED_EDGE('',*,*,#1390,.T.);
#1878=ORIENTED_EDGE('',*,*,#1406,.F.);
#1879=ORIENTED_EDGE('',*,*,#1400,.T.);
#1880=ORIENTED_EDGE('',*,*,#1407,.F.);
#1881=ORIENTED_EDGE('',*,*,#1402,.T.);
#1882=ORIENTED_EDGE('',*,*,#1408,.F.);
#1883=ORIENTED_EDGE('',*,*,#1392,.T.);
#1884=ORIENTED_EDGE('',*,*,#1409,.F.);
#1885=ORIENTED_EDGE('',*,*,#1394,.T.);
#1886=ORIENTED_EDGE('',*,*,#1410,.F.);
#1887=ORIENTED_EDGE('',*,*,#1411,.F.);
#1888=ORIENTED_EDGE('',*,*,#1412,.T.);
#1889=ORIENTED_EDGE('',*,*,#1413,.F.);
#1890=ORIENTED_EDGE('',*,*,#1412,.F.);
#1891=ORIENTED_EDGE('',*,*,#1411,.T.);
#1892=ORIENTED_EDGE('',*,*,#1414,.F.);
#1893=ORIENTED_EDGE('',*,*,#1415,.T.);
#1894=ORIENTED_EDGE('',*,*,#1416,.F.);
#1895=ORIENTED_EDGE('',*,*,#1415,.F.);
#1896=ORIENTED_EDGE('',*,*,#1414,.T.);
#1897=ORIENTED_EDGE('',*,*,#1417,.F.);
#1898=ORIENTED_EDGE('',*,*,#1418,.T.);
#1899=ORIENTED_EDGE('',*,*,#1419,.F.);
#1900=ORIENTED_EDGE('',*,*,#1418,.F.);
#1901=ORIENTED_EDGE('',*,*,#1417,.T.);
#1902=ORIENTED_EDGE('',*,*,#1420,.F.);
#1903=ORIENTED_EDGE('',*,*,#1421,.T.);
#1904=ORIENTED_EDGE('',*,*,#1422,.F.);
#1905=ORIENTED_EDGE('',*,*,#1421,.F.);
#1906=ORIENTED_EDGE('',*,*,#1420,.T.);
#1907=ORIENTED_EDGE('',*,*,#1423,.F.);
#1908=ORIENTED_EDGE('',*,*,#1424,.T.);
#1909=ORIENTED_EDGE('',*,*,#1425,.F.);
#1910=ORIENTED_EDGE('',*,*,#1426,.F.);
#1911=ORIENTED_EDGE('',*,*,#1427,.T.);
#1912=ORIENTED_EDGE('',*,*,#1428,.T.);
#1913=ORIENTED_EDGE('',*,*,#1429,.F.);
#1914=ORIENTED_EDGE('',*,*,#1424,.F.);
#1915=ORIENTED_EDGE('',*,*,#1430,.F.);
#1916=ORIENTED_EDGE('',*,*,#1431,.T.);
#1917=ORIENTED_EDGE('',*,*,#1432,.F.);
#1918=ORIENTED_EDGE('',*,*,#1428,.F.);
#1919=ORIENTED_EDGE('',*,*,#1433,.T.);
#1920=ORIENTED_EDGE('',*,*,#1434,.T.);
#1921=ORIENTED_EDGE('',*,*,#1435,.F.);
#1922=ORIENTED_EDGE('',*,*,#1431,.F.);
#1923=ORIENTED_EDGE('',*,*,#1436,.F.);
#1924=ORIENTED_EDGE('',*,*,#1437,.T.);
#1925=ORIENTED_EDGE('',*,*,#1438,.F.);
#1926=ORIENTED_EDGE('',*,*,#1434,.F.);
#1927=ORIENTED_EDGE('',*,*,#1439,.T.);
#1928=ORIENTED_EDGE('',*,*,#1440,.T.);
#1929=ORIENTED_EDGE('',*,*,#1441,.F.);
#1930=ORIENTED_EDGE('',*,*,#1437,.F.);
#1931=ORIENTED_EDGE('',*,*,#1442,.F.);
#1932=ORIENTED_EDGE('',*,*,#1443,.T.);
#1933=ORIENTED_EDGE('',*,*,#1444,.F.);
#1934=ORIENTED_EDGE('',*,*,#1440,.F.);
#1935=ORIENTED_EDGE('',*,*,#1445,.T.);
#1936=ORIENTED_EDGE('',*,*,#1446,.T.);
#1937=ORIENTED_EDGE('',*,*,#1447,.F.);
#1938=ORIENTED_EDGE('',*,*,#1443,.F.);
#1939=ORIENTED_EDGE('',*,*,#1448,.F.);
#1940=ORIENTED_EDGE('',*,*,#1449,.T.);
#1941=ORIENTED_EDGE('',*,*,#1450,.F.);
#1942=ORIENTED_EDGE('',*,*,#1446,.F.);
#1943=ORIENTED_EDGE('',*,*,#1451,.T.);
#1944=ORIENTED_EDGE('',*,*,#1452,.T.);
#1945=ORIENTED_EDGE('',*,*,#1453,.F.);
#1946=ORIENTED_EDGE('',*,*,#1449,.F.);
#1947=ORIENTED_EDGE('',*,*,#1454,.F.);
#1948=ORIENTED_EDGE('',*,*,#1455,.T.);
#1949=ORIENTED_EDGE('',*,*,#1456,.F.);
#1950=ORIENTED_EDGE('',*,*,#1452,.F.);
#1951=ORIENTED_EDGE('',*,*,#1457,.T.);
#1952=ORIENTED_EDGE('',*,*,#1458,.T.);
#1953=ORIENTED_EDGE('',*,*,#1459,.F.);
#1954=ORIENTED_EDGE('',*,*,#1455,.F.);
#1955=ORIENTED_EDGE('',*,*,#1460,.T.);
#1956=ORIENTED_EDGE('',*,*,#1426,.T.);
#1957=ORIENTED_EDGE('',*,*,#1461,.F.);
#1958=ORIENTED_EDGE('',*,*,#1462,.F.);
#1959=ORIENTED_EDGE('',*,*,#1463,.F.);
#1960=ORIENTED_EDGE('',*,*,#1462,.T.);
#1961=ORIENTED_EDGE('',*,*,#1464,.F.);
#1962=ORIENTED_EDGE('',*,*,#1465,.F.);
#1963=ORIENTED_EDGE('',*,*,#1466,.T.);
#1964=ORIENTED_EDGE('',*,*,#1465,.T.);
#1965=ORIENTED_EDGE('',*,*,#1467,.F.);
#1966=ORIENTED_EDGE('',*,*,#1468,.F.);
#1967=ORIENTED_EDGE('',*,*,#1469,.F.);
#1968=ORIENTED_EDGE('',*,*,#1468,.T.);
#1969=ORIENTED_EDGE('',*,*,#1470,.F.);
#1970=ORIENTED_EDGE('',*,*,#1471,.F.);
#1971=ORIENTED_EDGE('',*,*,#1472,.T.);
#1972=ORIENTED_EDGE('',*,*,#1471,.T.);
#1973=ORIENTED_EDGE('',*,*,#1473,.F.);
#1974=ORIENTED_EDGE('',*,*,#1474,.F.);
#1975=ORIENTED_EDGE('',*,*,#1475,.F.);
#1976=ORIENTED_EDGE('',*,*,#1474,.T.);
#1977=ORIENTED_EDGE('',*,*,#1476,.F.);
#1978=ORIENTED_EDGE('',*,*,#1477,.F.);
#1979=ORIENTED_EDGE('',*,*,#1478,.T.);
#1980=ORIENTED_EDGE('',*,*,#1477,.T.);
#1981=ORIENTED_EDGE('',*,*,#1479,.F.);
#1982=ORIENTED_EDGE('',*,*,#1480,.F.);
#1983=ORIENTED_EDGE('',*,*,#1481,.F.);
#1984=ORIENTED_EDGE('',*,*,#1480,.T.);
#1985=ORIENTED_EDGE('',*,*,#1482,.F.);
#1986=ORIENTED_EDGE('',*,*,#1483,.F.);
#1987=ORIENTED_EDGE('',*,*,#1484,.T.);
#1988=ORIENTED_EDGE('',*,*,#1483,.T.);
#1989=ORIENTED_EDGE('',*,*,#1485,.F.);
#1990=ORIENTED_EDGE('',*,*,#1486,.F.);
#1991=ORIENTED_EDGE('',*,*,#1487,.F.);
#1992=ORIENTED_EDGE('',*,*,#1486,.T.);
#1993=ORIENTED_EDGE('',*,*,#1488,.F.);
#1994=ORIENTED_EDGE('',*,*,#1489,.F.);
#1995=ORIENTED_EDGE('',*,*,#1490,.T.);
#1996=ORIENTED_EDGE('',*,*,#1489,.T.);
#1997=ORIENTED_EDGE('',*,*,#1491,.F.);
#1998=ORIENTED_EDGE('',*,*,#1492,.F.);
#1999=ORIENTED_EDGE('',*,*,#1493,.F.);
#2000=ORIENTED_EDGE('',*,*,#1492,.T.);
#2001=ORIENTED_EDGE('',*,*,#1494,.F.);
#2002=ORIENTED_EDGE('',*,*,#1458,.F.);
#2003=ORIENTED_EDGE('',*,*,#1459,.T.);
#2004=ORIENTED_EDGE('',*,*,#1494,.T.);
#2005=ORIENTED_EDGE('',*,*,#1491,.T.);
#2006=ORIENTED_EDGE('',*,*,#1488,.T.);
#2007=ORIENTED_EDGE('',*,*,#1485,.T.);
#2008=ORIENTED_EDGE('',*,*,#1482,.T.);
#2009=ORIENTED_EDGE('',*,*,#1479,.T.);
#2010=ORIENTED_EDGE('',*,*,#1476,.T.);
#2011=ORIENTED_EDGE('',*,*,#1473,.T.);
#2012=ORIENTED_EDGE('',*,*,#1470,.T.);
#2013=ORIENTED_EDGE('',*,*,#1467,.T.);
#2014=ORIENTED_EDGE('',*,*,#1464,.T.);
#2015=ORIENTED_EDGE('',*,*,#1461,.T.);
#2016=ORIENTED_EDGE('',*,*,#1425,.T.);
#2017=ORIENTED_EDGE('',*,*,#1429,.T.);
#2018=ORIENTED_EDGE('',*,*,#1432,.T.);
#2019=ORIENTED_EDGE('',*,*,#1435,.T.);
#2020=ORIENTED_EDGE('',*,*,#1438,.T.);
#2021=ORIENTED_EDGE('',*,*,#1441,.T.);
#2022=ORIENTED_EDGE('',*,*,#1444,.T.);
#2023=ORIENTED_EDGE('',*,*,#1447,.T.);
#2024=ORIENTED_EDGE('',*,*,#1450,.T.);
#2025=ORIENTED_EDGE('',*,*,#1453,.T.);
#2026=ORIENTED_EDGE('',*,*,#1456,.T.);
#2027=ORIENTED_EDGE('',*,*,#1495,.T.);
#2028=ORIENTED_EDGE('',*,*,#1496,.T.);
#2029=ORIENTED_EDGE('',*,*,#1497,.T.);
#2030=ORIENTED_EDGE('',*,*,#1498,.T.);
#2031=ORIENTED_EDGE('',*,*,#1496,.F.);
#2032=ORIENTED_EDGE('',*,*,#1499,.F.);
#2033=ORIENTED_EDGE('',*,*,#1500,.F.);
#2034=ORIENTED_EDGE('',*,*,#1501,.T.);
#2035=ORIENTED_EDGE('',*,*,#1495,.F.);
#2036=ORIENTED_EDGE('',*,*,#1502,.T.);
#2037=ORIENTED_EDGE('',*,*,#1503,.F.);
#2038=ORIENTED_EDGE('',*,*,#1504,.T.);
#2039=ORIENTED_EDGE('',*,*,#1505,.F.);
#2040=ORIENTED_EDGE('',*,*,#1506,.T.);
#2041=ORIENTED_EDGE('',*,*,#1507,.F.);
#2042=ORIENTED_EDGE('',*,*,#1499,.T.);
#2043=ORIENTED_EDGE('',*,*,#1507,.T.);
#2044=ORIENTED_EDGE('',*,*,#1508,.T.);
#2045=ORIENTED_EDGE('',*,*,#1509,.T.);
#2046=ORIENTED_EDGE('',*,*,#1500,.T.);
#2047=ORIENTED_EDGE('',*,*,#1508,.F.);
#2048=ORIENTED_EDGE('',*,*,#1506,.F.);
#2049=ORIENTED_EDGE('',*,*,#1510,.F.);
#2050=ORIENTED_EDGE('',*,*,#1511,.T.);
#2051=ORIENTED_EDGE('',*,*,#1505,.T.);
#2052=ORIENTED_EDGE('',*,*,#1512,.T.);
#2053=ORIENTED_EDGE('',*,*,#1513,.T.);
#2054=ORIENTED_EDGE('',*,*,#1510,.T.);
#2055=ORIENTED_EDGE('',*,*,#1512,.F.);
#2056=ORIENTED_EDGE('',*,*,#1504,.F.);
#2057=ORIENTED_EDGE('',*,*,#1514,.F.);
#2058=ORIENTED_EDGE('',*,*,#1515,.T.);
#2059=ORIENTED_EDGE('',*,*,#1516,.T.);
#2060=ORIENTED_EDGE('',*,*,#1517,.T.);
#2061=ORIENTED_EDGE('',*,*,#1518,.T.);
#2062=ORIENTED_EDGE('',*,*,#1519,.T.);
#2063=ORIENTED_EDGE('',*,*,#1517,.F.);
#2064=ORIENTED_EDGE('',*,*,#1520,.F.);
#2065=ORIENTED_EDGE('',*,*,#1521,.F.);
#2066=ORIENTED_EDGE('',*,*,#1522,.T.);
#2067=ORIENTED_EDGE('',*,*,#1516,.F.);
#2068=ORIENTED_EDGE('',*,*,#1523,.T.);
#2069=ORIENTED_EDGE('',*,*,#1524,.F.);
#2070=ORIENTED_EDGE('',*,*,#1525,.T.);
#2071=ORIENTED_EDGE('',*,*,#1526,.F.);
#2072=ORIENTED_EDGE('',*,*,#1527,.T.);
#2073=ORIENTED_EDGE('',*,*,#1528,.F.);
#2074=ORIENTED_EDGE('',*,*,#1520,.T.);
#2075=ORIENTED_EDGE('',*,*,#1524,.T.);
#2076=ORIENTED_EDGE('',*,*,#1529,.T.);
#2077=ORIENTED_EDGE('',*,*,#1530,.T.);
#2078=ORIENTED_EDGE('',*,*,#1531,.T.);
#2079=ORIENTED_EDGE('',*,*,#1531,.F.);
#2080=ORIENTED_EDGE('',*,*,#1532,.T.);
#2081=ORIENTED_EDGE('',*,*,#1533,.F.);
#2082=ORIENTED_EDGE('',*,*,#1525,.F.);
#2083=ORIENTED_EDGE('',*,*,#1526,.T.);
#2084=ORIENTED_EDGE('',*,*,#1533,.T.);
#2085=ORIENTED_EDGE('',*,*,#1534,.T.);
#2086=ORIENTED_EDGE('',*,*,#1535,.T.);
#2087=ORIENTED_EDGE('',*,*,#1528,.T.);
#2088=ORIENTED_EDGE('',*,*,#1536,.T.);
#2089=ORIENTED_EDGE('',*,*,#1537,.T.);
#2090=ORIENTED_EDGE('',*,*,#1521,.T.);
#2091=ORIENTED_EDGE('',*,*,#1503,.T.);
#2092=ORIENTED_EDGE('',*,*,#1538,.T.);
#2093=ORIENTED_EDGE('',*,*,#1539,.T.);
#2094=ORIENTED_EDGE('',*,*,#1514,.T.);
#2095=ORIENTED_EDGE('',*,*,#1540,.F.);
#2096=ORIENTED_EDGE('',*,*,#1541,.T.);
#2097=ORIENTED_EDGE('',*,*,#1542,.F.);
#2098=ORIENTED_EDGE('',*,*,#1543,.T.);
#2099=ORIENTED_EDGE('',*,*,#1544,.F.);
#2100=ORIENTED_EDGE('',*,*,#1545,.T.);
#2101=ORIENTED_EDGE('',*,*,#1546,.F.);
#2102=ORIENTED_EDGE('',*,*,#1547,.T.);
#2103=ORIENTED_EDGE('',*,*,#1403,.T.);
#2104=ORIENTED_EDGE('',*,*,#1395,.T.);
#2105=ORIENTED_EDGE('',*,*,#1405,.T.);
#2106=ORIENTED_EDGE('',*,*,#1387,.T.);
#2107=ORIENTED_EDGE('',*,*,#1407,.T.);
#2108=ORIENTED_EDGE('',*,*,#1399,.T.);
#2109=ORIENTED_EDGE('',*,*,#1409,.T.);
#2110=ORIENTED_EDGE('',*,*,#1391,.T.);
#2111=ORIENTED_EDGE('',*,*,#1548,.T.);
#2112=ORIENTED_EDGE('',*,*,#1549,.F.);
#2113=ORIENTED_EDGE('',*,*,#1550,.F.);
#2114=ORIENTED_EDGE('',*,*,#1551,.T.);
#2115=ORIENTED_EDGE('',*,*,#1552,.F.);
#2116=ORIENTED_EDGE('',*,*,#1553,.F.);
#2117=ORIENTED_EDGE('',*,*,#1419,.T.);
#2118=ORIENTED_EDGE('',*,*,#1413,.T.);
#2119=ORIENTED_EDGE('',*,*,#1472,.F.);
#2120=ORIENTED_EDGE('',*,*,#1475,.T.);
#2121=ORIENTED_EDGE('',*,*,#1478,.F.);
#2122=ORIENTED_EDGE('',*,*,#1481,.T.);
#2123=ORIENTED_EDGE('',*,*,#1484,.F.);
#2124=ORIENTED_EDGE('',*,*,#1487,.T.);
#2125=ORIENTED_EDGE('',*,*,#1490,.F.);
#2126=ORIENTED_EDGE('',*,*,#1493,.T.);
#2127=ORIENTED_EDGE('',*,*,#1457,.F.);
#2128=ORIENTED_EDGE('',*,*,#1454,.T.);
#2129=ORIENTED_EDGE('',*,*,#1451,.F.);
#2130=ORIENTED_EDGE('',*,*,#1448,.T.);
#2131=ORIENTED_EDGE('',*,*,#1445,.F.);
#2132=ORIENTED_EDGE('',*,*,#1442,.T.);
#2133=ORIENTED_EDGE('',*,*,#1439,.F.);
#2134=ORIENTED_EDGE('',*,*,#1436,.T.);
#2135=ORIENTED_EDGE('',*,*,#1433,.F.);
#2136=ORIENTED_EDGE('',*,*,#1430,.T.);
#2137=ORIENTED_EDGE('',*,*,#1427,.F.);
#2138=ORIENTED_EDGE('',*,*,#1423,.T.);
#2139=ORIENTED_EDGE('',*,*,#1460,.F.);
#2140=ORIENTED_EDGE('',*,*,#1463,.T.);
#2141=ORIENTED_EDGE('',*,*,#1466,.F.);
#2142=ORIENTED_EDGE('',*,*,#1469,.T.);
#2143=ORIENTED_EDGE('',*,*,#1416,.T.);
#2144=ORIENTED_EDGE('',*,*,#1422,.T.);
#2145=ORIENTED_EDGE('',*,*,#1384,.T.);
#2146=ORIENTED_EDGE('',*,*,#1381,.T.);
#2147=ORIENTED_EDGE('',*,*,#1378,.T.);
#2148=ORIENTED_EDGE('',*,*,#1375,.T.);
#2149=ORIENTED_EDGE('',*,*,#1554,.F.);
#2150=ORIENTED_EDGE('',*,*,#1555,.T.);
#2151=ORIENTED_EDGE('',*,*,#1550,.T.);
#2152=ORIENTED_EDGE('',*,*,#1556,.F.);
#2153=ORIENTED_EDGE('',*,*,#1554,.T.);
#2154=ORIENTED_EDGE('',*,*,#1557,.T.);
#2155=ORIENTED_EDGE('',*,*,#1558,.F.);
#2156=ORIENTED_EDGE('',*,*,#1559,.T.);
#2157=ORIENTED_EDGE('',*,*,#1560,.T.);
#2158=ORIENTED_EDGE('',*,*,#1561,.F.);
#2159=ORIENTED_EDGE('',*,*,#1522,.F.);
#2160=ORIENTED_EDGE('',*,*,#1537,.F.);
#2161=ORIENTED_EDGE('',*,*,#1562,.F.);
#2162=ORIENTED_EDGE('',*,*,#1534,.F.);
#2163=ORIENTED_EDGE('',*,*,#1532,.F.);
#2164=ORIENTED_EDGE('',*,*,#1530,.F.);
#2165=ORIENTED_EDGE('',*,*,#1563,.F.);
#2166=ORIENTED_EDGE('',*,*,#1518,.F.);
#2167=ORIENTED_EDGE('',*,*,#1501,.F.);
#2168=ORIENTED_EDGE('',*,*,#1509,.F.);
#2169=ORIENTED_EDGE('',*,*,#1511,.F.);
#2170=ORIENTED_EDGE('',*,*,#1513,.F.);
#2171=ORIENTED_EDGE('',*,*,#1515,.F.);
#2172=ORIENTED_EDGE('',*,*,#1539,.F.);
#2173=ORIENTED_EDGE('',*,*,#1564,.F.);
#2174=ORIENTED_EDGE('',*,*,#1497,.F.);
#2175=ORIENTED_EDGE('',*,*,#1557,.F.);
#2176=ORIENTED_EDGE('',*,*,#1556,.T.);
#2177=ORIENTED_EDGE('',*,*,#1549,.T.);
#2178=ORIENTED_EDGE('',*,*,#1565,.T.);
#2179=ORIENTED_EDGE('',*,*,#1559,.F.);
#2180=ORIENTED_EDGE('',*,*,#1566,.T.);
#2181=ORIENTED_EDGE('',*,*,#1553,.T.);
#2182=ORIENTED_EDGE('',*,*,#1567,.F.);
#2183=ORIENTED_EDGE('',*,*,#1560,.F.);
#2184=ORIENTED_EDGE('',*,*,#1567,.T.);
#2185=ORIENTED_EDGE('',*,*,#1552,.T.);
#2186=ORIENTED_EDGE('',*,*,#1568,.T.);
#2187=ORIENTED_EDGE('',*,*,#1555,.F.);
#2188=ORIENTED_EDGE('',*,*,#1561,.T.);
#2189=ORIENTED_EDGE('',*,*,#1568,.F.);
#2190=ORIENTED_EDGE('',*,*,#1551,.F.);
#2191=ORIENTED_EDGE('',*,*,#1540,.T.);
#2192=ORIENTED_EDGE('',*,*,#1569,.T.);
#2193=ORIENTED_EDGE('',*,*,#1570,.T.);
#2194=ORIENTED_EDGE('',*,*,#1571,.T.);
#2195=ORIENTED_EDGE('',*,*,#1571,.F.);
#2196=ORIENTED_EDGE('',*,*,#1572,.F.);
#2197=ORIENTED_EDGE('',*,*,#1573,.F.);
#2198=ORIENTED_EDGE('',*,*,#1541,.F.);
#2199=ORIENTED_EDGE('',*,*,#1570,.F.);
#2200=ORIENTED_EDGE('',*,*,#1574,.T.);
#2201=ORIENTED_EDGE('',*,*,#1575,.F.);
#2202=ORIENTED_EDGE('',*,*,#1576,.T.);
#2203=ORIENTED_EDGE('',*,*,#1577,.F.);
#2204=ORIENTED_EDGE('',*,*,#1578,.T.);
#2205=ORIENTED_EDGE('',*,*,#1579,.F.);
#2206=ORIENTED_EDGE('',*,*,#1572,.T.);
#2207=ORIENTED_EDGE('',*,*,#1410,.T.);
#2208=ORIENTED_EDGE('',*,*,#1393,.T.);
#2209=ORIENTED_EDGE('',*,*,#1408,.T.);
#2210=ORIENTED_EDGE('',*,*,#1401,.T.);
#2211=ORIENTED_EDGE('',*,*,#1406,.T.);
#2212=ORIENTED_EDGE('',*,*,#1389,.T.);
#2213=ORIENTED_EDGE('',*,*,#1404,.T.);
#2214=ORIENTED_EDGE('',*,*,#1397,.T.);
#2215=ORIENTED_EDGE('',*,*,#1386,.T.);
#2216=ORIENTED_EDGE('',*,*,#1383,.T.);
#2217=ORIENTED_EDGE('',*,*,#1380,.T.);
#2218=ORIENTED_EDGE('',*,*,#1377,.T.);
#2219=ORIENTED_EDGE('',*,*,#1542,.T.);
#2220=ORIENTED_EDGE('',*,*,#1573,.T.);
#2221=ORIENTED_EDGE('',*,*,#1579,.T.);
#2222=ORIENTED_EDGE('',*,*,#1580,.T.);
#2223=ORIENTED_EDGE('',*,*,#1580,.F.);
#2224=ORIENTED_EDGE('',*,*,#1578,.F.);
#2225=ORIENTED_EDGE('',*,*,#1581,.F.);
#2226=ORIENTED_EDGE('',*,*,#1543,.F.);
#2227=ORIENTED_EDGE('',*,*,#1544,.T.);
#2228=ORIENTED_EDGE('',*,*,#1581,.T.);
#2229=ORIENTED_EDGE('',*,*,#1577,.T.);
#2230=ORIENTED_EDGE('',*,*,#1582,.T.);
#2231=ORIENTED_EDGE('',*,*,#1582,.F.);
#2232=ORIENTED_EDGE('',*,*,#1576,.F.);
#2233=ORIENTED_EDGE('',*,*,#1583,.F.);
#2234=ORIENTED_EDGE('',*,*,#1545,.F.);
#2235=ORIENTED_EDGE('',*,*,#1546,.T.);
#2236=ORIENTED_EDGE('',*,*,#1583,.T.);
#2237=ORIENTED_EDGE('',*,*,#1575,.T.);
#2238=ORIENTED_EDGE('',*,*,#1584,.T.);
#2239=ORIENTED_EDGE('',*,*,#1498,.F.);
#2240=ORIENTED_EDGE('',*,*,#1564,.T.);
#2241=ORIENTED_EDGE('',*,*,#1538,.F.);
#2242=ORIENTED_EDGE('',*,*,#1502,.F.);
#2243=ORIENTED_EDGE('',*,*,#1519,.F.);
#2244=ORIENTED_EDGE('',*,*,#1563,.T.);
#2245=ORIENTED_EDGE('',*,*,#1529,.F.);
#2246=ORIENTED_EDGE('',*,*,#1523,.F.);
#2247=ORIENTED_EDGE('',*,*,#1535,.F.);
#2248=ORIENTED_EDGE('',*,*,#1562,.T.);
#2249=ORIENTED_EDGE('',*,*,#1536,.F.);
#2250=ORIENTED_EDGE('',*,*,#1527,.F.);
#2251=ORIENTED_EDGE('',*,*,#1565,.F.);
#2252=ORIENTED_EDGE('',*,*,#1548,.F.);
#2253=ORIENTED_EDGE('',*,*,#1566,.F.);
#2254=ORIENTED_EDGE('',*,*,#1558,.T.);
#2255=ORIENTED_EDGE('',*,*,#1569,.F.);
#2256=ORIENTED_EDGE('',*,*,#1547,.F.);
#2257=ORIENTED_EDGE('',*,*,#1584,.F.);
#2258=ORIENTED_EDGE('',*,*,#1574,.F.);
#2259=CYLINDRICAL_SURFACE('',#2475,0.999999999999996);
#2260=CYLINDRICAL_SURFACE('',#2478,0.999999999999996);
#2261=CYLINDRICAL_SURFACE('',#2481,0.999999999999996);
#2262=CYLINDRICAL_SURFACE('',#2484,0.999999999999996);
#2263=CYLINDRICAL_SURFACE('',#2496,0.999999999999996);
#2264=CYLINDRICAL_SURFACE('',#2498,0.999999999999996);
#2265=CYLINDRICAL_SURFACE('',#2500,0.999999999999988);
#2266=CYLINDRICAL_SURFACE('',#2502,0.999999999999996);
#2267=CYLINDRICAL_SURFACE('',#2504,1.00000000000001);
#2268=CYLINDRICAL_SURFACE('',#2506,1.00000000000001);
#2269=CYLINDRICAL_SURFACE('',#2509,2.);
#2270=CYLINDRICAL_SURFACE('',#2517,2.);
#2271=CYLINDRICAL_SURFACE('',#2519,2.);
#2272=CYLINDRICAL_SURFACE('',#2524,2.);
#2273=CYLINDRICAL_SURFACE('',#2555,0.999999999999996);
#2274=CYLINDRICAL_SURFACE('',#2558,0.999999999999996);
#2275=CYLINDRICAL_SURFACE('',#2561,0.999999999999996);
#2276=CYLINDRICAL_SURFACE('',#2564,0.999999999999996);
#2277=CYLINDRICAL_SURFACE('',#2567,1.00000000000001);
#2278=CYLINDRICAL_SURFACE('',#2570,1.00000000000001);
#2279=CYLINDRICAL_SURFACE('',#2573,1.00000000000001);
#2280=CYLINDRICAL_SURFACE('',#2576,1.00000000000001);
#2281=CYLINDRICAL_SURFACE('',#2579,0.999999999999996);
#2282=CYLINDRICAL_SURFACE('',#2582,1.00000001490116);
#2283=CYLINDRICAL_SURFACE('',#2585,1.00000000000001);
#2284=CYLINDRICAL_SURFACE('',#2588,1.00000000000001);
#2285=CYLINDRICAL_SURFACE('',#2591,2.00000000000001);
#2286=CYLINDRICAL_SURFACE('',#2595,2.00000002980232);
#2287=CYLINDRICAL_SURFACE('',#2599,2.00000002980232);
#2288=CYLINDRICAL_SURFACE('',#2603,2.00000002980232);
#2289=CYLINDRICAL_SURFACE('',#2608,1.);
#2290=CYLINDRICAL_SURFACE('',#2612,1.);
#2291=CYLINDRICAL_SURFACE('',#2616,1.);
#2292=CYLINDRICAL_SURFACE('',#2620,1.);
#2293=CYLINDRICAL_SURFACE('',#2624,1.);
#2294=CYLINDRICAL_SURFACE('',#2628,1.);
#2295=CYLINDRICAL_SURFACE('',#2631,1.);
#2296=CYLINDRICAL_SURFACE('',#2635,1.);
#2297=CYLINDRICAL_SURFACE('',#2639,1.);
#2298=CYLINDRICAL_SURFACE('',#2643,1.);
#2299=CYLINDRICAL_SURFACE('',#2647,1.);
#2300=CYLINDRICAL_SURFACE('',#2651,1.);
#2301=CYLINDRICAL_SURFACE('',#2656,0.5);
#2302=CYLINDRICAL_SURFACE('',#2664,0.5);
#2303=CYLINDRICAL_SURFACE('',#2667,0.5);
#2304=CYLINDRICAL_SURFACE('',#2670,0.5);
#2305=CYLINDRICAL_SURFACE('',#2678,0.5);
#2306=CYLINDRICAL_SURFACE('',#2681,0.5);
#2307=CYLINDRICAL_SURFACE('',#2683,0.5);
#2308=CYLINDRICAL_SURFACE('',#2685,0.5);
#2309=CYLINDRICAL_SURFACE('',#2696,1.25);
#2310=CYLINDRICAL_SURFACE('',#2702,1.25);
#2311=CYLINDRICAL_SURFACE('',#2703,1.25);
#2312=CYLINDRICAL_SURFACE('',#2704,1.25);
#2313=CYLINDRICAL_SURFACE('',#2706,2.);
#2314=CYLINDRICAL_SURFACE('',#2713,2.);
#2315=CYLINDRICAL_SURFACE('',#2715,2.);
#2316=CYLINDRICAL_SURFACE('',#2717,2.);
#2317=ADVANCED_FACE('',(#158),#2259,.F.);
#2318=ADVANCED_FACE('',(#159),#2260,.F.);
#2319=ADVANCED_FACE('',(#160),#2261,.F.);
#2320=ADVANCED_FACE('',(#161),#2262,.F.);
#2321=ADVANCED_FACE('',(#162),#85,.F.);
#2322=ADVANCED_FACE('',(#163),#86,.F.);
#2323=ADVANCED_FACE('',(#164),#87,.F.);
#2324=ADVANCED_FACE('',(#165),#88,.F.);
#2325=ADVANCED_FACE('',(#166),#2263,.T.);
#2326=ADVANCED_FACE('',(#167),#2264,.T.);
#2327=ADVANCED_FACE('',(#168),#2265,.T.);
#2328=ADVANCED_FACE('',(#169),#2266,.T.);
#2329=ADVANCED_FACE('',(#170),#2267,.T.);
#2330=ADVANCED_FACE('',(#171),#2268,.F.);
#2331=ADVANCED_FACE('',(#172),#2269,.T.);
#2332=ADVANCED_FACE('',(#173,#39,#40,#41,#42,#43),#89,.T.);
#2333=ADVANCED_FACE('',(#174,#44,#45),#90,.T.);
#2334=ADVANCED_FACE('',(#175),#2270,.T.);
#2335=ADVANCED_FACE('',(#176),#2271,.T.);
#2336=ADVANCED_FACE('',(#177,#46,#47),#91,.T.);
#2337=ADVANCED_FACE('',(#178,#48,#49,#50,#51,#52),#92,.T.);
#2338=ADVANCED_FACE('',(#179),#2272,.T.);
#2339=ADVANCED_FACE('',(#180),#93,.F.);
#2340=ADVANCED_FACE('',(#181),#94,.F.);
#2341=ADVANCED_FACE('',(#182),#95,.F.);
#2342=ADVANCED_FACE('',(#183),#96,.F.);
#2343=ADVANCED_FACE('',(#184),#97,.F.);
#2344=ADVANCED_FACE('',(#185),#98,.F.);
#2345=ADVANCED_FACE('',(#186),#99,.F.);
#2346=ADVANCED_FACE('',(#187),#100,.F.);
#2347=ADVANCED_FACE('',(#188),#101,.F.);
#2348=ADVANCED_FACE('',(#189),#102,.F.);
#2349=ADVANCED_FACE('',(#190),#103,.F.);
#2350=ADVANCED_FACE('',(#191),#104,.F.);
#2351=ADVANCED_FACE('',(#192),#105,.F.);
#2352=ADVANCED_FACE('',(#193),#106,.F.);
#2353=ADVANCED_FACE('',(#194),#107,.F.);
#2354=ADVANCED_FACE('',(#195),#108,.F.);
#2355=ADVANCED_FACE('',(#196),#109,.F.);
#2356=ADVANCED_FACE('',(#197),#110,.F.);
#2357=ADVANCED_FACE('',(#198,#53,#54,#55,#56),#111,.F.);
#2358=ADVANCED_FACE('',(#199,#57,#58),#112,.T.);
#2359=ADVANCED_FACE('',(#200),#113,.F.);
#2360=ADVANCED_FACE('',(#201),#114,.F.);
#2361=ADVANCED_FACE('',(#202),#115,.F.);
#2362=ADVANCED_FACE('',(#203),#116,.F.);
#2363=ADVANCED_FACE('',(#204),#117,.T.);
#2364=ADVANCED_FACE('',(#205),#118,.T.);
#2365=ADVANCED_FACE('',(#206,#59),#119,.T.);
#2366=ADVANCED_FACE('',(#207,#60),#120,.T.);
#2367=ADVANCED_FACE('',(#208),#121,.T.);
#2368=ADVANCED_FACE('',(#209),#2273,.F.);
#2369=ADVANCED_FACE('',(#210),#2274,.F.);
#2370=ADVANCED_FACE('',(#211),#2275,.F.);
#2371=ADVANCED_FACE('',(#212),#2276,.F.);
#2372=ADVANCED_FACE('',(#213),#2277,.T.);
#2373=ADVANCED_FACE('',(#214),#2278,.T.);
#2374=ADVANCED_FACE('',(#215),#2279,.T.);
#2375=ADVANCED_FACE('',(#216),#2280,.T.);
#2376=ADVANCED_FACE('',(#217),#2281,.F.);
#2377=ADVANCED_FACE('',(#218),#2282,.F.);
#2378=ADVANCED_FACE('',(#219),#2283,.F.);
#2379=ADVANCED_FACE('',(#220),#2284,.F.);
#2380=ADVANCED_FACE('',(#221),#2285,.T.);
#2381=ADVANCED_FACE('',(#222),#122,.T.);
#2382=ADVANCED_FACE('',(#223),#2286,.T.);
#2383=ADVANCED_FACE('',(#224),#123,.T.);
#2384=ADVANCED_FACE('',(#225),#2287,.T.);
#2385=ADVANCED_FACE('',(#226),#124,.T.);
#2386=ADVANCED_FACE('',(#227),#2288,.T.);
#2387=ADVANCED_FACE('',(#228),#125,.T.);
#2388=ADVANCED_FACE('',(#229),#126,.T.);
#2389=ADVANCED_FACE('',(#230),#2289,.F.);
#2390=ADVANCED_FACE('',(#231),#127,.T.);
#2391=ADVANCED_FACE('',(#232),#2290,.T.);
#2392=ADVANCED_FACE('',(#233),#128,.T.);
#2393=ADVANCED_FACE('',(#234),#2291,.T.);
#2394=ADVANCED_FACE('',(#235),#129,.T.);
#2395=ADVANCED_FACE('',(#236),#2292,.F.);
#2396=ADVANCED_FACE('',(#237),#130,.T.);
#2397=ADVANCED_FACE('',(#238),#2293,.T.);
#2398=ADVANCED_FACE('',(#239),#131,.T.);
#2399=ADVANCED_FACE('',(#240),#2294,.T.);
#2400=ADVANCED_FACE('',(#241),#2295,.T.);
#2401=ADVANCED_FACE('',(#242),#132,.T.);
#2402=ADVANCED_FACE('',(#243),#2296,.T.);
#2403=ADVANCED_FACE('',(#244),#133,.T.);
#2404=ADVANCED_FACE('',(#245),#2297,.F.);
#2405=ADVANCED_FACE('',(#246),#134,.T.);
#2406=ADVANCED_FACE('',(#247),#2298,.T.);
#2407=ADVANCED_FACE('',(#248),#135,.T.);
#2408=ADVANCED_FACE('',(#249),#2299,.T.);
#2409=ADVANCED_FACE('',(#250),#136,.T.);
#2410=ADVANCED_FACE('',(#251),#2300,.F.);
#2411=ADVANCED_FACE('',(#252),#137,.T.);
#2412=ADVANCED_FACE('',(#253),#138,.F.);
#2413=ADVANCED_FACE('',(#254),#2301,.T.);
#2414=ADVANCED_FACE('',(#255),#139,.F.);
#2415=ADVANCED_FACE('',(#256),#140,.T.);
#2416=ADVANCED_FACE('',(#257),#2302,.T.);
#2417=ADVANCED_FACE('',(#258),#141,.F.);
#2418=ADVANCED_FACE('',(#259),#2303,.T.);
#2419=ADVANCED_FACE('',(#260),#142,.F.);
#2420=ADVANCED_FACE('',(#261),#2304,.T.);
#2421=ADVANCED_FACE('',(#262),#143,.F.);
#2422=ADVANCED_FACE('',(#263),#144,.T.);
#2423=ADVANCED_FACE('',(#264),#2305,.T.);
#2424=ADVANCED_FACE('',(#265),#145,.F.);
#2425=ADVANCED_FACE('',(#266),#2306,.T.);
#2426=ADVANCED_FACE('',(#267),#2307,.T.);
#2427=ADVANCED_FACE('',(#268),#2308,.T.);
#2428=ADVANCED_FACE('',(#269,#61,#62,#63,#64,#65,#66,#67,#68,#69,#70,#71,
#72,#73,#74),#146,.T.);
#2429=ADVANCED_FACE('',(#270),#2309,.F.);
#2430=ADVANCED_FACE('',(#271,#75,#76),#147,.F.);
#2431=ADVANCED_FACE('',(#272),#2310,.F.);
#2432=ADVANCED_FACE('',(#273),#2311,.F.);
#2433=ADVANCED_FACE('',(#274),#2312,.F.);
#2434=ADVANCED_FACE('',(#275),#148,.F.);
#2435=ADVANCED_FACE('',(#276),#2313,.T.);
#2436=ADVANCED_FACE('',(#277),#149,.T.);
#2437=ADVANCED_FACE('',(#278,#77,#78,#79,#80,#81,#82,#83,#84),#150,.F.);
#2438=ADVANCED_FACE('',(#279),#2314,.T.);
#2439=ADVANCED_FACE('',(#280),#151,.T.);
#2440=ADVANCED_FACE('',(#281),#2315,.T.);
#2441=ADVANCED_FACE('',(#282),#152,.T.);
#2442=ADVANCED_FACE('',(#283),#2316,.T.);
#2443=ADVANCED_FACE('',(#284),#153,.F.);
#2444=ADVANCED_FACE('',(#285),#154,.F.);
#2445=ADVANCED_FACE('',(#286),#155,.F.);
#2446=ADVANCED_FACE('',(#287),#156,.F.);
#2447=ADVANCED_FACE('',(#288),#157,.T.);
#2448=CLOSED_SHELL('',(#2317,#2318,#2319,#2320,#2321,#2322,#2323,#2324,
#2325,#2326,#2327,#2328,#2329,#2330,#2331,#2332,#2333,#2334,#2335,#2336,
#2337,#2338,#2339,#2340,#2341,#2342,#2343,#2344,#2345,#2346,#2347,#2348,
#2349,#2350,#2351,#2352,#2353,#2354,#2355,#2356,#2357,#2358,#2359,#2360,
#2361,#2362,#2363,#2364,#2365,#2366,#2367));
#2449=CLOSED_SHELL('',(#2368,#2369,#2370,#2371,#2372,#2373,#2374,#2375,
#2376,#2377,#2378,#2379,#2380,#2381,#2382,#2383,#2384,#2385,#2386,#2387,
#2388,#2389,#2390,#2391,#2392,#2393,#2394,#2395,#2396,#2397,#2398,#2399,
#2400,#2401,#2402,#2403,#2404,#2405,#2406,#2407,#2408,#2409,#2410,#2411,
#2412,#2413,#2414,#2415,#2416,#2417,#2418,#2419,#2420,#2421,#2422,#2423,
#2424,#2425,#2426,#2427,#2428,#2429,#2430,#2431,#2432,#2433,#2434,#2435,
#2436,#2437,#2438,#2439,#2440,#2441,#2442,#2443,#2444,#2445,#2446,#2447));
#2450=DERIVED_UNIT_ELEMENT(#2454,1.);
#2451=DERIVED_UNIT_ELEMENT(#4156,-3.);
#2452=DERIVED_UNIT_ELEMENT(#2454,1.);
#2453=DERIVED_UNIT_ELEMENT(#4156,-3.);
#2454=(
MASS_UNIT()
NAMED_UNIT(*)
SI_UNIT(.KILO.,.GRAM.)
);
#2455=DERIVED_UNIT((#2450,#2451));
#2456=DERIVED_UNIT((#2452,#2453));
#2457=MEASURE_REPRESENTATION_ITEM('density measure',
POSITIVE_RATIO_MEASURE(7850.),#2455);
#2458=MEASURE_REPRESENTATION_ITEM('density measure',
POSITIVE_RATIO_MEASURE(7850.),#2456);
#2459=PROPERTY_DEFINITION_REPRESENTATION(#2469,#2463);
#2460=PROPERTY_DEFINITION_REPRESENTATION(#2470,#2464);
#2461=PROPERTY_DEFINITION_REPRESENTATION(#2471,#2465);
#2462=PROPERTY_DEFINITION_REPRESENTATION(#2472,#2466);
#2463=REPRESENTATION('material name',(#2467),#4152);
#2464=REPRESENTATION('density',(#2457),#4152);
#2465=REPRESENTATION('material name',(#2468),#4153);
#2466=REPRESENTATION('density',(#2458),#4153);
#2467=DESCRIPTIVE_REPRESENTATION_ITEM('Steel','Steel');
#2468=DESCRIPTIVE_REPRESENTATION_ITEM('Steel','Steel');
#2469=PROPERTY_DEFINITION('material property','material name',#4172);
#2470=PROPERTY_DEFINITION('material property','density of part',#4172);
#2471=PROPERTY_DEFINITION('material property','material name',#4173);
#2472=PROPERTY_DEFINITION('material property','density of part',#4173);
#2473=AXIS2_PLACEMENT_3D('',#3450,#2725,#2726);
#2474=AXIS2_PLACEMENT_3D('',#3451,#2727,#2728);
#2475=AXIS2_PLACEMENT_3D('',#3452,#2729,#2730);
#2476=AXIS2_PLACEMENT_3D('',#3454,#2731,#2732);
#2477=AXIS2_PLACEMENT_3D('',#3457,#2734,#2735);
#2478=AXIS2_PLACEMENT_3D('',#3458,#2736,#2737);
#2479=AXIS2_PLACEMENT_3D('',#3460,#2738,#2739);
#2480=AXIS2_PLACEMENT_3D('',#3463,#2741,#2742);
#2481=AXIS2_PLACEMENT_3D('',#3464,#2743,#2744);
#2482=AXIS2_PLACEMENT_3D('',#3466,#2745,#2746);
#2483=AXIS2_PLACEMENT_3D('',#3469,#2748,#2749);
#2484=AXIS2_PLACEMENT_3D('',#3470,#2750,#2751);
#2485=AXIS2_PLACEMENT_3D('',#3472,#2752,#2753);
#2486=AXIS2_PLACEMENT_3D('',#3475,#2755,#2756);
#2487=AXIS2_PLACEMENT_3D('',#3476,#2757,#2758);
#2488=AXIS2_PLACEMENT_3D('',#3478,#2759,#2760);
#2489=AXIS2_PLACEMENT_3D('',#3479,#2761,#2762);
#2490=AXIS2_PLACEMENT_3D('',#3482,#2763,#2764);
#2491=AXIS2_PLACEMENT_3D('',#3483,#2765,#2766);
#2492=AXIS2_PLACEMENT_3D('',#3484,#2767,#2768);
#2493=AXIS2_PLACEMENT_3D('',#3486,#2769,#2770);
#2494=AXIS2_PLACEMENT_3D('',#3487,#2771,#2772);
#2495=AXIS2_PLACEMENT_3D('',#3489,#2773,#2774);
#2496=AXIS2_PLACEMENT_3D('',#3490,#2775,#2776);
#2497=AXIS2_PLACEMENT_3D('',#3493,#2778,#2779);
#2498=AXIS2_PLACEMENT_3D('',#3494,#2780,#2781);
#2499=AXIS2_PLACEMENT_3D('',#3497,#2783,#2784);
#2500=AXIS2_PLACEMENT_3D('',#3498,#2785,#2786);
#2501=AXIS2_PLACEMENT_3D('',#3501,#2788,#2789);
#2502=AXIS2_PLACEMENT_3D('',#3502,#2790,#2791);
#2503=AXIS2_PLACEMENT_3D('',#3505,#2792,#2793);
#2504=AXIS2_PLACEMENT_3D('',#3512,#2798,#2799);
#2505=AXIS2_PLACEMENT_3D('',#3513,#2800,#2801);
#2506=AXIS2_PLACEMENT_3D('',#3514,#2802,#2803);
#2507=AXIS2_PLACEMENT_3D('',#3515,#2804,#2805);
#2508=AXIS2_PLACEMENT_3D('',#3516,#2806,#2807);
#2509=AXIS2_PLACEMENT_3D('',#3517,#2808,#2809);
#2510=AXIS2_PLACEMENT_3D('',#3520,#2810,#2811);
#2511=AXIS2_PLACEMENT_3D('',#3524,#2813,#2814);
#2512=AXIS2_PLACEMENT_3D('',#3526,#2816,#2817);
#2513=AXIS2_PLACEMENT_3D('',#3530,#2819,#2820);
#2514=AXIS2_PLACEMENT_3D('',#3534,#2822,#2823);
#2515=AXIS2_PLACEMENT_3D('',#3538,#2825,#2826);
#2516=AXIS2_PLACEMENT_3D('',#3548,#2832,#2833);
#2517=AXIS2_PLACEMENT_3D('',#3568,#2844,#2845);
#2518=AXIS2_PLACEMENT_3D('',#3570,#2846,#2847);
#2519=AXIS2_PLACEMENT_3D('',#3572,#2849,#2850);
#2520=AXIS2_PLACEMENT_3D('',#3576,#2852,#2853);
#2521=AXIS2_PLACEMENT_3D('',#3578,#2855,#2856);
#2522=AXIS2_PLACEMENT_3D('',#3598,#2867,#2868);
#2523=AXIS2_PLACEMENT_3D('',#3601,#2870,#2871);
#2524=AXIS2_PLACEMENT_3D('',#3603,#2873,#2874);
#2525=AXIS2_PLACEMENT_3D('',#3605,#2876,#2877);
#2526=AXIS2_PLACEMENT_3D('',#3614,#2882,#2883);
#2527=AXIS2_PLACEMENT_3D('',#3620,#2887,#2888);
#2528=AXIS2_PLACEMENT_3D('',#3626,#2892,#2893);
#2529=AXIS2_PLACEMENT_3D('',#3629,#2896,#2897);
#2530=AXIS2_PLACEMENT_3D('',#3635,#2901,#2902);
#2531=AXIS2_PLACEMENT_3D('',#3639,#2905,#2906);
#2532=AXIS2_PLACEMENT_3D('',#3643,#2909,#2910);
#2533=AXIS2_PLACEMENT_3D('',#3645,#2912,#2913);
#2534=AXIS2_PLACEMENT_3D('',#3646,#2914,#2915);
#2535=AXIS2_PLACEMENT_3D('',#3652,#2919,#2920);
#2536=AXIS2_PLACEMENT_3D('',#3656,#2923,#2924);
#2537=AXIS2_PLACEMENT_3D('',#3660,#2927,#2928);
#2538=AXIS2_PLACEMENT_3D('',#3662,#2930,#2931);
#2539=AXIS2_PLACEMENT_3D('',#3663,#2932,#2933);
#2540=AXIS2_PLACEMENT_3D('',#3669,#2937,#2938);
#2541=AXIS2_PLACEMENT_3D('',#3673,#2941,#2942);
#2542=AXIS2_PLACEMENT_3D('',#3677,#2945,#2946);
#2543=AXIS2_PLACEMENT_3D('',#3679,#2948,#2949);
#2544=AXIS2_PLACEMENT_3D('',#3688,#2954,#2955);
#2545=AXIS2_PLACEMENT_3D('',#3699,#2962,#2963);
#2546=AXIS2_PLACEMENT_3D('',#3702,#2966,#2967);
#2547=AXIS2_PLACEMENT_3D('',#3704,#2969,#2970);
#2548=AXIS2_PLACEMENT_3D('',#3706,#2972,#2973);
#2549=AXIS2_PLACEMENT_3D('',#3707,#2974,#2975);
#2550=AXIS2_PLACEMENT_3D('',#3709,#2977,#2978);
#2551=AXIS2_PLACEMENT_3D('',#3711,#2980,#2981);
#2552=AXIS2_PLACEMENT_3D('',#3712,#2982,#2983);
#2553=AXIS2_PLACEMENT_3D('',#3713,#2984,#2985);
#2554=AXIS2_PLACEMENT_3D('',#3714,#2986,#2987);
#2555=AXIS2_PLACEMENT_3D('',#3715,#2988,#2989);
#2556=AXIS2_PLACEMENT_3D('',#3717,#2990,#2991);
#2557=AXIS2_PLACEMENT_3D('',#3720,#2993,#2994);
#2558=AXIS2_PLACEMENT_3D('',#3721,#2995,#2996);
#2559=AXIS2_PLACEMENT_3D('',#3723,#2997,#2998);
#2560=AXIS2_PLACEMENT_3D('',#3726,#3000,#3001);
#2561=AXIS2_PLACEMENT_3D('',#3727,#3002,#3003);
#2562=AXIS2_PLACEMENT_3D('',#3729,#3004,#3005);
#2563=AXIS2_PLACEMENT_3D('',#3732,#3007,#3008);
#2564=AXIS2_PLACEMENT_3D('',#3733,#3009,#3010);
#2565=AXIS2_PLACEMENT_3D('',#3735,#3011,#3012);
#2566=AXIS2_PLACEMENT_3D('',#3738,#3014,#3015);
#2567=AXIS2_PLACEMENT_3D('',#3739,#3016,#3017);
#2568=AXIS2_PLACEMENT_3D('',#3742,#3018,#3019);
#2569=AXIS2_PLACEMENT_3D('',#3746,#3021,#3022);
#2570=AXIS2_PLACEMENT_3D('',#3748,#3024,#3025);
#2571=AXIS2_PLACEMENT_3D('',#3751,#3026,#3027);
#2572=AXIS2_PLACEMENT_3D('',#3755,#3029,#3030);
#2573=AXIS2_PLACEMENT_3D('',#3757,#3032,#3033);
#2574=AXIS2_PLACEMENT_3D('',#3760,#3034,#3035);
#2575=AXIS2_PLACEMENT_3D('',#3764,#3037,#3038);
#2576=AXIS2_PLACEMENT_3D('',#3766,#3040,#3041);
#2577=AXIS2_PLACEMENT_3D('',#3769,#3042,#3043);
#2578=AXIS2_PLACEMENT_3D('',#3773,#3045,#3046);
#2579=AXIS2_PLACEMENT_3D('',#3775,#3048,#3049);
#2580=AXIS2_PLACEMENT_3D('',#3776,#3050,#3051);
#2581=AXIS2_PLACEMENT_3D('',#3777,#3052,#3053);
#2582=AXIS2_PLACEMENT_3D('',#3778,#3054,#3055);
#2583=AXIS2_PLACEMENT_3D('',#3779,#3056,#3057);
#2584=AXIS2_PLACEMENT_3D('',#3780,#3058,#3059);
#2585=AXIS2_PLACEMENT_3D('',#3781,#3060,#3061);
#2586=AXIS2_PLACEMENT_3D('',#3782,#3062,#3063);
#2587=AXIS2_PLACEMENT_3D('',#3783,#3064,#3065);
#2588=AXIS2_PLACEMENT_3D('',#3784,#3066,#3067);
#2589=AXIS2_PLACEMENT_3D('',#3785,#3068,#3069);
#2590=AXIS2_PLACEMENT_3D('',#3786,#3070,#3071);
#2591=AXIS2_PLACEMENT_3D('',#3787,#3072,#3073);
#2592=AXIS2_PLACEMENT_3D('',#3789,#3074,#3075);
#2593=AXIS2_PLACEMENT_3D('',#3792,#3077,#3078);
#2594=AXIS2_PLACEMENT_3D('',#3793,#3079,#3080);
#2595=AXIS2_PLACEMENT_3D('',#3794,#3081,#3082);
#2596=AXIS2_PLACEMENT_3D('',#3796,#3083,#3084);
#2597=AXIS2_PLACEMENT_3D('',#3799,#3086,#3087);
#2598=AXIS2_PLACEMENT_3D('',#3800,#3088,#3089);
#2599=AXIS2_PLACEMENT_3D('',#3801,#3090,#3091);
#2600=AXIS2_PLACEMENT_3D('',#3803,#3092,#3093);
#2601=AXIS2_PLACEMENT_3D('',#3806,#3095,#3096);
#2602=AXIS2_PLACEMENT_3D('',#3807,#3097,#3098);
#2603=AXIS2_PLACEMENT_3D('',#3808,#3099,#3100);
#2604=AXIS2_PLACEMENT_3D('',#3810,#3101,#3102);
#2605=AXIS2_PLACEMENT_3D('',#3813,#3104,#3105);
#2606=AXIS2_PLACEMENT_3D('',#3814,#3106,#3107);
#2607=AXIS2_PLACEMENT_3D('',#3815,#3108,#3109);
#2608=AXIS2_PLACEMENT_3D('',#3824,#3114,#3115);
#2609=AXIS2_PLACEMENT_3D('',#3826,#3116,#3117);
#2610=AXIS2_PLACEMENT_3D('',#3829,#3119,#3120);
#2611=AXIS2_PLACEMENT_3D('',#3830,#3121,#3122);
#2612=AXIS2_PLACEMENT_3D('',#3836,#3126,#3127);
#2613=AXIS2_PLACEMENT_3D('',#3838,#3128,#3129);
#2614=AXIS2_PLACEMENT_3D('',#3841,#3131,#3132);
#2615=AXIS2_PLACEMENT_3D('',#3842,#3133,#3134);
#2616=AXIS2_PLACEMENT_3D('',#3848,#3138,#3139);
#2617=AXIS2_PLACEMENT_3D('',#3850,#3140,#3141);
#2618=AXIS2_PLACEMENT_3D('',#3853,#3143,#3144);
#2619=AXIS2_PLACEMENT_3D('',#3854,#3145,#3146);
#2620=AXIS2_PLACEMENT_3D('',#3860,#3150,#3151);
#2621=AXIS2_PLACEMENT_3D('',#3862,#3152,#3153);
#2622=AXIS2_PLACEMENT_3D('',#3865,#3155,#3156);
#2623=AXIS2_PLACEMENT_3D('',#3866,#3157,#3158);
#2624=AXIS2_PLACEMENT_3D('',#3872,#3162,#3163);
#2625=AXIS2_PLACEMENT_3D('',#3874,#3164,#3165);
#2626=AXIS2_PLACEMENT_3D('',#3877,#3167,#3168);
#2627=AXIS2_PLACEMENT_3D('',#3878,#3169,#3170);
#2628=AXIS2_PLACEMENT_3D('',#3884,#3174,#3175);
#2629=AXIS2_PLACEMENT_3D('',#3886,#3176,#3177);
#2630=AXIS2_PLACEMENT_3D('',#3889,#3179,#3180);
#2631=AXIS2_PLACEMENT_3D('',#3890,#3181,#3182);
#2632=AXIS2_PLACEMENT_3D('',#3892,#3183,#3184);
#2633=AXIS2_PLACEMENT_3D('',#3894,#3185,#3186);
#2634=AXIS2_PLACEMENT_3D('',#3896,#3188,#3189);
#2635=AXIS2_PLACEMENT_3D('',#3902,#3193,#3194);
#2636=AXIS2_PLACEMENT_3D('',#3904,#3195,#3196);
#2637=AXIS2_PLACEMENT_3D('',#3906,#3197,#3198);
#2638=AXIS2_PLACEMENT_3D('',#3908,#3200,#3201);
#2639=AXIS2_PLACEMENT_3D('',#3914,#3205,#3206);
#2640=AXIS2_PLACEMENT_3D('',#3916,#3207,#3208);
#2641=AXIS2_PLACEMENT_3D('',#3918,#3209,#3210);
#2642=AXIS2_PLACEMENT_3D('',#3920,#3212,#3213);
#2643=AXIS2_PLACEMENT_3D('',#3926,#3217,#3218);
#2644=AXIS2_PLACEMENT_3D('',#3928,#3219,#3220);
#2645=AXIS2_PLACEMENT_3D('',#3930,#3221,#3222);
#2646=AXIS2_PLACEMENT_3D('',#3932,#3224,#3225);
#2647=AXIS2_PLACEMENT_3D('',#3938,#3229,#3230);
#2648=AXIS2_PLACEMENT_3D('',#3940,#3231,#3232);
#2649=AXIS2_PLACEMENT_3D('',#3942,#3233,#3234);
#2650=AXIS2_PLACEMENT_3D('',#3944,#3236,#3237);
#2651=AXIS2_PLACEMENT_3D('',#3950,#3241,#3242);
#2652=AXIS2_PLACEMENT_3D('',#3952,#3243,#3244);
#2653=AXIS2_PLACEMENT_3D('',#3954,#3245,#3246);
#2654=AXIS2_PLACEMENT_3D('',#3956,#3248,#3249);
#2655=AXIS2_PLACEMENT_3D('',#3959,#3252,#3253);
#2656=AXIS2_PLACEMENT_3D('',#3960,#3254,#3255);
#2657=AXIS2_PLACEMENT_3D('',#3963,#3256,#3257);
#2658=AXIS2_PLACEMENT_3D('',#3967,#3259,#3260);
#2659=AXIS2_PLACEMENT_3D('',#3969,#3262,#3263);
#2660=AXIS2_PLACEMENT_3D('',#3975,#3267,#3268);
#2661=AXIS2_PLACEMENT_3D('',#3979,#3270,#3271);
#2662=AXIS2_PLACEMENT_3D('',#3983,#3273,#3274);
#2663=AXIS2_PLACEMENT_3D('',#3986,#3276,#3277);
#2664=AXIS2_PLACEMENT_3D('',#3987,#3278,#3279);
#2665=AXIS2_PLACEMENT_3D('',#3990,#3281,#3282);
#2666=AXIS2_PLACEMENT_3D('',#3991,#3283,#3284);
#2667=AXIS2_PLACEMENT_3D('',#3995,#3287,#3288);
#2668=AXIS2_PLACEMENT_3D('',#3998,#3290,#3291);
#2669=AXIS2_PLACEMENT_3D('',#3999,#3292,#3293);
#2670=AXIS2_PLACEMENT_3D('',#4003,#3296,#3297);
#2671=AXIS2_PLACEMENT_3D('',#4006,#3298,#3299);
#2672=AXIS2_PLACEMENT_3D('',#4010,#3301,#3302);
#2673=AXIS2_PLACEMENT_3D('',#4012,#3304,#3305);
#2674=AXIS2_PLACEMENT_3D('',#4018,#3309,#3310);
#2675=AXIS2_PLACEMENT_3D('',#4022,#3312,#3313);
#2676=AXIS2_PLACEMENT_3D('',#4026,#3315,#3316);
#2677=AXIS2_PLACEMENT_3D('',#4029,#3318,#3319);
#2678=AXIS2_PLACEMENT_3D('',#4030,#3320,#3321);
#2679=AXIS2_PLACEMENT_3D('',#4034,#3323,#3324);
#2680=AXIS2_PLACEMENT_3D('',#4036,#3326,#3327);
#2681=AXIS2_PLACEMENT_3D('',#4040,#3330,#3331);
#2682=AXIS2_PLACEMENT_3D('',#4042,#3332,#3333);
#2683=AXIS2_PLACEMENT_3D('',#4044,#3335,#3336);
#2684=AXIS2_PLACEMENT_3D('',#4047,#3338,#3339);
#2685=AXIS2_PLACEMENT_3D('',#4048,#3340,#3341);
#2686=AXIS2_PLACEMENT_3D('',#4051,#3343,#3344);
#2687=AXIS2_PLACEMENT_3D('',#4052,#3345,#3346);
#2688=AXIS2_PLACEMENT_3D('',#4055,#3347,#3348);
#2689=AXIS2_PLACEMENT_3D('',#4059,#3350,#3351);
#2690=AXIS2_PLACEMENT_3D('',#4063,#3353,#3354);
#2691=AXIS2_PLACEMENT_3D('',#4067,#3356,#3357);
#2692=AXIS2_PLACEMENT_3D('',#4073,#3360,#3361);
#2693=AXIS2_PLACEMENT_3D('',#4075,#3362,#3363);
#2694=AXIS2_PLACEMENT_3D('',#4079,#3365,#3366);
#2695=AXIS2_PLACEMENT_3D('',#4080,#3367,#3368);
#2696=AXIS2_PLACEMENT_3D('',#4081,#3369,#3370);
#2697=AXIS2_PLACEMENT_3D('',#4084,#3371,#3372);
#2698=AXIS2_PLACEMENT_3D('',#4087,#3375,#3376);
#2699=AXIS2_PLACEMENT_3D('',#4089,#3377,#3378);
#2700=AXIS2_PLACEMENT_3D('',#4093,#3380,#3381);
#2701=AXIS2_PLACEMENT_3D('',#4095,#3382,#3383);
#2702=AXIS2_PLACEMENT_3D('',#4100,#3388,#3389);
#2703=AXIS2_PLACEMENT_3D('',#4102,#3391,#3392);
#2704=AXIS2_PLACEMENT_3D('',#4105,#3395,#3396);
#2705=AXIS2_PLACEMENT_3D('',#4107,#3398,#3399);
#2706=AXIS2_PLACEMENT_3D('',#4108,#3400,#3401);
#2707=AXIS2_PLACEMENT_3D('',#4112,#3403,#3404);
#2708=AXIS2_PLACEMENT_3D('',#4114,#3406,#3407);
#2709=AXIS2_PLACEMENT_3D('',#4118,#3410,#3411);
#2710=AXIS2_PLACEMENT_3D('',#4122,#3413,#3414);
#2711=AXIS2_PLACEMENT_3D('',#4126,#3416,#3417);
#2712=AXIS2_PLACEMENT_3D('',#4129,#3419,#3420);
#2713=AXIS2_PLACEMENT_3D('',#4130,#3421,#3422);
#2714=AXIS2_PLACEMENT_3D('',#4132,#3424,#3425);
#2715=AXIS2_PLACEMENT_3D('',#4134,#3427,#3428);
#2716=AXIS2_PLACEMENT_3D('',#4136,#3430,#3431);
#2717=AXIS2_PLACEMENT_3D('',#4138,#3433,#3434);
#2718=AXIS2_PLACEMENT_3D('',#4140,#3436,#3437);
#2719=AXIS2_PLACEMENT_3D('',#4141,#3438,#3439);
#2720=AXIS2_PLACEMENT_3D('',#4142,#3440,#3441);
#2721=AXIS2_PLACEMENT_3D('',#4143,#3442,#3443);
#2722=AXIS2_PLACEMENT_3D('',#4144,#3444,#3445);
#2723=AXIS2_PLACEMENT_3D('',#4145,#3446,#3447);
#2724=AXIS2_PLACEMENT_3D('',#4146,#3448,#3449);
#2725=DIRECTION('axis',(0.,0.,1.));
#2726=DIRECTION('refdir',(1.,0.,0.));
#2727=DIRECTION('axis',(0.,0.,1.));
#2728=DIRECTION('refdir',(1.,0.,0.));
#2729=DIRECTION('center_axis',(-3.5527136788005E-16,6.77236045021345E-16,
-1.));
#2730=DIRECTION('ref_axis',(-1.,-2.16493489801906E-15,3.55271367880049E-16));
#2731=DIRECTION('center_axis',(-1.4791141972894E-31,-2.22044604925031E-16,
-1.));
#2732=DIRECTION('ref_axis',(-1.,-2.16493489801906E-15,3.55271367880049E-16));
#2733=DIRECTION('',(-3.5527136788005E-16,6.77236045021345E-16,-1.));
#2734=DIRECTION('center_axis',(1.4791141972894E-31,2.22044604925031E-16,
1.));
#2735=DIRECTION('ref_axis',(-1.,-2.16493489801906E-15,3.55271367880049E-16));
#2736=DIRECTION('center_axis',(-3.5527136788005E-16,7.105427357601E-16,
-1.));
#2737=DIRECTION('ref_axis',(-1.,-2.16493489801906E-15,3.55271367880049E-16));
#2738=DIRECTION('center_axis',(-1.4791141972894E-31,-2.22044604925031E-16,
-1.));
#2739=DIRECTION('ref_axis',(-1.,-2.16493489801906E-15,3.55271367880049E-16));
#2740=DIRECTION('',(-3.5527136788005E-16,7.105427357601E-16,-1.));
#2741=DIRECTION('center_axis',(1.4791141972894E-31,2.22044604925031E-16,
1.));
#2742=DIRECTION('ref_axis',(-1.,-2.16493489801906E-15,3.55271367880049E-16));
#2743=DIRECTION('center_axis',(-3.5527136788005E-16,7.105427357601E-16,
-1.));
#2744=DIRECTION('ref_axis',(-1.,-2.16493489801906E-15,3.55271367880049E-16));
#2745=DIRECTION('center_axis',(-1.4791141972894E-31,-2.22044604925031E-16,
-1.));
#2746=DIRECTION('ref_axis',(-1.,-2.16493489801906E-15,3.55271367880049E-16));
#2747=DIRECTION('',(-3.5527136788005E-16,7.105427357601E-16,-1.));
#2748=DIRECTION('center_axis',(1.4791141972894E-31,2.22044604925031E-16,
1.));
#2749=DIRECTION('ref_axis',(-1.,-2.16493489801906E-15,3.55271367880049E-16));
#2750=DIRECTION('center_axis',(-3.5527136788005E-16,6.77236045021345E-16,
-1.));
#2751=DIRECTION('ref_axis',(-1.,-2.16493489801906E-15,3.55271367880049E-16));
#2752=DIRECTION('center_axis',(-1.4791141972894E-31,-2.22044604925031E-16,
-1.));
#2753=DIRECTION('ref_axis',(-1.,-2.16493489801906E-15,3.55271367880049E-16));
#2754=DIRECTION('',(-3.5527136788005E-16,6.77236045021345E-16,-1.));
#2755=DIRECTION('center_axis',(1.4791141972894E-31,2.22044604925031E-16,
1.));
#2756=DIRECTION('ref_axis',(-1.,-2.16493489801906E-15,3.55271367880049E-16));
#2757=DIRECTION('center_axis',(-4.66647456325233E-16,6.73106623771315E-16,
-1.));
#2758=DIRECTION('ref_axis',(1.,2.16493489801906E-15,-4.66647456325232E-16));
#2759=DIRECTION('center_axis',(4.66647456325234E-16,-6.73106623771315E-16,
1.));
#2760=DIRECTION('ref_axis',(1.,2.16493489801906E-15,-4.66647456325232E-16));
#2761=DIRECTION('center_axis',(-4.66647456325233E-16,6.73106623771315E-16,
-1.));
#2762=DIRECTION('ref_axis',(1.,2.16493489801906E-15,-4.66647456325232E-16));
#2763=DIRECTION('center_axis',(4.66647456325233E-16,-6.73106623771315E-16,
1.));
#2764=DIRECTION('ref_axis',(1.,2.16493489801906E-15,-4.66647456325232E-16));
#2765=DIRECTION('center_axis',(4.66647456325234E-16,-6.73106623771315E-16,
1.));
#2766=DIRECTION('ref_axis',(1.,2.16493489801906E-15,-4.66647456325232E-16));
#2767=DIRECTION('center_axis',(-4.66647456325233E-16,6.73106623771315E-16,
-1.));
#2768=DIRECTION('ref_axis',(1.,2.16493489801906E-15,-4.66647456325232E-16));
#2769=DIRECTION('center_axis',(4.66647456325234E-16,-6.73106623771315E-16,
1.));
#2770=DIRECTION('ref_axis',(1.,2.16493489801906E-15,-4.66647456325232E-16));
#2771=DIRECTION('center_axis',(-4.66647456325233E-16,6.73106623771315E-16,
-1.));
#2772=DIRECTION('ref_axis',(1.,2.16493489801906E-15,-4.66647456325232E-16));
#2773=DIRECTION('center_axis',(4.66647456325234E-16,-6.73106623771315E-16,
1.));
#2774=DIRECTION('ref_axis',(1.,2.16493489801906E-15,-4.66647456325232E-16));
#2775=DIRECTION('center_axis',(0.,-8.88178419700124E-16,1.));
#2776=DIRECTION('ref_axis',(1.,2.16493489801906E-15,1.91052250483214E-30));
#2777=DIRECTION('',(0.,8.88178419700124E-16,-1.));
#2778=DIRECTION('center_axis',(-1.4791141972894E-31,-2.22044604925031E-16,
-1.));
#2779=DIRECTION('ref_axis',(1.,2.33978932649127E-31,-1.4791141972894E-31));
#2780=DIRECTION('center_axis',(0.,-6.66133814775094E-16,1.));
#2781=DIRECTION('ref_axis',(1.,2.16493489801906E-15,1.41748443906901E-30));
#2782=DIRECTION('',(0.,6.66133814775094E-16,-1.));
#2783=DIRECTION('center_axis',(-1.4791141972894E-31,-2.22044604925031E-16,
-1.));
#2784=DIRECTION('ref_axis',(1.,2.33978932649127E-31,-1.4791141972894E-31));
#2785=DIRECTION('center_axis',(0.,-8.88178419700126E-16,1.));
#2786=DIRECTION('ref_axis',(1.,2.16493489801906E-15,1.91052250483216E-30));
#2787=DIRECTION('',(0.,8.88178419700126E-16,-1.));
#2788=DIRECTION('center_axis',(-1.4791141972894E-31,-2.22044604925031E-16,
-1.));
#2789=DIRECTION('ref_axis',(1.,2.33978932649127E-31,-1.4791141972894E-31));
#2790=DIRECTION('center_axis',(0.,-6.66133814775095E-16,1.));
#2791=DIRECTION('ref_axis',(-0.852530865242057,0.522676882796274,3.48172745831837E-16));
#2792=DIRECTION('center_axis',(-4.66647456325234E-16,6.73106623771315E-16,
-1.));
#2793=DIRECTION('ref_axis',(1.,2.16493489801906E-15,-4.66647456325232E-16));
#2794=DIRECTION('',(0.,6.66133814775095E-16,-1.));
#2795=DIRECTION('',(0.,-6.66133814775095E-16,1.));
#2796=DIRECTION('',(0.,-6.66133814775095E-16,1.));
#2797=DIRECTION('',(0.,-6.66133814775095E-16,1.));
#2798=DIRECTION('center_axis',(0.,-6.66133814775095E-16,1.));
#2799=DIRECTION('ref_axis',(1.,2.16493489801906E-15,1.41748443906899E-30));
#2800=DIRECTION('center_axis',(-1.4791141972894E-31,-2.22044604925031E-16,
-1.));
#2801=DIRECTION('ref_axis',(1.,2.33978932649127E-31,-1.4791141972894E-31));
#2802=DIRECTION('center_axis',(1.4791141972894E-31,-5.5126826242884E-63,
1.));
#2803=DIRECTION('ref_axis',(-0.852530865242027,0.522676882796323,1.2609905064069E-31));
#2804=DIRECTION('center_axis',(-1.4791141972894E-31,-2.22044604925031E-16,
-1.));
#2805=DIRECTION('ref_axis',(1.,2.33978932649127E-31,-1.4791141972894E-31));
#2806=DIRECTION('center_axis',(1.4791141972894E-31,2.22044604925031E-16,
1.));
#2807=DIRECTION('ref_axis',(1.,2.33978932649127E-31,-1.4791141972894E-31));
#2808=DIRECTION('center_axis',(1.4791141972894E-31,2.22044604925031E-16,
1.));
#2809=DIRECTION('ref_axis',(-0.707106781186549,-0.707106781186546,1.57009245868377E-16));
#2810=DIRECTION('center_axis',(-1.4791141972894E-31,-2.22044604925031E-16,
-1.));
#2811=DIRECTION('ref_axis',(-0.707106781186549,-0.707106781186546,1.57009245868377E-16));
#2812=DIRECTION('',(-1.4791141972894E-31,-2.22044604925031E-16,-1.));
#2813=DIRECTION('center_axis',(1.4791141972894E-31,2.22044604925031E-16,
1.));
#2814=DIRECTION('ref_axis',(-0.707106781186549,-0.707106781186546,1.57009245868377E-16));
#2815=DIRECTION('',(1.4791141972894E-31,2.22044604925031E-16,1.));
#2816=DIRECTION('center_axis',(1.4791141972894E-31,2.22044604925031E-16,
1.));
#2817=DIRECTION('ref_axis',(2.33978932649127E-31,-1.,2.22044604925031E-16));
#2818=DIRECTION('',(1.,-1.79068229778249E-17,-1.43935306295366E-31));
#2819=DIRECTION('center_axis',(-1.4791141972894E-31,-2.22044604925031E-16,
-1.));
#2820=DIRECTION('ref_axis',(0.707106781186548,-0.707106781186547,1.57009245868377E-16));
#2821=DIRECTION('',(-1.11022302462516E-16,1.,-2.22044604925031E-16));
#2822=DIRECTION('center_axis',(-1.4791141972894E-31,-2.22044604925031E-16,
-1.));
#2823=DIRECTION('ref_axis',(0.707106781186547,0.707106781186548,-1.57009245868378E-16));
#2824=DIRECTION('',(-1.,-2.33978932649127E-31,1.4791141972894E-31));
#2825=DIRECTION('center_axis',(-1.4791141972894E-31,-2.22044604925031E-16,
-1.));
#2826=DIRECTION('ref_axis',(-0.707106781186549,0.707106781186546,-1.57009245868377E-16));
#2827=DIRECTION('',(2.33978932649127E-31,-1.,2.22044604925031E-16));
#2828=DIRECTION('',(1.,2.33978932649127E-31,-1.4791141972894E-31));
#2829=DIRECTION('',(2.33978932649127E-31,-1.,2.22044604925031E-16));
#2830=DIRECTION('',(-1.,-2.33978932649127E-31,1.4791141972894E-31));
#2831=DIRECTION('',(-2.33978932649127E-31,1.,-2.22044604925031E-16));
#2832=DIRECTION('center_axis',(2.33978932649127E-31,-1.,2.22044604925031E-16));
#2833=DIRECTION('ref_axis',(-1.,-2.33978932649127E-31,1.4791141972894E-31));
#2834=DIRECTION('',(1.,2.33978932649127E-31,-1.4791141972894E-31));
#2835=DIRECTION('',(-1.4791141972894E-31,-2.22044604925031E-16,-1.));
#2836=DIRECTION('',(-1.4791141972894E-31,-2.22044604925031E-16,-1.));
#2837=DIRECTION('',(-1.,-2.33978932649127E-31,1.4791141972894E-31));
#2838=DIRECTION('',(1.4791141972894E-31,2.22044604925031E-16,1.));
#2839=DIRECTION('',(1.,2.33978932649127E-31,-1.4791141972894E-31));
#2840=DIRECTION('',(-1.4791141972894E-31,-2.22044604925031E-16,-1.));
#2841=DIRECTION('',(-1.,-2.33978932649127E-31,1.4791141972894E-31));
#2842=DIRECTION('',(1.4791141972894E-31,2.22044604925031E-16,1.));
#2843=DIRECTION('',(1.,2.33978932649127E-31,-1.4791141972894E-31));
#2844=DIRECTION('center_axis',(1.4791141972894E-31,2.22044604925031E-16,
1.));
#2845=DIRECTION('ref_axis',(0.707106781186548,-0.707106781186547,1.57009245868377E-16));
#2846=DIRECTION('center_axis',(1.4791141972894E-31,2.22044604925031E-16,
1.));
#2847=DIRECTION('ref_axis',(0.707106781186548,-0.707106781186547,1.57009245868377E-16));
#2848=DIRECTION('',(1.4791141972894E-31,2.22044604925031E-16,1.));
#2849=DIRECTION('center_axis',(1.4791141972894E-31,2.22044604925031E-16,
1.));
#2850=DIRECTION('ref_axis',(0.707106781186547,0.707106781186548,-1.57009245868378E-16));
#2851=DIRECTION('',(-1.4791141972894E-31,-2.22044604925031E-16,-1.));
#2852=DIRECTION('center_axis',(1.4791141972894E-31,2.22044604925031E-16,
1.));
#2853=DIRECTION('ref_axis',(0.707106781186547,0.707106781186548,-1.57009245868378E-16));
#2854=DIRECTION('',(1.4791141972894E-31,2.22044604925031E-16,1.));
#2855=DIRECTION('center_axis',(-2.33978932649127E-31,1.,-2.22044604925031E-16));
#2856=DIRECTION('ref_axis',(1.,2.33978932649127E-31,-1.4791141972894E-31));
#2857=DIRECTION('',(1.,2.33978932649127E-31,-1.4791141972894E-31));
#2858=DIRECTION('',(-1.4791141972894E-31,-2.22044604925031E-16,-1.));
#2859=DIRECTION('',(-1.4791141972894E-31,-2.22044604925031E-16,-1.));
#2860=DIRECTION('',(1.,2.33978932649127E-31,-1.4791141972894E-31));
#2861=DIRECTION('',(1.4791141972894E-31,2.22044604925031E-16,1.));
#2862=DIRECTION('',(-1.,-2.33978932649127E-31,1.4791141972894E-31));
#2863=DIRECTION('',(-1.4791141972894E-31,-2.22044604925031E-16,-1.));
#2864=DIRECTION('',(1.,2.33978932649127E-31,-1.4791141972894E-31));
#2865=DIRECTION('',(1.4791141972894E-31,2.22044604925031E-16,1.));
#2866=DIRECTION('',(-1.,-2.33978932649127E-31,1.4791141972894E-31));
#2867=DIRECTION('center_axis',(-1.4791141972894E-31,-2.22044604925031E-16,
-1.));
#2868=DIRECTION('ref_axis',(-2.33978932649127E-31,1.,-2.22044604925031E-16));
#2869=DIRECTION('',(2.33978932649127E-31,-1.,2.22044604925031E-16));
#2870=DIRECTION('center_axis',(1.4791141972894E-31,2.22044604925031E-16,
1.));
#2871=DIRECTION('ref_axis',(-0.707106781186549,0.707106781186546,-1.57009245868377E-16));
#2872=DIRECTION('',(-2.33978932649127E-31,1.,-2.22044604925031E-16));
#2873=DIRECTION('center_axis',(1.4791141972894E-31,2.22044604925031E-16,
1.));
#2874=DIRECTION('ref_axis',(-0.707106781186549,0.707106781186546,-1.57009245868377E-16));
#2875=DIRECTION('',(1.4791141972894E-31,2.22044604925031E-16,1.));
#2876=DIRECTION('center_axis',(-2.33978932649127E-31,1.,-2.22044604925031E-16));
#2877=DIRECTION('ref_axis',(-1.4791141972894E-31,-2.22044604925031E-16,
-1.));
#2878=DIRECTION('',(-1.4791141972894E-31,-2.22044604925031E-16,-1.));
#2879=DIRECTION('',(-1.,-2.33978932649127E-31,1.4791141972894E-31));
#2880=DIRECTION('',(1.4791141972894E-31,2.22044604925031E-16,1.));
#2881=DIRECTION('',(-1.,-2.33978932649127E-31,1.4791141972894E-31));
#2882=DIRECTION('center_axis',(1.4791141972894E-31,2.22044604925031E-16,
1.));
#2883=DIRECTION('ref_axis',(-2.33978932649127E-31,1.,-2.22044604925031E-16));
#2884=DIRECTION('',(-2.33978932649127E-31,1.,-2.22044604925031E-16));
#2885=DIRECTION('',(-1.,-2.33978932649127E-31,1.4791141972894E-31));
#2886=DIRECTION('',(2.33978932649127E-31,-1.,2.22044604925031E-16));
#2887=DIRECTION('center_axis',(2.33978932649127E-31,-1.,2.22044604925031E-16));
#2888=DIRECTION('ref_axis',(1.4791141972894E-31,2.22044604925031E-16,1.));
#2889=DIRECTION('',(1.4791141972894E-31,2.22044604925031E-16,1.));
#2890=DIRECTION('',(-1.,-2.33978932649127E-31,1.4791141972894E-31));
#2891=DIRECTION('',(-1.4791141972894E-31,-2.22044604925031E-16,-1.));
#2892=DIRECTION('center_axis',(-1.4791141972894E-31,-2.22044604925031E-16,
-1.));
#2893=DIRECTION('ref_axis',(2.33978932649127E-31,-1.,2.22044604925031E-16));
#2894=DIRECTION('',(2.33978932649127E-31,-1.,2.22044604925031E-16));
#2895=DIRECTION('',(-2.33978932649127E-31,1.,-2.22044604925031E-16));
#2896=DIRECTION('center_axis',(1.,2.33978932649127E-31,-1.4791141972894E-31));
#2897=DIRECTION('ref_axis',(-1.4791141972894E-31,-2.22044604925031E-16,
-1.));
#2898=DIRECTION('',(-2.33978932649127E-31,1.,-2.22044604925031E-16));
#2899=DIRECTION('',(-1.4791141972894E-31,-2.22044604925031E-16,-1.));
#2900=DIRECTION('',(-2.33978932649127E-31,1.,-2.22044604925031E-16));
#2901=DIRECTION('center_axis',(1.4791141972894E-31,2.22044604925031E-16,
1.));
#2902=DIRECTION('ref_axis',(1.,2.33978932649127E-31,-1.4791141972894E-31));
#2903=DIRECTION('',(-2.33978932649127E-31,1.,-2.22044604925031E-16));
#2904=DIRECTION('',(1.,2.33978932649127E-31,-1.4791141972894E-31));
#2905=DIRECTION('center_axis',(-1.,-2.33978932649127E-31,1.4791141972894E-31));
#2906=DIRECTION('ref_axis',(1.4791141972894E-31,2.22044604925031E-16,1.));
#2907=DIRECTION('',(-2.33978932649127E-31,1.,-2.22044604925031E-16));
#2908=DIRECTION('',(1.4791141972894E-31,2.22044604925031E-16,1.));
#2909=DIRECTION('center_axis',(-1.4791141972894E-31,-2.22044604925031E-16,
-1.));
#2910=DIRECTION('ref_axis',(-1.,-2.33978932649127E-31,1.4791141972894E-31));
#2911=DIRECTION('',(-1.,-2.33978932649127E-31,1.4791141972894E-31));
#2912=DIRECTION('center_axis',(-2.33978932649127E-31,1.,-2.22044604925031E-16));
#2913=DIRECTION('ref_axis',(1.,2.33978932649127E-31,-1.4791141972894E-31));
#2914=DIRECTION('center_axis',(1.,2.33978932649127E-31,-1.4791141972894E-31));
#2915=DIRECTION('ref_axis',(-1.4791141972894E-31,-2.22044604925031E-16,
-1.));
#2916=DIRECTION('',(-2.33978932649127E-31,1.,-2.22044604925031E-16));
#2917=DIRECTION('',(-1.4791141972894E-31,-2.22044604925031E-16,-1.));
#2918=DIRECTION('',(-2.33978932649127E-31,1.,-2.22044604925031E-16));
#2919=DIRECTION('center_axis',(1.4791141972894E-31,2.22044604925031E-16,
1.));
#2920=DIRECTION('ref_axis',(1.,2.33978932649127E-31,-1.4791141972894E-31));
#2921=DIRECTION('',(-2.33978932649127E-31,1.,-2.22044604925031E-16));
#2922=DIRECTION('',(1.,2.33978932649127E-31,-1.4791141972894E-31));
#2923=DIRECTION('center_axis',(-1.,-2.33978932649127E-31,1.4791141972894E-31));
#2924=DIRECTION('ref_axis',(1.4791141972894E-31,2.22044604925031E-16,1.));
#2925=DIRECTION('',(-2.33978932649127E-31,1.,-2.22044604925031E-16));
#2926=DIRECTION('',(1.4791141972894E-31,2.22044604925031E-16,1.));
#2927=DIRECTION('center_axis',(-1.4791141972894E-31,-2.22044604925031E-16,
-1.));
#2928=DIRECTION('ref_axis',(-1.,-2.33978932649127E-31,1.4791141972894E-31));
#2929=DIRECTION('',(-1.,-2.33978932649127E-31,1.4791141972894E-31));
#2930=DIRECTION('center_axis',(-2.33978932649127E-31,1.,-2.22044604925031E-16));
#2931=DIRECTION('ref_axis',(1.,2.33978932649127E-31,-1.4791141972894E-31));
#2932=DIRECTION('center_axis',(1.,2.33978932649127E-31,-1.4791141972894E-31));
#2933=DIRECTION('ref_axis',(1.4791141972894E-31,2.22044604925031E-16,1.));
#2934=DIRECTION('',(-1.4791141972894E-31,-2.22044604925031E-16,-1.));
#2935=DIRECTION('',(2.33978932649127E-31,-1.,2.22044604925031E-16));
#2936=DIRECTION('',(2.33978932649127E-31,-1.,2.22044604925031E-16));
#2937=DIRECTION('center_axis',(-1.4791141972894E-31,-2.22044604925031E-16,
-1.));
#2938=DIRECTION('ref_axis',(1.,2.33978932649127E-31,-1.4791141972894E-31));
#2939=DIRECTION('',(-1.,-2.33978932649127E-31,1.4791141972894E-31));
#2940=DIRECTION('',(2.33978932649127E-31,-1.,2.22044604925031E-16));
#2941=DIRECTION('center_axis',(-1.,-2.33978932649127E-31,1.4791141972894E-31));
#2942=DIRECTION('ref_axis',(-1.4791141972894E-31,-2.22044604925031E-16,
-1.));
#2943=DIRECTION('',(1.4791141972894E-31,2.22044604925031E-16,1.));
#2944=DIRECTION('',(2.33978932649127E-31,-1.,2.22044604925031E-16));
#2945=DIRECTION('center_axis',(1.4791141972894E-31,2.22044604925031E-16,
1.));
#2946=DIRECTION('ref_axis',(-1.,-2.33978932649127E-31,1.4791141972894E-31));
#2947=DIRECTION('',(1.,2.33978932649127E-31,-1.4791141972894E-31));
#2948=DIRECTION('center_axis',(-1.4791141972894E-31,-2.22044604925031E-16,
-1.));
#2949=DIRECTION('ref_axis',(1.,2.33978932649127E-31,-1.4791141972894E-31));
#2950=DIRECTION('',(-1.,-2.33978932649127E-31,1.4791141972894E-31));
#2951=DIRECTION('',(2.33978932649127E-31,-1.,2.22044604925031E-16));
#2952=DIRECTION('',(1.,2.33978932649127E-31,-1.4791141972894E-31));
#2953=DIRECTION('',(-2.33978932649127E-31,1.,-2.22044604925031E-16));
#2954=DIRECTION('center_axis',(2.33978932649127E-31,-1.,2.22044604925031E-16));
#2955=DIRECTION('ref_axis',(1.,2.33978932649127E-31,-1.4791141972894E-31));
#2956=DIRECTION('',(1.4791141972894E-31,2.22044604925031E-16,1.));
#2957=DIRECTION('',(1.4791141972894E-31,2.22044604925031E-16,1.));
#2958=DIRECTION('',(1.4791141972894E-31,2.22044604925031E-16,1.));
#2959=DIRECTION('',(1.,2.33978932649127E-31,-1.4791141972894E-31));
#2960=DIRECTION('',(-1.4791141972894E-31,-2.22044604925031E-16,-1.));
#2961=DIRECTION('',(-1.,-2.33978932649127E-31,1.4791141972894E-31));
#2962=DIRECTION('center_axis',(1.,2.33978932649127E-31,-1.4791141972894E-31));
#2963=DIRECTION('ref_axis',(1.4791141972894E-31,2.22044604925031E-16,1.));
#2964=DIRECTION('',(2.33978932649127E-31,-1.,2.22044604925031E-16));
#2965=DIRECTION('',(2.33978932649127E-31,-1.,2.22044604925031E-16));
#2966=DIRECTION('center_axis',(-1.4791141972894E-31,-2.22044604925031E-16,
-1.));
#2967=DIRECTION('ref_axis',(1.,2.33978932649127E-31,-1.4791141972894E-31));
#2968=DIRECTION('',(2.33978932649127E-31,-1.,2.22044604925031E-16));
#2969=DIRECTION('center_axis',(-1.,-2.33978932649127E-31,1.4791141972894E-31));
#2970=DIRECTION('ref_axis',(-1.4791141972894E-31,-2.22044604925031E-16,
-1.));
#2971=DIRECTION('',(2.33978932649127E-31,-1.,2.22044604925031E-16));
#2972=DIRECTION('center_axis',(1.4791141972894E-31,2.22044604925031E-16,
1.));
#2973=DIRECTION('ref_axis',(-1.,-2.33978932649127E-31,1.4791141972894E-31));
#2974=DIRECTION('center_axis',(1.,2.33978932649127E-31,-1.4791141972894E-31));
#2975=DIRECTION('ref_axis',(-2.33978932649127E-31,1.,-2.22044604925031E-16));
#2976=DIRECTION('',(1.4791141972894E-31,2.22044604925031E-16,1.));
#2977=DIRECTION('center_axis',(-2.33978932649127E-31,1.,-2.22044604925031E-16));
#2978=DIRECTION('ref_axis',(-1.,-2.33978932649127E-31,1.4791141972894E-31));
#2979=DIRECTION('',(1.4791141972894E-31,2.22044604925031E-16,1.));
#2980=DIRECTION('center_axis',(-1.,-2.33978932649127E-31,1.4791141972894E-31));
#2981=DIRECTION('ref_axis',(2.33978932649127E-31,-1.,2.22044604925031E-16));
#2982=DIRECTION('center_axis',(1.,2.33978932649127E-31,-1.4791141972894E-31));
#2983=DIRECTION('ref_axis',(2.33978932649127E-31,-1.,2.22044604925031E-16));
#2984=DIRECTION('center_axis',(-1.,-2.33978932649127E-31,1.4791141972894E-31));
#2985=DIRECTION('ref_axis',(-2.33978932649127E-31,1.,-2.22044604925031E-16));
#2986=DIRECTION('axis',(0.,0.,1.));
#2987=DIRECTION('refdir',(1.,0.,0.));
#2988=DIRECTION('center_axis',(-3.5527136788005E-16,6.66133814775094E-16,
-1.));
#2989=DIRECTION('ref_axis',(-1.,-2.16493489801906E-15,3.55271367880049E-16));
#2990=DIRECTION('center_axis',(-1.4791141972894E-31,5.5126826242884E-63,
-1.));
#2991=DIRECTION('ref_axis',(-1.,-2.16493489801906E-15,3.55271367880049E-16));
#2992=DIRECTION('',(-3.5527136788005E-16,6.66133814775094E-16,-1.));
#2993=DIRECTION('center_axis',(1.4791141972894E-31,-5.5126826242884E-63,
1.));
#2994=DIRECTION('ref_axis',(-1.,-2.16493489801906E-15,3.55271367880049E-16));
#2995=DIRECTION('center_axis',(-3.5527136788005E-16,7.105427357601E-16,
-1.));
#2996=DIRECTION('ref_axis',(-1.,-2.16493489801906E-15,3.55271367880049E-16));
#2997=DIRECTION('center_axis',(-1.4791141972894E-31,5.5126826242884E-63,
-1.));
#2998=DIRECTION('ref_axis',(-1.,-2.16493489801906E-15,3.55271367880049E-16));
#2999=DIRECTION('',(-3.5527136788005E-16,7.105427357601E-16,-1.));
#3000=DIRECTION('center_axis',(1.4791141972894E-31,-5.5126826242884E-63,
1.));
#3001=DIRECTION('ref_axis',(-1.,-2.16493489801906E-15,3.55271367880049E-16));
#3002=DIRECTION('center_axis',(-3.5527136788005E-16,7.105427357601E-16,
-1.));
#3003=DIRECTION('ref_axis',(-1.,-2.16493489801906E-15,3.55271367880049E-16));
#3004=DIRECTION('center_axis',(-1.4791141972894E-31,5.5126826242884E-63,
-1.));
#3005=DIRECTION('ref_axis',(-1.,-2.16493489801906E-15,3.55271367880049E-16));
#3006=DIRECTION('',(-3.5527136788005E-16,7.105427357601E-16,-1.));
#3007=DIRECTION('center_axis',(1.4791141972894E-31,-5.5126826242884E-63,
1.));
#3008=DIRECTION('ref_axis',(-1.,-2.16493489801906E-15,3.55271367880049E-16));
#3009=DIRECTION('center_axis',(-3.5527136788005E-16,6.66133814775094E-16,
-1.));
#3010=DIRECTION('ref_axis',(-1.,-2.16493489801906E-15,3.55271367880049E-16));
#3011=DIRECTION('center_axis',(-1.4791141972894E-31,5.5126826242884E-63,
-1.));
#3012=DIRECTION('ref_axis',(-1.,-2.16493489801906E-15,3.55271367880049E-16));
#3013=DIRECTION('',(-3.5527136788005E-16,6.66133814775094E-16,-1.));
#3014=DIRECTION('center_axis',(1.4791141972894E-31,-5.5126826242884E-63,
1.));
#3015=DIRECTION('ref_axis',(-1.,-2.16493489801906E-15,3.55271367880049E-16));
#3016=DIRECTION('center_axis',(0.,0.,-1.));
#3017=DIRECTION('ref_axis',(-1.,-2.16493489801906E-15,0.));
#3018=DIRECTION('center_axis',(3.59094600814672E-16,-6.74841347247291E-16,
1.));
#3019=DIRECTION('ref_axis',(-1.,-2.16493489801906E-15,3.5909460081467E-16));
#3020=DIRECTION('',(0.,0.,1.));
#3021=DIRECTION('center_axis',(-3.59094600814672E-16,6.74841347247291E-16,
-1.));
#3022=DIRECTION('ref_axis',(-1.,-2.16493489801906E-15,3.5909460081467E-16));
#3023=DIRECTION('',(0.,0.,-1.));
#3024=DIRECTION('center_axis',(0.,0.,-1.));
#3025=DIRECTION('ref_axis',(-1.,-2.16493489801906E-15,0.));
#3026=DIRECTION('center_axis',(3.59094600814672E-16,-6.74841347247291E-16,
1.));
#3027=DIRECTION('ref_axis',(-1.,-2.16493489801906E-15,3.5909460081467E-16));
#3028=DIRECTION('',(0.,0.,1.));
#3029=DIRECTION('center_axis',(-3.59094600814672E-16,6.74841347247291E-16,
-1.));
#3030=DIRECTION('ref_axis',(-1.,-2.16493489801906E-15,3.5909460081467E-16));
#3031=DIRECTION('',(0.,0.,-1.));
#3032=DIRECTION('center_axis',(0.,5.55111512312578E-16,-1.));
#3033=DIRECTION('ref_axis',(-1.,-2.16493489801906E-15,-1.23259516440781E-30));
#3034=DIRECTION('center_axis',(3.59094600814672E-16,-6.74841347247291E-16,
1.));
#3035=DIRECTION('ref_axis',(-1.,-2.16493489801906E-15,3.5909460081467E-16));
#3036=DIRECTION('',(0.,-5.55111512312578E-16,1.));
#3037=DIRECTION('center_axis',(-3.59094600814672E-16,6.74841347247291E-16,
-1.));
#3038=DIRECTION('ref_axis',(-1.,-2.16493489801906E-15,3.5909460081467E-16));
#3039=DIRECTION('',(0.,5.55111512312578E-16,-1.));
#3040=DIRECTION('center_axis',(0.,5.55111512312578E-16,-1.));
#3041=DIRECTION('ref_axis',(-1.,-2.16493489801906E-15,-1.23259516440781E-30));
#3042=DIRECTION('center_axis',(3.59094600814672E-16,-6.74841347247291E-16,
1.));
#3043=DIRECTION('ref_axis',(-1.,-2.16493489801906E-15,3.5909460081467E-16));
#3044=DIRECTION('',(0.,-5.55111512312578E-16,1.));
#3045=DIRECTION('center_axis',(-3.59094600814672E-16,6.74841347247291E-16,
-1.));
#3046=DIRECTION('ref_axis',(-1.,-2.16493489801906E-15,3.5909460081467E-16));
#3047=DIRECTION('',(0.,5.55111512312578E-16,-1.));
#3048=DIRECTION('center_axis',(3.5527136788005E-16,-6.66133814775094E-16,
1.));
#3049=DIRECTION('ref_axis',(-0.999999983889983,0.000179499396873278,3.55390932774611E-16));
#3050=DIRECTION('center_axis',(-1.4791141972894E-31,5.5126826242884E-63,
-1.));
#3051=DIRECTION('ref_axis',(1.,2.16493489801906E-15,-3.55271367880049E-16));
#3052=DIRECTION('center_axis',(1.4791141972894E-31,-5.5126826242884E-63,
1.));
#3053=DIRECTION('ref_axis',(1.,2.16493489801906E-15,-3.55271367880049E-16));
#3054=DIRECTION('center_axis',(3.5527136788005E-16,-7.105427357601E-16,
1.));
#3055=DIRECTION('ref_axis',(-1.,-8.70380836585526E-15,3.55271367880044E-16));
#3056=DIRECTION('center_axis',(-1.4791141972894E-31,5.5126826242884E-63,
-1.));
#3057=DIRECTION('ref_axis',(1.,2.16493489801906E-15,-3.55271367880049E-16));
#3058=DIRECTION('center_axis',(1.4791141972894E-31,-5.5126826242884E-63,
1.));
#3059=DIRECTION('ref_axis',(1.,2.16493489801906E-15,-3.55271367880049E-16));
#3060=DIRECTION('center_axis',(4.44089209850063E-16,-6.66133814775094E-16,
1.));
#3061=DIRECTION('ref_axis',(-0.899394086074593,0.437138739914513,6.90604105433917E-16));
#3062=DIRECTION('center_axis',(-1.4791141972894E-31,5.5126826242884E-63,
-1.));
#3063=DIRECTION('ref_axis',(1.,2.16493489801906E-15,-4.44089209850061E-16));
#3064=DIRECTION('center_axis',(1.4791141972894E-31,-5.5126826242884E-63,
1.));
#3065=DIRECTION('ref_axis',(1.,2.16493489801906E-15,-4.44089209850061E-16));
#3066=DIRECTION('center_axis',(4.44089209850063E-16,-7.105427357601E-16,
1.));
#3067=DIRECTION('ref_axis',(-1.,2.63080227673489E-11,4.44089209868755E-16));
#3068=DIRECTION('center_axis',(-1.4791141972894E-31,5.5126826242884E-63,
-1.));
#3069=DIRECTION('ref_axis',(1.,2.16493489801906E-15,-4.44089209850061E-16));
#3070=DIRECTION('center_axis',(1.4791141972894E-31,-5.5126826242884E-63,
1.));
#3071=DIRECTION('ref_axis',(1.,2.16493489801906E-15,-4.44089209850061E-16));
#3072=DIRECTION('center_axis',(1.4791141972894E-31,-5.5126826242884E-63,
1.));
#3073=DIRECTION('ref_axis',(-1.,1.22464679914735E-16,1.4791141972894E-31));
#3074=DIRECTION('center_axis',(1.4791141972894E-31,-5.5126826242884E-63,
1.));
#3075=DIRECTION('ref_axis',(-1.,1.22464679914735E-16,1.4791141972894E-31));
#3076=DIRECTION('',(-1.4791141972894E-31,5.5126826242884E-63,-1.));
#3077=DIRECTION('center_axis',(-1.4791141972894E-31,5.5126826242884E-63,
-1.));
#3078=DIRECTION('ref_axis',(-1.,1.22464679914735E-16,1.4791141972894E-31));
#3079=DIRECTION('center_axis',(1.4791141972894E-31,-5.5126826242884E-63,
1.));
#3080=DIRECTION('ref_axis',(-1.,1.22464679914735E-16,1.4791141972894E-31));
#3081=DIRECTION('center_axis',(1.4791141972894E-31,-5.5126826242884E-63,
1.));
#3082=DIRECTION('ref_axis',(-1.,1.22464679914735E-16,1.4791141972894E-31));
#3083=DIRECTION('center_axis',(1.4791141972894E-31,-5.5126826242884E-63,
1.));
#3084=DIRECTION('ref_axis',(-1.,1.22464679914735E-16,1.4791141972894E-31));
#3085=DIRECTION('',(-1.4791141972894E-31,5.5126826242884E-63,-1.));
#3086=DIRECTION('center_axis',(-1.4791141972894E-31,5.5126826242884E-63,
-1.));
#3087=DIRECTION('ref_axis',(-1.,1.22464679914735E-16,1.4791141972894E-31));
#3088=DIRECTION('center_axis',(1.4791141972894E-31,-5.5126826242884E-63,
1.));
#3089=DIRECTION('ref_axis',(-1.,1.22464679914735E-16,1.4791141972894E-31));
#3090=DIRECTION('center_axis',(1.4791141972894E-31,-5.5126826242884E-63,
1.));
#3091=DIRECTION('ref_axis',(-1.,1.22464679914735E-16,1.4791141972894E-31));
#3092=DIRECTION('center_axis',(1.4791141972894E-31,-5.5126826242884E-63,
1.));
#3093=DIRECTION('ref_axis',(-1.,1.22464679914735E-16,1.4791141972894E-31));
#3094=DIRECTION('',(-1.4791141972894E-31,5.5126826242884E-63,-1.));
#3095=DIRECTION('center_axis',(-1.4791141972894E-31,5.5126826242884E-63,
-1.));
#3096=DIRECTION('ref_axis',(-1.,1.22464679914735E-16,1.4791141972894E-31));
#3097=DIRECTION('center_axis',(1.4791141972894E-31,-5.5126826242884E-63,
1.));
#3098=DIRECTION('ref_axis',(-1.,1.22464679914735E-16,1.4791141972894E-31));
#3099=DIRECTION('center_axis',(1.4791141972894E-31,-5.5126826242884E-63,
1.));
#3100=DIRECTION('ref_axis',(-1.,1.22464679914735E-16,1.4791141972894E-31));
#3101=DIRECTION('center_axis',(1.4791141972894E-31,-5.5126826242884E-63,
1.));
#3102=DIRECTION('ref_axis',(-1.,1.22464679914735E-16,1.4791141972894E-31));
#3103=DIRECTION('',(-1.4791141972894E-31,5.5126826242884E-63,-1.));
#3104=DIRECTION('center_axis',(-1.4791141972894E-31,5.5126826242884E-63,
-1.));
#3105=DIRECTION('ref_axis',(-1.,1.22464679914735E-16,1.4791141972894E-31));
#3106=DIRECTION('center_axis',(1.4791141972894E-31,-5.5126826242884E-63,
1.));
#3107=DIRECTION('ref_axis',(-1.,1.22464679914735E-16,1.4791141972894E-31));
#3108=DIRECTION('center_axis',(1.,-1.22464679914735E-16,-1.4791141972894E-31));
#3109=DIRECTION('ref_axis',(1.22464679914735E-16,1.,-1.81139246728386E-47));
#3110=DIRECTION('',(-1.22464679914735E-16,-1.,1.81139246728386E-47));
#3111=DIRECTION('',(1.4791141972894E-31,-5.5126826242884E-63,1.));
#3112=DIRECTION('',(1.22464679914735E-16,1.,-1.81139246728386E-47));
#3113=DIRECTION('',(1.4791141972894E-31,-5.5126826242884E-63,1.));
#3114=DIRECTION('center_axis',(1.4791141972894E-31,-5.5126826242884E-63,
1.));
#3115=DIRECTION('ref_axis',(-0.707106781186546,0.707106781186549,1.04589167905263E-31));
#3116=DIRECTION('center_axis',(-1.4791141972894E-31,5.5126826242884E-63,
-1.));
#3117=DIRECTION('ref_axis',(-0.707106781186546,0.707106781186549,1.04589167905263E-31));
#3118=DIRECTION('',(1.4791141972894E-31,-5.5126826242884E-63,1.));
#3119=DIRECTION('center_axis',(-1.4791141972894E-31,5.5126826242884E-63,
-1.));
#3120=DIRECTION('ref_axis',(-0.707106781186546,0.707106781186549,1.04589167905263E-31));
#3121=DIRECTION('center_axis',(-1.22464679914735E-16,-1.,1.81139246728386E-47));
#3122=DIRECTION('ref_axis',(1.,-1.22464679914735E-16,-1.4791141972894E-31));
#3123=DIRECTION('',(-1.,1.22464679914735E-16,1.4791141972894E-31));
#3124=DIRECTION('',(1.4791141972894E-31,-5.5126826242884E-63,1.));
#3125=DIRECTION('',(1.,-1.22464679914735E-16,-1.4791141972894E-31));
#3126=DIRECTION('center_axis',(1.4791141972894E-31,-5.5126826242884E-63,
1.));
#3127=DIRECTION('ref_axis',(0.707106781186548,-0.707106781186547,-1.04589167905263E-31));
#3128=DIRECTION('center_axis',(1.4791141972894E-31,-5.5126826242884E-63,
1.));
#3129=DIRECTION('ref_axis',(0.707106781186548,-0.707106781186547,-1.04589167905263E-31));
#3130=DIRECTION('',(1.4791141972894E-31,-5.5126826242884E-63,1.));
#3131=DIRECTION('center_axis',(1.4791141972894E-31,-5.5126826242884E-63,
1.));
#3132=DIRECTION('ref_axis',(0.707106781186548,-0.707106781186547,-1.04589167905263E-31));
#3133=DIRECTION('center_axis',(1.,-1.22464679914735E-16,-1.4791141972894E-31));
#3134=DIRECTION('ref_axis',(1.22464679914735E-16,1.,-1.81139246728386E-47));
#3135=DIRECTION('',(-1.22464679914735E-16,-1.,1.81139246728386E-47));
#3136=DIRECTION('',(1.4791141972894E-31,-5.5126826242884E-63,1.));
#3137=DIRECTION('',(1.22464679914735E-16,1.,-1.81139246728386E-47));
#3138=DIRECTION('center_axis',(1.4791141972894E-31,-5.5126826242884E-63,
1.));
#3139=DIRECTION('ref_axis',(0.707106781186546,0.707106781186549,-1.04589167905263E-31));
#3140=DIRECTION('center_axis',(1.4791141972894E-31,-5.5126826242884E-63,
1.));
#3141=DIRECTION('ref_axis',(0.707106781186546,0.707106781186549,-1.04589167905263E-31));
#3142=DIRECTION('',(1.4791141972894E-31,-5.5126826242884E-63,1.));
#3143=DIRECTION('center_axis',(1.4791141972894E-31,-5.5126826242884E-63,
1.));
#3144=DIRECTION('ref_axis',(0.707106781186546,0.707106781186549,-1.04589167905263E-31));
#3145=DIRECTION('center_axis',(1.22464679914735E-16,1.,-1.81139246728386E-47));
#3146=DIRECTION('ref_axis',(-1.,1.22464679914735E-16,1.4791141972894E-31));
#3147=DIRECTION('',(1.,-1.22464679914735E-16,-1.4791141972894E-31));
#3148=DIRECTION('',(1.4791141972894E-31,-5.5126826242884E-63,1.));
#3149=DIRECTION('',(-1.,1.22464679914735E-16,1.4791141972894E-31));
#3150=DIRECTION('center_axis',(1.4791141972894E-31,-5.5126826242884E-63,
1.));
#3151=DIRECTION('ref_axis',(-0.707106781186545,-0.70710678118655,1.04589167905263E-31));
#3152=DIRECTION('center_axis',(-1.4791141972894E-31,5.5126826242884E-63,
-1.));
#3153=DIRECTION('ref_axis',(-0.707106781186545,-0.70710678118655,1.04589167905263E-31));
#3154=DIRECTION('',(1.4791141972894E-31,-5.5126826242884E-63,1.));
#3155=DIRECTION('center_axis',(-1.4791141972894E-31,5.5126826242884E-63,
-1.));
#3156=DIRECTION('ref_axis',(-0.707106781186545,-0.70710678118655,1.04589167905263E-31));
#3157=DIRECTION('center_axis',(1.,-1.22464679914735E-16,-1.4791141972894E-31));
#3158=DIRECTION('ref_axis',(1.22464679914735E-16,1.,-1.81139246728386E-47));
#3159=DIRECTION('',(-1.22464679914735E-16,-1.,1.81139246728386E-47));
#3160=DIRECTION('',(1.4791141972894E-31,-5.5126826242884E-63,1.));
#3161=DIRECTION('',(1.22464679914735E-16,1.,-1.81139246728386E-47));
#3162=DIRECTION('center_axis',(1.4791141972894E-31,-5.5126826242884E-63,
1.));
#3163=DIRECTION('ref_axis',(0.707106781186548,0.707106781186548,-1.04589167905263E-31));
#3164=DIRECTION('center_axis',(1.4791141972894E-31,-5.5126826242884E-63,
1.));
#3165=DIRECTION('ref_axis',(0.707106781186548,0.707106781186548,-1.04589167905263E-31));
#3166=DIRECTION('',(1.4791141972894E-31,-5.5126826242884E-63,1.));
#3167=DIRECTION('center_axis',(1.4791141972894E-31,-5.5126826242884E-63,
1.));
#3168=DIRECTION('ref_axis',(0.707106781186548,0.707106781186548,-1.04589167905263E-31));
#3169=DIRECTION('center_axis',(1.22464679914735E-16,1.,-1.81139246728386E-47));
#3170=DIRECTION('ref_axis',(-1.,1.22464679914735E-16,1.4791141972894E-31));
#3171=DIRECTION('',(1.,-1.22464679914735E-16,-1.4791141972894E-31));
#3172=DIRECTION('',(1.4791141972894E-31,-5.5126826242884E-63,1.));
#3173=DIRECTION('',(-1.,1.22464679914735E-16,1.4791141972894E-31));
#3174=DIRECTION('center_axis',(1.4791141972894E-31,-5.5126826242884E-63,
1.));
#3175=DIRECTION('ref_axis',(-0.707106781186546,0.707106781186549,1.04589167905263E-31));
#3176=DIRECTION('center_axis',(1.4791141972894E-31,-5.5126826242884E-63,
1.));
#3177=DIRECTION('ref_axis',(-0.707106781186546,0.707106781186549,1.04589167905263E-31));
#3178=DIRECTION('',(1.4791141972894E-31,-5.5126826242884E-63,1.));
#3179=DIRECTION('center_axis',(1.4791141972894E-31,-5.5126826242884E-63,
1.));
#3180=DIRECTION('ref_axis',(-0.707106781186546,0.707106781186549,1.04589167905263E-31));
#3181=DIRECTION('center_axis',(1.4791141972894E-31,-5.5126826242884E-63,
1.));
#3182=DIRECTION('ref_axis',(0.707106781186549,-0.707106781186546,-1.04589167905263E-31));
#3183=DIRECTION('center_axis',(1.4791141972894E-31,-5.5126826242884E-63,
1.));
#3184=DIRECTION('ref_axis',(0.707106781186549,-0.707106781186546,-1.04589167905263E-31));
#3185=DIRECTION('center_axis',(1.4791141972894E-31,-5.5126826242884E-63,
1.));
#3186=DIRECTION('ref_axis',(0.707106781186549,-0.707106781186546,-1.04589167905263E-31));
#3187=DIRECTION('',(1.4791141972894E-31,-5.5126826242884E-63,1.));
#3188=DIRECTION('center_axis',(-1.22464679914735E-16,-1.,1.81139246728386E-47));
#3189=DIRECTION('ref_axis',(1.,-1.22464679914735E-16,-1.4791141972894E-31));
#3190=DIRECTION('',(-1.,1.22464679914735E-16,1.4791141972894E-31));
#3191=DIRECTION('',(1.,-1.22464679914735E-16,-1.4791141972894E-31));
#3192=DIRECTION('',(1.4791141972894E-31,-5.5126826242884E-63,1.));
#3193=DIRECTION('center_axis',(1.4791141972894E-31,-5.5126826242884E-63,
1.));
#3194=DIRECTION('ref_axis',(-0.707106781186546,-0.707106781186549,1.04589167905263E-31));
#3195=DIRECTION('center_axis',(1.4791141972894E-31,-5.5126826242884E-63,
1.));
#3196=DIRECTION('ref_axis',(-0.707106781186546,-0.707106781186549,1.04589167905263E-31));
#3197=DIRECTION('center_axis',(1.4791141972894E-31,-5.5126826242884E-63,
1.));
#3198=DIRECTION('ref_axis',(-0.707106781186546,-0.707106781186549,1.04589167905263E-31));
#3199=DIRECTION('',(1.4791141972894E-31,-5.5126826242884E-63,1.));
#3200=DIRECTION('center_axis',(-1.,1.22464679914735E-16,1.4791141972894E-31));
#3201=DIRECTION('ref_axis',(-1.22464679914735E-16,-1.,1.81139246728386E-47));
#3202=DIRECTION('',(1.22464679914735E-16,1.,-1.81139246728386E-47));
#3203=DIRECTION('',(-1.22464679914735E-16,-1.,1.81139246728386E-47));
#3204=DIRECTION('',(1.4791141972894E-31,-5.5126826242884E-63,1.));
#3205=DIRECTION('center_axis',(1.4791141972894E-31,-5.5126826242884E-63,
1.));
#3206=DIRECTION('ref_axis',(0.707106781186549,0.707106781186546,-1.04589167905263E-31));
#3207=DIRECTION('center_axis',(-1.4791141972894E-31,5.5126826242884E-63,
-1.));
#3208=DIRECTION('ref_axis',(0.707106781186549,0.707106781186546,-1.04589167905263E-31));
#3209=DIRECTION('center_axis',(-1.4791141972894E-31,5.5126826242884E-63,
-1.));
#3210=DIRECTION('ref_axis',(0.707106781186549,0.707106781186546,-1.04589167905263E-31));
#3211=DIRECTION('',(1.4791141972894E-31,-5.5126826242884E-63,1.));
#3212=DIRECTION('center_axis',(-1.22464679914735E-16,-1.,1.81139246728386E-47));
#3213=DIRECTION('ref_axis',(1.,-1.22464679914735E-16,-1.4791141972894E-31));
#3214=DIRECTION('',(-1.,1.22464679914735E-16,1.4791141972894E-31));
#3215=DIRECTION('',(1.,-1.22464679914735E-16,-1.4791141972894E-31));
#3216=DIRECTION('',(1.4791141972894E-31,-5.5126826242884E-63,1.));
#3217=DIRECTION('center_axis',(1.4791141972894E-31,-5.5126826242884E-63,
1.));
#3218=DIRECTION('ref_axis',(-0.707106781186549,-0.707106781186546,1.04589167905263E-31));
#3219=DIRECTION('center_axis',(1.4791141972894E-31,-5.5126826242884E-63,
1.));
#3220=DIRECTION('ref_axis',(-0.707106781186549,-0.707106781186546,1.04589167905263E-31));
#3221=DIRECTION('center_axis',(1.4791141972894E-31,-5.5126826242884E-63,
1.));
#3222=DIRECTION('ref_axis',(-0.707106781186549,-0.707106781186546,1.04589167905263E-31));
#3223=DIRECTION('',(1.4791141972894E-31,-5.5126826242884E-63,1.));
#3224=DIRECTION('center_axis',(-1.,1.22464679914735E-16,1.4791141972894E-31));
#3225=DIRECTION('ref_axis',(-1.22464679914735E-16,-1.,1.81139246728386E-47));
#3226=DIRECTION('',(1.22464679914735E-16,1.,-1.81139246728386E-47));
#3227=DIRECTION('',(-1.22464679914735E-16,-1.,1.81139246728386E-47));
#3228=DIRECTION('',(1.4791141972894E-31,-5.5126826242884E-63,1.));
#3229=DIRECTION('center_axis',(1.4791141972894E-31,-5.5126826242884E-63,
1.));
#3230=DIRECTION('ref_axis',(-0.707106781186549,0.707106781186546,1.04589167905263E-31));
#3231=DIRECTION('center_axis',(1.4791141972894E-31,-5.5126826242884E-63,
1.));
#3232=DIRECTION('ref_axis',(-0.707106781186549,0.707106781186546,1.04589167905263E-31));
#3233=DIRECTION('center_axis',(1.4791141972894E-31,-5.5126826242884E-63,
1.));
#3234=DIRECTION('ref_axis',(-0.707106781186549,0.707106781186546,1.04589167905263E-31));
#3235=DIRECTION('',(1.4791141972894E-31,-5.5126826242884E-63,1.));
#3236=DIRECTION('center_axis',(1.22464679914735E-16,1.,-1.81139246728386E-47));
#3237=DIRECTION('ref_axis',(-1.,1.22464679914735E-16,1.4791141972894E-31));
#3238=DIRECTION('',(1.,-1.22464679914735E-16,-1.4791141972894E-31));
#3239=DIRECTION('',(-1.,1.22464679914735E-16,1.4791141972894E-31));
#3240=DIRECTION('',(1.4791141972894E-31,-5.5126826242884E-63,1.));
#3241=DIRECTION('center_axis',(1.4791141972894E-31,-5.5126826242884E-63,
1.));
#3242=DIRECTION('ref_axis',(0.707106781186549,-0.707106781186546,-1.04589167905263E-31));
#3243=DIRECTION('center_axis',(-1.4791141972894E-31,5.5126826242884E-63,
-1.));
#3244=DIRECTION('ref_axis',(0.707106781186549,-0.707106781186546,-1.04589167905263E-31));
#3245=DIRECTION('center_axis',(-1.4791141972894E-31,5.5126826242884E-63,
-1.));
#3246=DIRECTION('ref_axis',(0.707106781186549,-0.707106781186546,-1.04589167905263E-31));
#3247=DIRECTION('',(1.4791141972894E-31,-5.5126826242884E-63,1.));
#3248=DIRECTION('center_axis',(-1.,1.22464679914735E-16,1.4791141972894E-31));
#3249=DIRECTION('ref_axis',(-1.22464679914735E-16,-1.,1.81139246728386E-47));
#3250=DIRECTION('',(1.22464679914735E-16,1.,-1.81139246728386E-47));
#3251=DIRECTION('',(-1.22464679914735E-16,-1.,1.81139246728386E-47));
#3252=DIRECTION('center_axis',(-1.4791141972894E-31,5.5126826242884E-63,
-1.));
#3253=DIRECTION('ref_axis',(-1.,-2.33978932649127E-31,1.4791141972894E-31));
#3254=DIRECTION('center_axis',(-1.4791141972894E-31,5.5126826242884E-63,
-1.));
#3255=DIRECTION('ref_axis',(-0.707106781186548,-0.707106781186548,1.04589167905263E-31));
#3256=DIRECTION('center_axis',(-1.4791141972894E-31,5.5126826242884E-63,
-1.));
#3257=DIRECTION('ref_axis',(-0.707106781186548,-0.707106781186548,1.04589167905263E-31));
#3258=DIRECTION('',(-1.4791141972894E-31,5.5126826242884E-63,-1.));
#3259=DIRECTION('center_axis',(-1.4791141972894E-31,5.5126826242884E-63,
-1.));
#3260=DIRECTION('ref_axis',(-0.707106781186548,-0.707106781186548,1.04589167905263E-31));
#3261=DIRECTION('',(1.4791141972894E-31,-5.5126826242884E-63,1.));
#3262=DIRECTION('center_axis',(1.,-1.22464679914735E-16,-1.4791141972894E-31));
#3263=DIRECTION('ref_axis',(-1.22464679914735E-16,-1.,1.81139246728386E-47));
#3264=DIRECTION('',(-1.22464679914735E-16,-1.,1.81139246728386E-47));
#3265=DIRECTION('',(1.4791141972894E-31,-5.5126826242884E-63,1.));
#3266=DIRECTION('',(-1.22464679914735E-16,-1.,1.81139246728386E-47));
#3267=DIRECTION('center_axis',(1.4791141972894E-31,-5.5126826242884E-63,
1.));
#3268=DIRECTION('ref_axis',(1.,2.33978932649127E-31,-1.4791141972894E-31));
#3269=DIRECTION('',(1.,-1.22464679914735E-16,-1.4791141972894E-31));
#3270=DIRECTION('center_axis',(-1.4791141972894E-31,5.5126826242884E-63,
-1.));
#3271=DIRECTION('ref_axis',(0.707106781186548,-0.707106781186548,-1.04589167905263E-31));
#3272=DIRECTION('',(1.22464679914735E-16,1.,-1.81139246728386E-47));
#3273=DIRECTION('center_axis',(-1.4791141972894E-31,5.5126826242884E-63,
-1.));
#3274=DIRECTION('ref_axis',(0.707106781186548,0.707106781186548,-1.04589167905263E-31));
#3275=DIRECTION('',(-1.,1.22464679914735E-16,1.4791141972894E-31));
#3276=DIRECTION('center_axis',(-1.4791141972894E-31,5.5126826242884E-63,
-1.));
#3277=DIRECTION('ref_axis',(-0.707106781186548,0.707106781186548,1.04589167905263E-31));
#3278=DIRECTION('center_axis',(-1.4791141972894E-31,5.5126826242884E-63,
-1.));
#3279=DIRECTION('ref_axis',(-0.707106781186548,0.707106781186548,1.04589167905263E-31));
#3280=DIRECTION('',(-1.4791141972894E-31,5.5126826242884E-63,-1.));
#3281=DIRECTION('center_axis',(-1.4791141972894E-31,5.5126826242884E-63,
-1.));
#3282=DIRECTION('ref_axis',(-0.707106781186548,0.707106781186548,1.04589167905263E-31));
#3283=DIRECTION('center_axis',(-1.22464679914735E-16,-1.,1.81139246728386E-47));
#3284=DIRECTION('ref_axis',(-1.,1.22464679914735E-16,1.4791141972894E-31));
#3285=DIRECTION('',(1.4791141972894E-31,-5.5126826242884E-63,1.));
#3286=DIRECTION('',(-1.,1.22464679914735E-16,1.4791141972894E-31));
#3287=DIRECTION('center_axis',(-1.4791141972894E-31,5.5126826242884E-63,
-1.));
#3288=DIRECTION('ref_axis',(0.707106781186548,0.707106781186548,-1.04589167905263E-31));
#3289=DIRECTION('',(-1.4791141972894E-31,5.5126826242884E-63,-1.));
#3290=DIRECTION('center_axis',(-1.4791141972894E-31,5.5126826242884E-63,
-1.));
#3291=DIRECTION('ref_axis',(0.707106781186548,0.707106781186548,-1.04589167905263E-31));
#3292=DIRECTION('center_axis',(-1.,1.22464679914735E-16,1.4791141972894E-31));
#3293=DIRECTION('ref_axis',(1.22464679914735E-16,1.,-1.81139246728386E-47));
#3294=DIRECTION('',(1.4791141972894E-31,-5.5126826242884E-63,1.));
#3295=DIRECTION('',(1.22464679914735E-16,1.,-1.81139246728386E-47));
#3296=DIRECTION('center_axis',(-1.4791141972894E-31,5.5126826242884E-63,
-1.));
#3297=DIRECTION('ref_axis',(-0.707106781186548,0.707106781186548,1.04589167905263E-31));
#3298=DIRECTION('center_axis',(-1.4791141972894E-31,5.5126826242884E-63,
-1.));
#3299=DIRECTION('ref_axis',(-0.707106781186548,0.707106781186548,1.04589167905263E-31));
#3300=DIRECTION('',(-1.4791141972894E-31,5.5126826242884E-63,-1.));
#3301=DIRECTION('center_axis',(-1.4791141972894E-31,5.5126826242884E-63,
-1.));
#3302=DIRECTION('ref_axis',(-0.707106781186548,0.707106781186548,1.04589167905263E-31));
#3303=DIRECTION('',(1.4791141972894E-31,-5.5126826242884E-63,1.));
#3304=DIRECTION('center_axis',(-1.22464679914735E-16,-1.,1.81139246728386E-47));
#3305=DIRECTION('ref_axis',(-1.,1.22464679914735E-16,1.4791141972894E-31));
#3306=DIRECTION('',(-1.,1.22464679914735E-16,1.4791141972894E-31));
#3307=DIRECTION('',(1.4791141972894E-31,-5.5126826242884E-63,1.));
#3308=DIRECTION('',(-1.,1.22464679914735E-16,1.4791141972894E-31));
#3309=DIRECTION('center_axis',(1.4791141972894E-31,-5.5126826242884E-63,
1.));
#3310=DIRECTION('ref_axis',(1.,2.33978932649127E-31,-1.4791141972894E-31));
#3311=DIRECTION('',(-1.22464679914735E-16,-1.,1.81139246728386E-47));
#3312=DIRECTION('center_axis',(-1.4791141972894E-31,5.5126826242884E-63,
-1.));
#3313=DIRECTION('ref_axis',(-0.707106781186548,-0.707106781186548,1.04589167905263E-31));
#3314=DIRECTION('',(1.,-1.22464679914735E-16,-1.4791141972894E-31));
#3315=DIRECTION('center_axis',(-1.4791141972894E-31,5.5126826242884E-63,
-1.));
#3316=DIRECTION('ref_axis',(0.707106781186548,-0.707106781186548,-1.04589167905263E-31));
#3317=DIRECTION('',(1.22464679914735E-16,1.,-1.81139246728386E-47));
#3318=DIRECTION('center_axis',(-1.4791141972894E-31,5.5126826242884E-63,
-1.));
#3319=DIRECTION('ref_axis',(0.707106781186548,0.707106781186548,-1.04589167905263E-31));
#3320=DIRECTION('center_axis',(-1.4791141972894E-31,5.5126826242884E-63,
-1.));
#3321=DIRECTION('ref_axis',(-0.707106781186548,-0.707106781186548,1.04589167905263E-31));
#3322=DIRECTION('',(-1.4791141972894E-31,5.5126826242884E-63,-1.));
#3323=DIRECTION('center_axis',(-1.4791141972894E-31,5.5126826242884E-63,
-1.));
#3324=DIRECTION('ref_axis',(-0.707106781186548,-0.707106781186548,1.04589167905263E-31));
#3325=DIRECTION('',(1.4791141972894E-31,-5.5126826242884E-63,1.));
#3326=DIRECTION('center_axis',(1.22464679914735E-16,1.,-1.81139246728386E-47));
#3327=DIRECTION('ref_axis',(1.,-1.22464679914735E-16,-1.4791141972894E-31));
#3328=DIRECTION('',(1.,-1.22464679914735E-16,-1.4791141972894E-31));
#3329=DIRECTION('',(-1.4791141972894E-31,5.5126826242884E-63,-1.));
#3330=DIRECTION('center_axis',(-1.4791141972894E-31,5.5126826242884E-63,
-1.));
#3331=DIRECTION('ref_axis',(0.707106781186548,-0.707106781186548,-1.04589167905263E-31));
#3332=DIRECTION('center_axis',(-1.4791141972894E-31,5.5126826242884E-63,
-1.));
#3333=DIRECTION('ref_axis',(0.707106781186548,-0.707106781186548,-1.04589167905263E-31));
#3334=DIRECTION('',(1.4791141972894E-31,-5.5126826242884E-63,1.));
#3335=DIRECTION('center_axis',(-1.4791141972894E-31,5.5126826242884E-63,
-1.));
#3336=DIRECTION('ref_axis',(0.707106781186548,0.707106781186548,-1.04589167905263E-31));
#3337=DIRECTION('',(-1.4791141972894E-31,5.5126826242884E-63,-1.));
#3338=DIRECTION('center_axis',(-1.4791141972894E-31,5.5126826242884E-63,
-1.));
#3339=DIRECTION('ref_axis',(0.707106781186548,0.707106781186548,-1.04589167905263E-31));
#3340=DIRECTION('center_axis',(-1.4791141972894E-31,5.5126826242884E-63,
-1.));
#3341=DIRECTION('ref_axis',(0.707106781186548,-0.707106781186548,-1.04589167905263E-31));
#3342=DIRECTION('',(-1.4791141972894E-31,5.5126826242884E-63,-1.));
#3343=DIRECTION('center_axis',(-1.4791141972894E-31,5.5126826242884E-63,
-1.));
#3344=DIRECTION('ref_axis',(0.707106781186548,-0.707106781186548,-1.04589167905263E-31));
#3345=DIRECTION('center_axis',(1.4791141972894E-31,-5.5126826242884E-63,
1.));
#3346=DIRECTION('ref_axis',(1.,2.33978932649127E-31,-1.4791141972894E-31));
#3347=DIRECTION('center_axis',(-1.4791141972894E-31,5.5126826242884E-63,
-1.));
#3348=DIRECTION('ref_axis',(-0.707106781186544,-0.707106781186551,1.04589167905263E-31));
#3349=DIRECTION('',(1.,2.33978932649127E-31,-1.4791141972894E-31));
#3350=DIRECTION('center_axis',(-1.4791141972894E-31,5.5126826242884E-63,
-1.));
#3351=DIRECTION('ref_axis',(0.707106781186549,-0.707106781186546,-1.04589167905263E-31));
#3352=DIRECTION('',(-2.33978932649127E-31,1.,4.01208387390827E-62));
#3353=DIRECTION('center_axis',(-1.4791141972894E-31,5.5126826242884E-63,
-1.));
#3354=DIRECTION('ref_axis',(0.707106781186548,0.707106781186547,-1.04589167905263E-31));
#3355=DIRECTION('',(-1.,-2.33978932649127E-31,1.4791141972894E-31));
#3356=DIRECTION('center_axis',(-1.4791141972894E-31,5.5126826242884E-63,
-1.));
#3357=DIRECTION('ref_axis',(-0.707106781186549,0.707106781186546,1.04589167905263E-31));
#3358=DIRECTION('',(2.33978932649127E-31,-1.,-4.01208387390827E-62));
#3359=DIRECTION('',(-1.,1.22464679914735E-16,1.4791141972894E-31));
#3360=DIRECTION('center_axis',(1.4791141972894E-31,-5.5126826242884E-63,
1.));
#3361=DIRECTION('ref_axis',(-0.707106781186547,-0.707106781186547,1.04589167905263E-31));
#3362=DIRECTION('center_axis',(1.4791141972894E-31,-5.5126826242884E-63,
1.));
#3363=DIRECTION('ref_axis',(-0.707106781186547,0.707106781186547,1.04589167905263E-31));
#3364=DIRECTION('',(1.,-1.22464679914735E-16,-1.4791141972894E-31));
#3365=DIRECTION('center_axis',(1.4791141972894E-31,-5.5126826242884E-63,
1.));
#3366=DIRECTION('ref_axis',(0.707106781186547,0.707106781186547,-1.04589167905263E-31));
#3367=DIRECTION('center_axis',(1.4791141972894E-31,-5.5126826242884E-63,
1.));
#3368=DIRECTION('ref_axis',(0.707106781186547,-0.707106781186547,-1.04589167905263E-31));
#3369=DIRECTION('center_axis',(-1.4791141972894E-31,5.5126826242884E-63,
-1.));
#3370=DIRECTION('ref_axis',(-0.707106781186547,0.707106781186547,1.04589167905263E-31));
#3371=DIRECTION('center_axis',(1.4791141972894E-31,-5.5126826242884E-63,
1.));
#3372=DIRECTION('ref_axis',(-0.707106781186547,0.707106781186547,1.04589167905263E-31));
#3373=DIRECTION('',(1.4791141972894E-31,-5.5126826242884E-63,1.));
#3374=DIRECTION('',(1.4791141972894E-31,-5.5126826242884E-63,1.));
#3375=DIRECTION('center_axis',(-1.4791141972894E-31,5.5126826242884E-63,
-1.));
#3376=DIRECTION('ref_axis',(-1.,-2.33978932649127E-31,1.4791141972894E-31));
#3377=DIRECTION('center_axis',(1.4791141972894E-31,-5.5126826242884E-63,
1.));
#3378=DIRECTION('ref_axis',(-0.707106781186547,-0.707106781186547,1.04589167905263E-31));
#3379=DIRECTION('',(-1.,1.22464679914735E-16,1.4791141972894E-31));
#3380=DIRECTION('center_axis',(1.4791141972894E-31,-5.5126826242884E-63,
1.));
#3381=DIRECTION('ref_axis',(0.707106781186547,-0.707106781186547,-1.04589167905263E-31));
#3382=DIRECTION('center_axis',(1.4791141972894E-31,-5.5126826242884E-63,
1.));
#3383=DIRECTION('ref_axis',(0.707106781186547,0.707106781186547,-1.04589167905263E-31));
#3384=DIRECTION('',(1.,-1.22464679914735E-16,-1.4791141972894E-31));
#3385=DIRECTION('',(1.22464679914735E-16,1.,-1.81139246728386E-47));
#3386=DIRECTION('',(-1.22464679914735E-16,-1.,1.81139246728386E-47));
#3387=DIRECTION('',(1.,-1.22464679914735E-16,-1.4791141972894E-31));
#3388=DIRECTION('center_axis',(-1.4791141972894E-31,5.5126826242884E-63,
-1.));
#3389=DIRECTION('ref_axis',(-0.707106781186547,-0.707106781186547,1.04589167905263E-31));
#3390=DIRECTION('',(-1.4791141972894E-31,5.5126826242884E-63,-1.));
#3391=DIRECTION('center_axis',(-1.4791141972894E-31,5.5126826242884E-63,
-1.));
#3392=DIRECTION('ref_axis',(0.707106781186547,-0.707106781186547,-1.04589167905263E-31));
#3393=DIRECTION('',(1.4791141972894E-31,-5.5126826242884E-63,1.));
#3394=DIRECTION('',(1.4791141972894E-31,-5.5126826242884E-63,1.));
#3395=DIRECTION('center_axis',(-1.4791141972894E-31,5.5126826242884E-63,
-1.));
#3396=DIRECTION('ref_axis',(0.707106781186547,0.707106781186547,-1.04589167905263E-31));
#3397=DIRECTION('',(-1.4791141972894E-31,5.5126826242884E-63,-1.));
#3398=DIRECTION('center_axis',(1.22464679914735E-16,1.,-1.81139246728386E-47));
#3399=DIRECTION('ref_axis',(1.,-1.22464679914735E-16,-1.4791141972894E-31));
#3400=DIRECTION('center_axis',(1.4791141972894E-31,-5.5126826242884E-63,
1.));
#3401=DIRECTION('ref_axis',(-0.707106781186544,-0.707106781186551,1.04589167905263E-31));
#3402=DIRECTION('',(-1.4791141972894E-31,5.5126826242884E-63,-1.));
#3403=DIRECTION('center_axis',(1.4791141972894E-31,-5.5126826242884E-63,
1.));
#3404=DIRECTION('ref_axis',(-0.707106781186544,-0.707106781186551,1.04589167905263E-31));
#3405=DIRECTION('',(1.4791141972894E-31,-5.5126826242884E-63,1.));
#3406=DIRECTION('center_axis',(2.33978932649127E-31,-1.,-4.01208387390827E-62));
#3407=DIRECTION('ref_axis',(1.,2.33978932649127E-31,-1.4791141972894E-31));
#3408=DIRECTION('',(-1.,-2.33978932649127E-31,1.4791141972894E-31));
#3409=DIRECTION('',(-1.4791141972894E-31,5.5126826242884E-63,-1.));
#3410=DIRECTION('center_axis',(1.4791141972894E-31,-5.5126826242884E-63,
1.));
#3411=DIRECTION('ref_axis',(1.,2.33978932649127E-31,-1.4791141972894E-31));
#3412=DIRECTION('',(-2.33978932649127E-31,1.,4.01208387390827E-62));
#3413=DIRECTION('center_axis',(1.4791141972894E-31,-5.5126826242884E-63,
1.));
#3414=DIRECTION('ref_axis',(-0.707106781186549,0.707106781186546,1.04589167905263E-31));
#3415=DIRECTION('',(1.,2.33978932649127E-31,-1.4791141972894E-31));
#3416=DIRECTION('center_axis',(1.4791141972894E-31,-5.5126826242884E-63,
1.));
#3417=DIRECTION('ref_axis',(0.707106781186548,0.707106781186547,-1.04589167905263E-31));
#3418=DIRECTION('',(2.33978932649127E-31,-1.,-4.01208387390827E-62));
#3419=DIRECTION('center_axis',(1.4791141972894E-31,-5.5126826242884E-63,
1.));
#3420=DIRECTION('ref_axis',(0.707106781186549,-0.707106781186546,-1.04589167905263E-31));
#3421=DIRECTION('center_axis',(1.4791141972894E-31,-5.5126826242884E-63,
1.));
#3422=DIRECTION('ref_axis',(0.707106781186549,-0.707106781186546,-1.04589167905263E-31));
#3423=DIRECTION('',(1.4791141972894E-31,-5.5126826242884E-63,1.));
#3424=DIRECTION('center_axis',(1.,2.33978932649127E-31,-1.4791141972894E-31));
#3425=DIRECTION('ref_axis',(-2.33978932649127E-31,1.,4.01208387390827E-62));
#3426=DIRECTION('',(-1.4791141972894E-31,5.5126826242884E-63,-1.));
#3427=DIRECTION('center_axis',(1.4791141972894E-31,-5.5126826242884E-63,
1.));
#3428=DIRECTION('ref_axis',(0.707106781186548,0.707106781186547,-1.04589167905263E-31));
#3429=DIRECTION('',(1.4791141972894E-31,-5.5126826242884E-63,1.));
#3430=DIRECTION('center_axis',(-2.33978932649127E-31,1.,4.01208387390827E-62));
#3431=DIRECTION('ref_axis',(-1.,-2.33978932649127E-31,1.4791141972894E-31));
#3432=DIRECTION('',(-1.4791141972894E-31,5.5126826242884E-63,-1.));
#3433=DIRECTION('center_axis',(1.4791141972894E-31,-5.5126826242884E-63,
1.));
#3434=DIRECTION('ref_axis',(-0.707106781186549,0.707106781186546,1.04589167905263E-31));
#3435=DIRECTION('',(1.4791141972894E-31,-5.5126826242884E-63,1.));
#3436=DIRECTION('center_axis',(1.22464679914735E-16,1.,-1.81139246728386E-47));
#3437=DIRECTION('ref_axis',(1.,-1.22464679914735E-16,-1.4791141972894E-31));
#3438=DIRECTION('center_axis',(1.,-1.22464679914735E-16,-1.4791141972894E-31));
#3439=DIRECTION('ref_axis',(-1.22464679914735E-16,-1.,1.81139246728386E-47));
#3440=DIRECTION('center_axis',(-1.,1.22464679914735E-16,1.4791141972894E-31));
#3441=DIRECTION('ref_axis',(1.22464679914735E-16,1.,-1.81139246728386E-47));
#3442=DIRECTION('center_axis',(-1.22464679914735E-16,-1.,1.81139246728386E-47));
#3443=DIRECTION('ref_axis',(-1.,1.22464679914735E-16,1.4791141972894E-31));
#3444=DIRECTION('center_axis',(-1.,-2.33978932649127E-31,1.4791141972894E-31));
#3445=DIRECTION('ref_axis',(2.33978932649127E-31,-1.,-4.01208387390827E-62));
#3446=DIRECTION('',(7.45999507544739E-17,-2.98406352960327E-16,1.00000000000001));
#3447=DIRECTION('',(1.,-2.16493489801905E-15,3.9204750557076E-16));
#3448=DIRECTION('',(-3.29529047560885E-17,-2.98406352960327E-16,1.00000000000001));
#3449=DIRECTION('',(0.999999999999998,-2.16493489801905E-15,3.92047505570761E-16));
#3450=CARTESIAN_POINT('',(0.,0.,0.));
#3451=CARTESIAN_POINT('',(0.,0.,0.));
#3452=CARTESIAN_POINT('Origin',(96.3486665270897,-3.68359707272602,49.4772401030158));
#3453=CARTESIAN_POINT('',(97.3486665270897,-3.68359707272602,47.4772401030155));
#3454=CARTESIAN_POINT('Origin',(96.3486665270897,-3.68359707272602,47.4772401030155));
#3455=CARTESIAN_POINT('',(97.3486665270897,-3.68359707272601,36.4772401030155));
#3456=CARTESIAN_POINT('',(97.3486665270897,-3.68359707272602,49.4772401030158));
#3457=CARTESIAN_POINT('Origin',(96.3486665270897,-3.68359707272601,36.4772401030155));
#3458=CARTESIAN_POINT('Origin',(38.8486665270898,-38.6835970727262,49.4772401030158));
#3459=CARTESIAN_POINT('',(39.8486665270898,-38.6835970727262,47.4772401030155));
#3460=CARTESIAN_POINT('Origin',(38.8486665270898,-38.6835970727262,47.4772401030155));
#3461=CARTESIAN_POINT('',(39.8486665270898,-38.6835970727261,36.4772401030155));
#3462=CARTESIAN_POINT('',(39.8486665270898,-38.6835970727262,49.4772401030158));
#3463=CARTESIAN_POINT('Origin',(38.8486665270898,-38.6835970727261,36.4772401030155));
#3464=CARTESIAN_POINT('Origin',(95.8486665270898,-38.683597072726,49.4772401030158));
#3465=CARTESIAN_POINT('',(96.8486665270898,-38.683597072726,47.4772401030155));
#3466=CARTESIAN_POINT('Origin',(95.8486665270898,-38.683597072726,47.4772401030155));
#3467=CARTESIAN_POINT('',(96.8486665270898,-38.683597072726,36.4772401030155));
#3468=CARTESIAN_POINT('',(96.8486665270898,-38.683597072726,49.4772401030158));
#3469=CARTESIAN_POINT('Origin',(95.8486665270898,-38.683597072726,36.4772401030155));
#3470=CARTESIAN_POINT('Origin',(38.8486665270897,-3.68359707272615,49.4772401030159));
#3471=CARTESIAN_POINT('',(39.8486665270897,-3.68359707272614,47.4772401030156));
#3472=CARTESIAN_POINT('Origin',(38.8486665270897,-3.68359707272615,47.4772401030156));
#3473=CARTESIAN_POINT('',(39.8486665270897,-3.68359707272614,36.4772401030156));
#3474=CARTESIAN_POINT('',(39.8486665270897,-3.68359707272615,49.4772401030159));
#3475=CARTESIAN_POINT('Origin',(38.8486665270897,-3.68359707272614,36.4772401030156));
#3476=CARTESIAN_POINT('Origin',(42.9999999329453,-34.9999998591842,43.4772401030158));
#3477=CARTESIAN_POINT('',(41.9999999329453,-34.9999998591842,43.4772401030158));
#3478=CARTESIAN_POINT('Origin',(42.9999999329453,-34.9999998591842,43.4772401030158));
#3479=CARTESIAN_POINT('Origin',(42.4929444366747,-6.84567421544777,43.4772401030158));
#3480=CARTESIAN_POINT('',(41.9702854535685,-7.69817588474641,43.4772401030158));
#3481=CARTESIAN_POINT('',(43.0156034197719,-5.99317254614367,43.4772401030158));
#3482=CARTESIAN_POINT('Origin',(42.4858889404041,-6.84134857171134,43.4772401030158));
#3483=CARTESIAN_POINT('Origin',(42.4999999329453,-6.84999985918418,43.4772401030158));
#3484=CARTESIAN_POINT('Origin',(91.9999999329453,-6.29999985918408,43.4772401030158));
#3485=CARTESIAN_POINT('',(90.9999999329453,-6.29999985918408,43.4772401030158));
#3486=CARTESIAN_POINT('Origin',(91.9999999329453,-6.29999985918408,43.4772401030158));
#3487=CARTESIAN_POINT('Origin',(91.9999999329454,-34.9999998591841,43.4772401030158));
#3488=CARTESIAN_POINT('',(90.9999999329454,-34.9999998591841,43.4772401030158));
#3489=CARTESIAN_POINT('Origin',(91.9999999329454,-34.9999998591841,43.4772401030158));
#3490=CARTESIAN_POINT('Origin',(91.9999999329454,-34.9999998591841,36.4772401030157));
#3491=CARTESIAN_POINT('',(91.0000000298023,-35.0000005215406,39.4772401030155));
#3492=CARTESIAN_POINT('',(90.9999999329454,-34.9999998591841,36.4772401030157));
#3493=CARTESIAN_POINT('Origin',(92.0000000447035,-35.0000005215406,39.4772401030155));
#3494=CARTESIAN_POINT('Origin',(91.9999999329453,-6.29999985918407,36.4772401030158));
#3495=CARTESIAN_POINT('',(90.9999999329448,-6.29999985918402,39.4772401030155));
#3496=CARTESIAN_POINT('',(90.9999999329453,-6.29999985918408,36.4772401030158));
#3497=CARTESIAN_POINT('Origin',(91.9999999329448,-6.29999985918402,39.4772401030155));
#3498=CARTESIAN_POINT('Origin',(42.9999999329453,-34.9999998591842,36.4772401030158));
#3499=CARTESIAN_POINT('',(41.9999993145466,-35.0000005215406,39.4772401030155));
#3500=CARTESIAN_POINT('',(41.9999999329453,-34.9999998591842,36.4772401030158));
#3501=CARTESIAN_POINT('Origin',(42.9999993145466,-35.0000005215406,39.4772401030155));
#3502=CARTESIAN_POINT('Origin',(42.4999999329453,-6.84999985918418,36.4772401030158));
#3503=CARTESIAN_POINT('',(41.9702854535685,-7.6981758847464,36.4772401030158));
#3504=CARTESIAN_POINT('',(43.0156034197719,-5.99317254614367,36.4772401030158));
#3505=CARTESIAN_POINT('Origin',(42.4999999329453,-6.84999985918418,36.4772401030158));
#3506=CARTESIAN_POINT('',(41.9702854535742,-7.69817588474998,39.4772401030155));
#3507=CARTESIAN_POINT('',(41.9702854535743,-7.69817588475004,36.4772401030158));
#3508=CARTESIAN_POINT('',(41.9702854535685,-7.6981758847464,36.4772401030158));
#3509=CARTESIAN_POINT('',(43.0156034197759,-5.99317254614604,39.4772401030155));
#3510=CARTESIAN_POINT('',(43.0156034197719,-5.99317254614367,36.4772401030158));
#3511=CARTESIAN_POINT('',(43.0156034197758,-5.99317254614598,36.4772401030158));
#3512=CARTESIAN_POINT('Origin',(42.4858889404041,-6.84134857171134,36.4772401030158));
#3513=CARTESIAN_POINT('Origin',(42.4858889404038,-6.84134857171129,39.4772401030155));
#3514=CARTESIAN_POINT('Origin',(42.4858889404038,-6.84134857171129,36.4772401030155));
#3515=CARTESIAN_POINT('Origin',(42.4858889404038,-6.84134857171129,39.4772401030155));
#3516=CARTESIAN_POINT('Origin',(42.4858889404038,-6.84134857171129,36.4772401030155));
#3517=CARTESIAN_POINT('Origin',(38.2873150930549,-39.5086379595318,39.4772401030155));
#3518=CARTESIAN_POINT('',(38.2873150930549,-41.5086379595318,47.4772401030155));
#3519=CARTESIAN_POINT('',(36.2873150930549,-39.5086379595318,47.4772401030155));
#3520=CARTESIAN_POINT('Origin',(38.2873150930549,-39.5086379595318,47.4772401030155));
#3521=CARTESIAN_POINT('',(36.2873150930549,-39.5086379595318,36.4772401030155));
#3522=CARTESIAN_POINT('',(36.2873150930549,-39.5086379595318,39.4772401030155));
#3523=CARTESIAN_POINT('',(38.2873150930549,-41.5086379595318,36.4772401030155));
#3524=CARTESIAN_POINT('Origin',(38.2873150930549,-39.5086379595318,36.4772401030155));
#3525=CARTESIAN_POINT('',(38.2873150930549,-41.5086379595318,39.4772401030155));
#3526=CARTESIAN_POINT('Origin',(67.2873150930549,-21.5086379595318,47.4772401030155));
#3527=CARTESIAN_POINT('',(96.2873150930549,-41.5086379595318,47.4772401030155));
#3528=CARTESIAN_POINT('',(36.2873150930549,-41.5086379595318,47.4772401030155));
#3529=CARTESIAN_POINT('',(98.2873150930549,-39.5086379595318,47.4772401030155));
#3530=CARTESIAN_POINT('Origin',(96.2873150930549,-39.5086379595318,47.4772401030155));
#3531=CARTESIAN_POINT('',(98.2873150930549,-3.5086379595318,47.4772401030155));
#3532=CARTESIAN_POINT('',(98.2873150930549,-41.5086379595318,47.4772401030155));
#3533=CARTESIAN_POINT('',(96.2873150930549,-1.5086379595318,47.4772401030155));
#3534=CARTESIAN_POINT('Origin',(96.2873150930549,-3.5086379595318,47.4772401030155));
#3535=CARTESIAN_POINT('',(38.2873150930549,-1.5086379595318,47.4772401030155));
#3536=CARTESIAN_POINT('',(98.2873150930549,-1.5086379595318,47.4772401030155));
#3537=CARTESIAN_POINT('',(36.2873150930549,-3.5086379595318,47.4772401030155));
#3538=CARTESIAN_POINT('Origin',(38.2873150930549,-3.5086379595318,47.4772401030155));
#3539=CARTESIAN_POINT('',(36.2873150930549,-1.5086379595318,47.4772401030155));
#3540=CARTESIAN_POINT('',(39.9999985992908,-4.49451545583499,47.4772401030155));
#3541=CARTESIAN_POINT('',(93.9999994039536,-4.49451545583499,47.4772401030155));
#3542=CARTESIAN_POINT('',(39.9999985992908,-4.49451545583499,47.4772401030155));
#3543=CARTESIAN_POINT('',(93.9999994039536,-38.4945159624745,47.4772401030155));
#3544=CARTESIAN_POINT('',(93.9999994039536,-4.49451545583499,47.4772401030155));
#3545=CARTESIAN_POINT('',(39.9999985992908,-38.4945159624745,47.4772401030155));
#3546=CARTESIAN_POINT('',(93.9999994039536,-38.4945159624745,47.4772401030155));
#3547=CARTESIAN_POINT('',(39.9999985992908,-38.4945159624745,47.4772401030155));
#3548=CARTESIAN_POINT('Origin',(94.2873150930549,-41.5086379595318,39.4772401030155));
#3549=CARTESIAN_POINT('',(96.2873150930549,-41.5086379595318,36.4772401030155));
#3550=CARTESIAN_POINT('',(94.2873150930549,-41.5086379595318,36.4772401030155));
#3551=CARTESIAN_POINT('',(96.2873150930549,-41.5086379595318,39.4772401030155));
#3552=CARTESIAN_POINT('',(82.6665316278493,-41.5086379595318,43.377239993492));
#3553=CARTESIAN_POINT('',(82.6665316278493,-41.5086379595318,40.0772400672528));
#3554=CARTESIAN_POINT('',(82.6665316278493,-41.5086379595318,41.4272400482538));
#3555=CARTESIAN_POINT('',(73.666531829015,-41.5086379595318,40.0772400672528));
#3556=CARTESIAN_POINT('',(88.4769233604521,-41.5086379595318,40.0772400672528));
#3557=CARTESIAN_POINT('',(73.666531829015,-41.5086379595318,43.377239993492));
#3558=CARTESIAN_POINT('',(73.666531829015,-41.5086379595318,39.7772400851342));
#3559=CARTESIAN_POINT('',(83.976923461035,-41.5086379595318,43.377239993492));
#3560=CARTESIAN_POINT('',(53.4665316278493,-41.5086379595318,43.377239993492));
#3561=CARTESIAN_POINT('',(53.4665316278493,-41.5086379595318,40.0772400672528));
#3562=CARTESIAN_POINT('',(53.4665316278493,-41.5086379595318,41.4272400482538));
#3563=CARTESIAN_POINT('',(44.466531829015,-41.5086379595318,40.0772400672528));
#3564=CARTESIAN_POINT('',(73.8769233604521,-41.5086379595318,40.0772400672528));
#3565=CARTESIAN_POINT('',(44.466531829015,-41.5086379595318,43.377239993492));
#3566=CARTESIAN_POINT('',(44.466531829015,-41.5086379595318,39.7772400851342));
#3567=CARTESIAN_POINT('',(69.376923461035,-41.5086379595318,43.377239993492));
#3568=CARTESIAN_POINT('Origin',(96.2873150930549,-39.5086379595318,39.4772401030155));
#3569=CARTESIAN_POINT('',(98.2873150930549,-39.5086379595318,36.4772401030155));
#3570=CARTESIAN_POINT('Origin',(96.2873150930549,-39.5086379595318,36.4772401030155));
#3571=CARTESIAN_POINT('',(98.2873150930549,-39.5086379595318,39.4772401030155));
#3572=CARTESIAN_POINT('Origin',(96.2873150930549,-3.5086379595318,39.4772401030155));
#3573=CARTESIAN_POINT('',(98.2873150930549,-3.5086379595318,36.4772401030155));
#3574=CARTESIAN_POINT('',(98.2873150930549,-3.5086379595318,39.4772401030155));
#3575=CARTESIAN_POINT('',(96.2873150930549,-1.5086379595318,36.4772401030155));
#3576=CARTESIAN_POINT('Origin',(96.2873150930549,-3.5086379595318,36.4772401030155));
#3577=CARTESIAN_POINT('',(96.2873150930549,-1.5086379595318,39.4772401030155));
#3578=CARTESIAN_POINT('Origin',(40.2873150930549,-1.5086379595318,39.4772401030155));
#3579=CARTESIAN_POINT('',(38.2873150930549,-1.5086379595318,36.4772401030155));
#3580=CARTESIAN_POINT('',(94.2873150930549,-1.5086379595318,36.4772401030155));
#3581=CARTESIAN_POINT('',(38.2873150930549,-1.5086379595318,39.4772401030155));
#3582=CARTESIAN_POINT('',(42.7976568569325,-1.5086379595318,46.6772399197313));
#3583=CARTESIAN_POINT('',(42.7976568569325,-1.5086379595318,40.9804245179559));
#3584=CARTESIAN_POINT('',(42.7976568569325,-1.5086379595318,43.0772400113734));
#3585=CARTESIAN_POINT('',(56.0665315697348,-1.5086379595318,40.9804245179559));
#3586=CARTESIAN_POINT('',(41.5424859749937,-1.5086379595318,40.9804245179559));
#3587=CARTESIAN_POINT('',(56.0665315697348,-1.5086379595318,46.6772399197313));
#3588=CARTESIAN_POINT('',(56.0665315697348,-1.5086379595318,40.2288323104857));
#3589=CARTESIAN_POINT('',(48.1769233313949,-1.5086379595318,46.6772399197313));
#3590=CARTESIAN_POINT('',(71.4149415121147,-1.5086379595318,46.6539960924005));
#3591=CARTESIAN_POINT('',(71.4149415121147,-1.5086379595318,40.9858780625473));
#3592=CARTESIAN_POINT('',(71.4149415121147,-1.5086379595318,43.065618097708));
#3593=CARTESIAN_POINT('',(84.6175091182361,-1.5086379595318,40.9858780625473));
#3594=CARTESIAN_POINT('',(55.8511283025848,-1.5086379595318,40.9858780625473));
#3595=CARTESIAN_POINT('',(84.6175091182361,-1.5086379595318,46.6539960924005));
#3596=CARTESIAN_POINT('',(84.6175091182361,-1.5086379595318,40.2315590827814));
#3597=CARTESIAN_POINT('',(62.4524121056455,-1.5086379595318,46.6539960924005));
#3598=CARTESIAN_POINT('Origin',(67.2873150930549,-21.5086379595318,36.4772401030155));
#3599=CARTESIAN_POINT('',(36.2873150930549,-3.5086379595318,36.4772401030155));
#3600=CARTESIAN_POINT('',(36.2873150930549,-37.5086379595318,36.4772401030155));
#3601=CARTESIAN_POINT('Origin',(38.2873150930549,-3.5086379595318,36.4772401030155));
#3602=CARTESIAN_POINT('',(98.2873150930549,-5.5086379595318,36.4772401030155));
#3603=CARTESIAN_POINT('Origin',(38.2873150930549,-3.5086379595318,39.4772401030155));
#3604=CARTESIAN_POINT('',(36.2873150930549,-3.5086379595318,39.4772401030155));
#3605=CARTESIAN_POINT('Origin',(98.2873150930549,-17.2316385763032,43.4772401775213));
#3606=CARTESIAN_POINT('',(98.2873150930549,-17.2316385763032,43.4772401775213));
#3607=CARTESIAN_POINT('',(98.2873150930549,-17.2316385763032,40.1772401775213));
#3608=CARTESIAN_POINT('',(98.2873150930549,-17.2316385763032,41.4772401402684));
#3609=CARTESIAN_POINT('',(93.9999994039536,-17.2316385763032,43.4772401775213));
#3610=CARTESIAN_POINT('',(98.2873150930549,-17.2316385763032,43.4772401775213));
#3611=CARTESIAN_POINT('',(93.9999994039536,-17.2316385763032,40.1772401775213));
#3612=CARTESIAN_POINT('',(93.9999994039536,-17.2316385763032,41.4772401402684));
#3613=CARTESIAN_POINT('',(98.2873150930549,-17.2316385763032,40.1772401775213));
#3614=CARTESIAN_POINT('Origin',(98.2873150930549,-26.2316385763032,43.4772401775213));
#3615=CARTESIAN_POINT('',(98.2873150930549,-26.2316385763032,43.4772401775213));
#3616=CARTESIAN_POINT('',(98.2873150930549,-15.8701382679175,43.4772401775213));
#3617=CARTESIAN_POINT('',(93.9999994039536,-26.2316385763032,43.4772401775213));
#3618=CARTESIAN_POINT('',(98.2873150930549,-26.2316385763032,43.4772401775213));
#3619=CARTESIAN_POINT('',(93.9999994039536,-15.3630770160691,43.4772401775213));
#3620=CARTESIAN_POINT('Origin',(98.2873150930549,-26.2316385763032,40.1772401775213));
#3621=CARTESIAN_POINT('',(98.2873150930549,-26.2316385763032,40.1772401775213));
#3622=CARTESIAN_POINT('',(98.2873150930549,-26.2316385763032,39.8272401402684));
#3623=CARTESIAN_POINT('',(93.9999994039536,-26.2316385763032,40.1772401775213));
#3624=CARTESIAN_POINT('',(98.2873150930549,-26.2316385763032,40.1772401775213));
#3625=CARTESIAN_POINT('',(93.9999994039536,-26.2316385763032,39.8272401402684));
#3626=CARTESIAN_POINT('Origin',(98.2873150930549,-17.2316385763032,40.1772401775213));
#3627=CARTESIAN_POINT('',(98.2873150930549,-11.3701382679175,40.1772401775213));
#3628=CARTESIAN_POINT('',(93.9999994039536,-10.8630770160691,40.1772401775213));
#3629=CARTESIAN_POINT('Origin',(82.6665316278493,-41.5086379595318,43.377239993492));
#3630=CARTESIAN_POINT('',(82.6665316278493,-38.5086379595318,43.377239993492));
#3631=CARTESIAN_POINT('',(82.6665316278493,-41.5086379595318,43.377239993492));
#3632=CARTESIAN_POINT('',(82.6665316278493,-38.5086379595318,40.0772400672528));
#3633=CARTESIAN_POINT('',(82.6665316278493,-38.5086379595318,43.377239993492));
#3634=CARTESIAN_POINT('',(82.6665316278493,-41.5086379595318,40.0772400672528));
#3635=CARTESIAN_POINT('Origin',(73.666531829015,-41.5086379595318,43.377239993492));
#3636=CARTESIAN_POINT('',(73.666531829015,-38.5086379595318,43.377239993492));
#3637=CARTESIAN_POINT('',(73.666531829015,-41.5086379595318,43.377239993492));
#3638=CARTESIAN_POINT('',(73.666531829015,-38.5086379595318,43.377239993492));
#3639=CARTESIAN_POINT('Origin',(73.666531829015,-41.5086379595318,40.0772400672528));
#3640=CARTESIAN_POINT('',(73.666531829015,-38.5086379595318,40.0772400672528));
#3641=CARTESIAN_POINT('',(73.666531829015,-41.5086379595318,40.0772400672528));
#3642=CARTESIAN_POINT('',(73.666531829015,-38.5086379595318,40.0772400672528));
#3643=CARTESIAN_POINT('Origin',(82.6665316278493,-41.5086379595318,40.0772400672528));
#3644=CARTESIAN_POINT('',(82.6665316278493,-38.5086379595318,40.0772400672528));
#3645=CARTESIAN_POINT('Origin',(78.1665317284322,-38.5086379595318,41.7272400303724));
#3646=CARTESIAN_POINT('Origin',(53.4665316278493,-41.5086379595318,43.377239993492));
#3647=CARTESIAN_POINT('',(53.4665316278493,-38.5086379595318,43.377239993492));
#3648=CARTESIAN_POINT('',(53.4665316278493,-41.5086379595318,43.377239993492));
#3649=CARTESIAN_POINT('',(53.4665316278493,-38.5086379595318,40.0772400672528));
#3650=CARTESIAN_POINT('',(53.4665316278493,-38.5086379595318,43.377239993492));
#3651=CARTESIAN_POINT('',(53.4665316278493,-41.5086379595318,40.0772400672528));
#3652=CARTESIAN_POINT('Origin',(44.466531829015,-41.5086379595318,43.377239993492));
#3653=CARTESIAN_POINT('',(44.466531829015,-38.5086379595318,43.377239993492));
#3654=CARTESIAN_POINT('',(44.466531829015,-41.5086379595318,43.377239993492));
#3655=CARTESIAN_POINT('',(44.466531829015,-38.5086379595318,43.377239993492));
#3656=CARTESIAN_POINT('Origin',(44.466531829015,-41.5086379595318,40.0772400672528));
#3657=CARTESIAN_POINT('',(44.466531829015,-38.5086379595318,40.0772400672528));
#3658=CARTESIAN_POINT('',(44.466531829015,-41.5086379595318,40.0772400672528));
#3659=CARTESIAN_POINT('',(44.466531829015,-38.5086379595318,40.0772400672528));
#3660=CARTESIAN_POINT('Origin',(53.4665316278493,-41.5086379595318,40.0772400672528));
#3661=CARTESIAN_POINT('',(53.4665316278493,-38.5086379595318,40.0772400672528));
#3662=CARTESIAN_POINT('Origin',(48.9665317284322,-38.5086379595318,41.7272400303724));
#3663=CARTESIAN_POINT('Origin',(56.0665315697348,-1.5086379595318,40.9804245179559));
#3664=CARTESIAN_POINT('',(56.0665315697348,-4.49451545583499,46.6772399197313));
#3665=CARTESIAN_POINT('',(56.0665315697348,-4.49451545583499,40.9804245179559));
#3666=CARTESIAN_POINT('',(56.0665315697348,-4.49451545583499,40.2288323104857));
#3667=CARTESIAN_POINT('',(56.0665315697348,-1.5086379595318,46.6772399197313));
#3668=CARTESIAN_POINT('',(56.0665315697348,-1.5086379595318,40.9804245179559));
#3669=CARTESIAN_POINT('Origin',(42.7976568569325,-1.5086379595318,40.9804245179559));
#3670=CARTESIAN_POINT('',(42.7976568569325,-4.49451545583499,40.9804245179559));
#3671=CARTESIAN_POINT('',(41.3988277281117,-4.49451545583499,40.9804245179559));
#3672=CARTESIAN_POINT('',(42.7976568569325,-1.5086379595318,40.9804245179559));
#3673=CARTESIAN_POINT('Origin',(42.7976568569325,-1.5086379595318,46.6772399197313));
#3674=CARTESIAN_POINT('',(42.7976568569325,-4.49451545583499,46.6772399197313));
#3675=CARTESIAN_POINT('',(42.7976568569325,-4.49451545583499,43.0772400113734));
#3676=CARTESIAN_POINT('',(42.7976568569325,-1.5086379595318,46.6772399197313));
#3677=CARTESIAN_POINT('Origin',(56.0665315697348,-1.5086379595318,46.6772399197313));
#3678=CARTESIAN_POINT('',(48.0332650845128,-4.49451545583499,46.6772399197313));
#3679=CARTESIAN_POINT('Origin',(67.2873150930549,-21.5086379595318,39.4772401030155));
#3680=CARTESIAN_POINT('',(93.9999994039536,-4.49451545583499,39.4772401030155));
#3681=CARTESIAN_POINT('',(39.9999985992908,-4.49451545583499,39.4772401030155));
#3682=CARTESIAN_POINT('',(53.6436568461729,-4.49451545583499,39.4772401030155));
#3683=CARTESIAN_POINT('',(39.9999985992908,-38.4945159624745,39.4772401030155));
#3684=CARTESIAN_POINT('',(39.9999985992908,-30.0015769610031,39.4772401030155));
#3685=CARTESIAN_POINT('',(93.9999994039536,-38.4945159624745,39.4772401030155));
#3686=CARTESIAN_POINT('',(80.6436572485042,-38.4945159624745,39.4772401030155));
#3687=CARTESIAN_POINT('',(93.9999994039536,-13.0015767076834,39.4772401030155));
#3688=CARTESIAN_POINT('Origin',(39.9999985992908,-4.49451545583499,39.4772401030155));
#3689=CARTESIAN_POINT('',(93.9999994039536,-4.49451545583499,39.4772401030155));
#3690=CARTESIAN_POINT('',(39.9999985992908,-4.49451545583499,39.4772401030155));
#3691=CARTESIAN_POINT('',(71.4149415121147,-4.49451545583499,40.9858780625473));
#3692=CARTESIAN_POINT('',(71.4149415121147,-4.49451545583499,46.6539960924005));
#3693=CARTESIAN_POINT('',(71.4149415121147,-4.49451545583499,43.065618097708));
#3694=CARTESIAN_POINT('',(84.6175091182361,-4.49451545583499,46.6539960924005));
#3695=CARTESIAN_POINT('',(62.3087538587635,-4.49451545583499,46.6539960924005));
#3696=CARTESIAN_POINT('',(84.6175091182361,-4.49451545583499,40.9858780625473));
#3697=CARTESIAN_POINT('',(84.6175091182361,-4.49451545583499,40.2315590827814));
#3698=CARTESIAN_POINT('',(55.7074700557028,-4.49451545583499,40.9858780625473));
#3699=CARTESIAN_POINT('Origin',(84.6175091182361,-1.5086379595318,40.9858780625473));
#3700=CARTESIAN_POINT('',(84.6175091182361,-1.5086379595318,46.6539960924005));
#3701=CARTESIAN_POINT('',(84.6175091182361,-1.5086379595318,40.9858780625473));
#3702=CARTESIAN_POINT('Origin',(71.4149415121147,-1.5086379595318,40.9858780625473));
#3703=CARTESIAN_POINT('',(71.4149415121147,-1.5086379595318,40.9858780625473));
#3704=CARTESIAN_POINT('Origin',(71.4149415121147,-1.5086379595318,46.6539960924005));
#3705=CARTESIAN_POINT('',(71.4149415121147,-1.5086379595318,46.6539960924005));
#3706=CARTESIAN_POINT('Origin',(84.6175091182361,-1.5086379595318,46.6539960924005));
#3707=CARTESIAN_POINT('Origin',(39.9999985992908,-38.4945159624745,39.4772401030155));
#3708=CARTESIAN_POINT('',(39.9999985992908,-38.4945159624745,39.4772401030155));
#3709=CARTESIAN_POINT('Origin',(93.9999994039536,-38.4945159624745,39.4772401030155));
#3710=CARTESIAN_POINT('',(93.9999994039536,-38.4945159624745,39.4772401030155));
#3711=CARTESIAN_POINT('Origin',(93.9999994039536,-4.49451545583499,39.4772401030155));
#3712=CARTESIAN_POINT('Origin',(98.2873150930549,-5.5086379595318,39.4772401030155));
#3713=CARTESIAN_POINT('Origin',(36.2873150930549,-37.5086379595318,39.4772401030155));
#3714=CARTESIAN_POINT('',(0.,0.,0.));
#3715=CARTESIAN_POINT('Origin',(89.78210817892,-5.33962185450954,2.00000000000031));
#3716=CARTESIAN_POINT('',(90.78210817892,-5.33962185450953,2.00000000000031));
#3717=CARTESIAN_POINT('Origin',(89.78210817892,-5.33962185450954,2.));
#3718=CARTESIAN_POINT('',(90.78210817892,-5.33962185450953,1.31006316905769E-15));
#3719=CARTESIAN_POINT('',(90.78210817892,-5.33962185450953,2.00000000000031));
#3720=CARTESIAN_POINT('Origin',(89.78210817892,-5.33962185450953,1.66533453693773E-15));
#3721=CARTESIAN_POINT('Origin',(32.2821081789201,-40.3396218545097,2.00000000000031));
#3722=CARTESIAN_POINT('',(33.2821081789201,-40.3396218545097,2.00000000000031));
#3723=CARTESIAN_POINT('Origin',(32.2821081789201,-40.3396218545097,2.));
#3724=CARTESIAN_POINT('',(33.2821081789201,-40.3396218545097,-2.57571741713036E-15));
#3725=CARTESIAN_POINT('',(33.2821081789201,-40.3396218545097,2.00000000000031));
#3726=CARTESIAN_POINT('Origin',(32.2821081789201,-40.3396218545097,-2.22044604925031E-15));
#3727=CARTESIAN_POINT('Origin',(89.2821081789201,-40.3396218545095,2.00000000000029));
#3728=CARTESIAN_POINT('',(90.2821081789201,-40.3396218545095,2.00000000000029));
#3729=CARTESIAN_POINT('Origin',(89.2821081789201,-40.3396218545095,1.99999999999998));
#3730=CARTESIAN_POINT('',(90.2821081789201,-40.3396218545095,-2.28372876165395E-14));
#3731=CARTESIAN_POINT('',(90.2821081789201,-40.3396218545095,2.00000000000029));
#3732=CARTESIAN_POINT('Origin',(89.2821081789201,-40.3396218545095,-2.24820162486594E-14));
#3733=CARTESIAN_POINT('Origin',(32.28210817892,-5.33962185450966,2.00000000000034));
#3734=CARTESIAN_POINT('',(33.28210817892,-5.33962185450966,2.00000000000034));
#3735=CARTESIAN_POINT('Origin',(32.28210817892,-5.33962185450966,2.00000000000002));
#3736=CARTESIAN_POINT('',(33.28210817892,-5.33962185450966,2.15716333684668E-14));
#3737=CARTESIAN_POINT('',(33.28210817892,-5.33962185450966,2.00000000000034));
#3738=CARTESIAN_POINT('Origin',(32.28210817892,-5.33962185450966,2.19269047363468E-14));
#3739=CARTESIAN_POINT('Origin',(85.7244476969364,-36.6701478070211,2.00000000000033));
#3740=CARTESIAN_POINT('',(85.7226067809009,-35.6701495015084,2.00000000000033));
#3741=CARTESIAN_POINT('',(85.7226067809009,-37.6701461125337,2.00000000000033));
#3742=CARTESIAN_POINT('Origin',(85.7244476969364,-36.6701478070211,2.00000000000033));
#3743=CARTESIAN_POINT('',(85.7226067809009,-35.6701495015084,3.30291349825984E-13));
#3744=CARTESIAN_POINT('',(85.7226067808198,-35.6701495015086,2.00000000000033));
#3745=CARTESIAN_POINT('',(85.7226067809009,-37.6701461125337,3.30291349825984E-13));
#3746=CARTESIAN_POINT('Origin',(85.7244476969364,-36.6701478070211,3.30291349825984E-13));
#3747=CARTESIAN_POINT('',(85.7226067807861,-37.6701461125335,2.00000000000033));
#3748=CARTESIAN_POINT('Origin',(36.7244476969364,-36.6701478070212,2.00000000000036));
#3749=CARTESIAN_POINT('',(36.7226023774676,-35.6701495096246,2.00000000000036));
#3750=CARTESIAN_POINT('',(36.722602377415,-37.6701461044177,2.00000000000036));
#3751=CARTESIAN_POINT('Origin',(36.7244476969364,-36.6701478070212,2.00000000000036));
#3752=CARTESIAN_POINT('',(36.7226023774676,-35.6701495096246,3.56936702416988E-13));
#3753=CARTESIAN_POINT('',(36.7226023774156,-35.6701495096247,2.00000000000036));
#3754=CARTESIAN_POINT('',(36.722602377415,-37.6701461044177,3.56936702416988E-13));
#3755=CARTESIAN_POINT('Origin',(36.7244476969364,-36.6701478070212,3.56936702416988E-13));
#3756=CARTESIAN_POINT('',(36.7226023773266,-37.6701461044175,2.00000000000036));
#3757=CARTESIAN_POINT('Origin',(85.7244476969364,-7.97014780702107,2.00000000000036));
#3758=CARTESIAN_POINT('',(85.7227821857247,-6.97014919398582,2.00000000000036));
#3759=CARTESIAN_POINT('',(85.7224231875419,-8.97014575769984,2.00000000000036));
#3760=CARTESIAN_POINT('Origin',(85.7244476969364,-7.97014780702107,2.00000000000036));
#3761=CARTESIAN_POINT('',(85.7227821857247,-6.97014919398581,3.56936702416988E-13));
#3762=CARTESIAN_POINT('',(85.7227821857207,-6.97014919398582,2.00000000000036));
#3763=CARTESIAN_POINT('',(85.7224231875419,-8.97014575769984,3.56936702416988E-13));
#3764=CARTESIAN_POINT('Origin',(85.7244476969364,-7.97014780702107,3.56936702416988E-13));
#3765=CARTESIAN_POINT('',(85.7224231874149,-8.97014575769959,2.00000000000036));
#3766=CARTESIAN_POINT('Origin',(36.2244476969364,-8.52014780702118,2.00000000000037));
#3767=CARTESIAN_POINT('',(36.6526645245063,-7.61647178731835,2.00000000000037));
#3768=CARTESIAN_POINT('',(35.7784298560951,-9.41517187689376,2.00000000000037));
#3769=CARTESIAN_POINT('Origin',(36.2244476969364,-8.52014780702118,2.00000000000037));
#3770=CARTESIAN_POINT('',(36.6526645245063,-7.61647178731835,3.7470027081099E-13));
#3771=CARTESIAN_POINT('',(36.652664524534,-7.61647178733146,2.00000000000037));
#3772=CARTESIAN_POINT('',(35.7784298560951,-9.41517187689376,3.65818486613989E-13));
#3773=CARTESIAN_POINT('Origin',(36.2244476969364,-8.52014780702117,3.65818486613989E-13));
#3774=CARTESIAN_POINT('',(35.7784298560701,-9.41517187688132,2.00000000000037));
#3775=CARTESIAN_POINT('Origin',(85.7207576762089,-7.97014714466433,-10.9999999999998));
#3776=CARTESIAN_POINT('Origin',(85.7207576762089,-7.97014714466434,2.));
#3777=CARTESIAN_POINT('Origin',(85.7207576762089,-7.97014714466434,2.22044604925031E-15));
#3778=CARTESIAN_POINT('Origin',(85.7207577879677,-36.670147807021,-10.9999999999998));
#3779=CARTESIAN_POINT('Origin',(85.7207577879677,-36.670147807021,1.99999999999998));
#3780=CARTESIAN_POINT('Origin',(85.7207577879677,-36.670147807021,-1.77635683940025E-14));
#3781=CARTESIAN_POINT('Origin',(36.2066466836677,-8.5114958571916,-10.9999999999997));
#3782=CARTESIAN_POINT('Origin',(36.2066466836677,-8.5114958571916,2.00000000000002));
#3783=CARTESIAN_POINT('Origin',(36.2066466836677,-8.5114958571916,1.99840144432528E-14));
#3784=CARTESIAN_POINT('Origin',(36.7207570578106,-36.670147807021,-10.9999999999997));
#3785=CARTESIAN_POINT('Origin',(36.7207570578106,-36.670147807021,2.));
#3786=CARTESIAN_POINT('Origin',(36.7207570578106,-36.670147807021,0.));
#3787=CARTESIAN_POINT('Origin',(41.5999687415316,-30.6876633804385,1.));
#3788=CARTESIAN_POINT('',(43.5999687415316,-30.6876633804385,3.));
#3789=CARTESIAN_POINT('Origin',(41.5999687415316,-30.6876633804385,3.));
#3790=CARTESIAN_POINT('',(43.5999687415316,-30.6876633804385,2.));
#3791=CARTESIAN_POINT('',(43.5999687415316,-30.6876633804385,1.));
#3792=CARTESIAN_POINT('Origin',(41.5999687415316,-30.6876633804385,2.));
#3793=CARTESIAN_POINT('Origin',(41.5999687415316,-30.6876633804385,3.));
#3794=CARTESIAN_POINT('Origin',(41.5999687415316,-20.6876632165257,1.));
#3795=CARTESIAN_POINT('',(43.5999687713339,-20.6876632165257,3.));
#3796=CARTESIAN_POINT('Origin',(41.5999687415316,-20.6876632165257,3.));
#3797=CARTESIAN_POINT('',(43.5999687713339,-20.6876632165257,2.));
#3798=CARTESIAN_POINT('',(43.5999687713339,-20.6876632165257,1.));
#3799=CARTESIAN_POINT('Origin',(41.5999687415316,-20.6876632165257,2.));
#3800=CARTESIAN_POINT('Origin',(41.5999687415316,-20.6876632165257,3.));
#3801=CARTESIAN_POINT('Origin',(46.5999688160374,-25.6876632910315,1.));
#3802=CARTESIAN_POINT('',(48.5999688458397,-25.6876632910315,3.));
#3803=CARTESIAN_POINT('Origin',(46.5999688160374,-25.6876632910315,3.));
#3804=CARTESIAN_POINT('',(48.5999688458397,-25.6876632910315,2.));
#3805=CARTESIAN_POINT('',(48.5999688458397,-25.6876632910315,1.));
#3806=CARTESIAN_POINT('Origin',(46.5999688160374,-25.6876632910315,2.));
#3807=CARTESIAN_POINT('Origin',(46.5999688160374,-25.6876632910315,3.));
#3808=CARTESIAN_POINT('Origin',(36.5999686670258,-25.6876632910315,1.));
#3809=CARTESIAN_POINT('',(38.5999686968281,-25.6876632910315,3.));
#3810=CARTESIAN_POINT('Origin',(36.5999686670258,-25.6876632910315,3.));
#3811=CARTESIAN_POINT('',(38.5999686968281,-25.6876632910315,2.));
#3812=CARTESIAN_POINT('',(38.5999686968281,-25.6876632910315,1.));
#3813=CARTESIAN_POINT('Origin',(36.5999686670258,-25.6876632910315,2.));
#3814=CARTESIAN_POINT('Origin',(36.5999686670258,-25.6876632910315,3.));
#3815=CARTESIAN_POINT('Origin',(79.5999692630722,-31.6876633655373,1.));
#3816=CARTESIAN_POINT('',(79.5999692630722,-28.6876632910315,2.));
#3817=CARTESIAN_POINT('',(79.5999692630722,-31.6876633655373,2.));
#3818=CARTESIAN_POINT('',(79.5999692630722,-25.4261630161734,2.));
#3819=CARTESIAN_POINT('',(79.5999692630722,-28.6876632910315,3.));
#3820=CARTESIAN_POINT('',(79.5999692630722,-28.6876632910315,1.));
#3821=CARTESIAN_POINT('',(79.5999692630722,-31.6876633655373,3.));
#3822=CARTESIAN_POINT('',(79.5999692630722,-27.6876632910315,3.));
#3823=CARTESIAN_POINT('',(79.5999692630722,-31.6876633655373,1.));
#3824=CARTESIAN_POINT('Origin',(80.5999692630722,-28.6876632910315,1.));
#3825=CARTESIAN_POINT('',(80.5999692630722,-27.6876632910315,2.));
#3826=CARTESIAN_POINT('Origin',(80.5999692630722,-28.6876632910315,2.));
#3827=CARTESIAN_POINT('',(80.5999692630722,-27.6876632910315,3.));
#3828=CARTESIAN_POINT('',(80.5999692630722,-27.6876632910315,1.));
#3829=CARTESIAN_POINT('Origin',(80.5999692630722,-28.6876632910315,3.));
#3830=CARTESIAN_POINT('Origin',(80.5999692630722,-27.6876632910315,1.));
#3831=CARTESIAN_POINT('',(83.599969337578,-27.6876632910315,2.));
#3832=CARTESIAN_POINT('',(72.6603630412319,-27.6876632910315,2.));
#3833=CARTESIAN_POINT('',(83.599969337578,-27.6876632910315,3.));
#3834=CARTESIAN_POINT('',(83.599969337578,-27.6876632910315,1.));
#3835=CARTESIAN_POINT('',(84.599969337578,-27.6876632910315,3.));
#3836=CARTESIAN_POINT('Origin',(83.599969337578,-26.6876632910315,1.));
#3837=CARTESIAN_POINT('',(84.599969337578,-26.6876632910315,2.));
#3838=CARTESIAN_POINT('Origin',(83.599969337578,-26.6876632910315,2.));
#3839=CARTESIAN_POINT('',(84.599969337578,-26.6876632910315,3.));
#3840=CARTESIAN_POINT('',(84.599969337578,-26.6876632910315,1.));
#3841=CARTESIAN_POINT('Origin',(83.599969337578,-26.6876632910315,3.));
#3842=CARTESIAN_POINT('Origin',(84.599969337578,-26.6876632910315,1.));
#3843=CARTESIAN_POINT('',(84.599969337578,-23.6876632165257,2.));
#3844=CARTESIAN_POINT('',(84.599969337578,-22.9261629789205,2.));
#3845=CARTESIAN_POINT('',(84.599969337578,-23.6876632165257,3.));
#3846=CARTESIAN_POINT('',(84.599969337578,-23.6876632165257,1.));
#3847=CARTESIAN_POINT('',(84.599969337578,-22.6876632165257,3.));
#3848=CARTESIAN_POINT('Origin',(83.599969337578,-23.6876632165257,1.));
#3849=CARTESIAN_POINT('',(83.599969337578,-22.6876632165257,2.));
#3850=CARTESIAN_POINT('Origin',(83.599969337578,-23.6876632165257,2.));
#3851=CARTESIAN_POINT('',(83.599969337578,-22.6876632165257,3.));
#3852=CARTESIAN_POINT('',(83.599969337578,-22.6876632165257,1.));
#3853=CARTESIAN_POINT('Origin',(83.599969337578,-23.6876632165257,3.));
#3854=CARTESIAN_POINT('Origin',(83.599969337578,-22.6876632165257,1.));
#3855=CARTESIAN_POINT('',(80.5999692630722,-22.6876632165257,2.));
#3856=CARTESIAN_POINT('',(70.160363003979,-22.6876632165257,2.));
#3857=CARTESIAN_POINT('',(80.5999692630722,-22.6876632165257,3.));
#3858=CARTESIAN_POINT('',(80.5999692630722,-22.6876632165257,1.));
#3859=CARTESIAN_POINT('',(79.5999692630722,-22.6876632165257,3.));
#3860=CARTESIAN_POINT('Origin',(80.5999692630722,-21.6876632165257,1.));
#3861=CARTESIAN_POINT('',(79.5999692630722,-21.6876632165257,2.));
#3862=CARTESIAN_POINT('Origin',(80.5999692630722,-21.6876632165257,2.));
#3863=CARTESIAN_POINT('',(79.5999692630722,-21.6876632165257,3.));
#3864=CARTESIAN_POINT('',(79.5999692630722,-21.6876632165257,1.));
#3865=CARTESIAN_POINT('Origin',(80.5999692630722,-21.6876632165257,3.));
#3866=CARTESIAN_POINT('Origin',(79.5999692630722,-21.6876632165257,1.));
#3867=CARTESIAN_POINT('',(79.5999692630722,-18.6876631420199,2.));
#3868=CARTESIAN_POINT('',(79.5999692630722,-20.4261629416676,2.));
#3869=CARTESIAN_POINT('',(79.5999692630722,-18.6876631420199,3.));
#3870=CARTESIAN_POINT('',(79.5999692630722,-18.6876631420199,1.));
#3871=CARTESIAN_POINT('',(79.5999692630722,-17.6876631420199,3.));
#3872=CARTESIAN_POINT('Origin',(78.5999692630722,-18.6876631420199,1.));
#3873=CARTESIAN_POINT('',(78.5999692630722,-17.6876631420199,2.));
#3874=CARTESIAN_POINT('Origin',(78.5999692630722,-18.6876631420199,2.));
#3875=CARTESIAN_POINT('',(78.5999692630722,-17.6876631420199,3.));
#3876=CARTESIAN_POINT('',(78.5999692630722,-17.6876631420199,1.));
#3877=CARTESIAN_POINT('Origin',(78.5999692630722,-18.6876631420199,3.));
#3878=CARTESIAN_POINT('Origin',(78.5999692630722,-17.6876631420199,1.));
#3879=CARTESIAN_POINT('',(75.5999691885664,-17.6876631420199,2.));
#3880=CARTESIAN_POINT('',(67.6603629667261,-17.6876631420199,2.));
#3881=CARTESIAN_POINT('',(75.5999691885664,-17.6876631420199,3.));
#3882=CARTESIAN_POINT('',(75.5999691885664,-17.6876631420199,1.));
#3883=CARTESIAN_POINT('',(74.5999691885664,-17.6876631420199,3.));
#3884=CARTESIAN_POINT('Origin',(75.5999691885664,-18.6876631420199,1.));
#3885=CARTESIAN_POINT('',(74.5999691885664,-18.6876631420199,2.));
#3886=CARTESIAN_POINT('Origin',(75.5999691885664,-18.6876631420199,2.));
#3887=CARTESIAN_POINT('',(74.5999691885664,-18.6876631420199,3.));
#3888=CARTESIAN_POINT('',(74.5999691885664,-18.6876631420199,1.));
#3889=CARTESIAN_POINT('Origin',(75.5999691885664,-18.6876631420199,3.));
#3890=CARTESIAN_POINT('Origin',(78.5999692630722,-31.6876633655373,1.));
#3891=CARTESIAN_POINT('',(78.5999692630722,-32.6876633655373,2.));
#3892=CARTESIAN_POINT('Origin',(78.5999692630722,-31.6876633655373,2.));
#3893=CARTESIAN_POINT('',(78.5999692630722,-32.6876633655373,3.));
#3894=CARTESIAN_POINT('Origin',(78.5999692630722,-31.6876633655373,3.));
#3895=CARTESIAN_POINT('',(78.5999692630722,-32.6876633655373,1.));
#3896=CARTESIAN_POINT('Origin',(75.5999691885664,-32.6876633655373,1.));
#3897=CARTESIAN_POINT('',(75.5999691885664,-32.6876633655373,2.));
#3898=CARTESIAN_POINT('',(70.160363003979,-32.6876633655373,2.));
#3899=CARTESIAN_POINT('',(75.5999691885664,-32.6876633655373,3.));
#3900=CARTESIAN_POINT('',(79.5999692630722,-32.6876633655373,3.));
#3901=CARTESIAN_POINT('',(75.5999691885664,-32.6876633655373,1.));
#3902=CARTESIAN_POINT('Origin',(75.5999691885664,-31.6876633655373,1.));
#3903=CARTESIAN_POINT('',(74.5999691885664,-31.6876633655373,2.));
#3904=CARTESIAN_POINT('Origin',(75.5999691885664,-31.6876633655373,2.));
#3905=CARTESIAN_POINT('',(74.5999691885664,-31.6876633655373,3.));
#3906=CARTESIAN_POINT('Origin',(75.5999691885664,-31.6876633655373,3.));
#3907=CARTESIAN_POINT('',(74.5999691885664,-31.6876633655373,1.));
#3908=CARTESIAN_POINT('Origin',(74.5999691885664,-28.6876632910315,1.));
#3909=CARTESIAN_POINT('',(74.5999691885664,-28.6876632910315,2.));
#3910=CARTESIAN_POINT('',(74.5999691885664,-27.9261630534263,2.));
#3911=CARTESIAN_POINT('',(74.5999691885664,-28.6876632910315,3.));
#3912=CARTESIAN_POINT('',(74.5999691885664,-32.6876633655373,3.));
#3913=CARTESIAN_POINT('',(74.5999691885664,-28.6876632910315,1.));
#3914=CARTESIAN_POINT('Origin',(73.5999691885664,-28.6876632910315,1.));
#3915=CARTESIAN_POINT('',(73.5999691885664,-27.6876632910315,2.));
#3916=CARTESIAN_POINT('Origin',(73.5999691885664,-28.6876632910315,2.));
#3917=CARTESIAN_POINT('',(73.5999691885664,-27.6876632910315,3.));
#3918=CARTESIAN_POINT('Origin',(73.5999691885664,-28.6876632910315,3.));
#3919=CARTESIAN_POINT('',(73.5999691885664,-27.6876632910315,1.));
#3920=CARTESIAN_POINT('Origin',(70.5999691140606,-27.6876632910315,1.));
#3921=CARTESIAN_POINT('',(70.5999691140606,-27.6876632910315,2.));
#3922=CARTESIAN_POINT('',(67.6603629667261,-27.6876632910315,2.));
#3923=CARTESIAN_POINT('',(70.5999691140606,-27.6876632910315,3.));
#3924=CARTESIAN_POINT('',(74.5999691885664,-27.6876632910315,3.));
#3925=CARTESIAN_POINT('',(70.5999691140606,-27.6876632910315,1.));
#3926=CARTESIAN_POINT('Origin',(70.5999691140606,-26.6876632910315,1.));
#3927=CARTESIAN_POINT('',(69.5999691140606,-26.6876632910315,2.));
#3928=CARTESIAN_POINT('Origin',(70.5999691140606,-26.6876632910315,2.));
#3929=CARTESIAN_POINT('',(69.5999691140606,-26.6876632910315,3.));
#3930=CARTESIAN_POINT('Origin',(70.5999691140606,-26.6876632910315,3.));
#3931=CARTESIAN_POINT('',(69.5999691140606,-26.6876632910315,1.));
#3932=CARTESIAN_POINT('Origin',(69.5999691140606,-23.6876632165257,1.));
#3933=CARTESIAN_POINT('',(69.5999691140606,-23.6876632165257,2.));
#3934=CARTESIAN_POINT('',(69.5999691140606,-25.4261630161734,2.));
#3935=CARTESIAN_POINT('',(69.5999691140606,-23.6876632165257,3.));
#3936=CARTESIAN_POINT('',(69.5999691140606,-27.6876632910315,3.));
#3937=CARTESIAN_POINT('',(69.5999691140606,-23.6876632165257,1.));
#3938=CARTESIAN_POINT('Origin',(70.5999691140606,-23.6876632165257,1.));
#3939=CARTESIAN_POINT('',(70.5999691140606,-22.6876632165257,2.));
#3940=CARTESIAN_POINT('Origin',(70.5999691140606,-23.6876632165257,2.));
#3941=CARTESIAN_POINT('',(70.5999691140606,-22.6876632165257,3.));
#3942=CARTESIAN_POINT('Origin',(70.5999691140606,-23.6876632165257,3.));
#3943=CARTESIAN_POINT('',(70.5999691140606,-22.6876632165257,1.));
#3944=CARTESIAN_POINT('Origin',(73.5999691885664,-22.6876632165257,1.));
#3945=CARTESIAN_POINT('',(73.5999691885664,-22.6876632165257,2.));
#3946=CARTESIAN_POINT('',(65.1603629294732,-22.6876632165257,2.));
#3947=CARTESIAN_POINT('',(73.5999691885664,-22.6876632165257,3.));
#3948=CARTESIAN_POINT('',(69.5999691140606,-22.6876632165257,3.));
#3949=CARTESIAN_POINT('',(73.5999691885664,-22.6876632165257,1.));
#3950=CARTESIAN_POINT('Origin',(73.5999691885664,-21.6876632165257,1.));
#3951=CARTESIAN_POINT('',(74.5999691885664,-21.6876632165257,2.));
#3952=CARTESIAN_POINT('Origin',(73.5999691885664,-21.6876632165257,2.));
#3953=CARTESIAN_POINT('',(74.5999691885664,-21.6876632165257,3.));
#3954=CARTESIAN_POINT('Origin',(73.5999691885664,-21.6876632165257,3.));
#3955=CARTESIAN_POINT('',(74.5999691885664,-21.6876632165257,1.));
#3956=CARTESIAN_POINT('Origin',(74.5999691885664,-18.6876631420199,1.));
#3957=CARTESIAN_POINT('',(74.5999691885664,-22.9261629789205,2.));
#3958=CARTESIAN_POINT('',(74.5999691885664,-22.6876632165257,3.));
#3959=CARTESIAN_POINT('Origin',(77.0999692258193,-25.1876632537786,3.));
#3960=CARTESIAN_POINT('Origin',(62.0999690395548,-12.8876631420199,2.));
#3961=CARTESIAN_POINT('',(62.0999690395548,-13.3876631420199,2.));
#3962=CARTESIAN_POINT('',(61.5999690395548,-12.8876631420199,2.));
#3963=CARTESIAN_POINT('Origin',(62.0999690395548,-12.8876631420199,2.));
#3964=CARTESIAN_POINT('',(61.5999690395548,-12.8876631420199,1.));
#3965=CARTESIAN_POINT('',(61.5999690395548,-12.8876631420199,2.));
#3966=CARTESIAN_POINT('',(62.0999690395548,-13.3876631420199,1.));
#3967=CARTESIAN_POINT('Origin',(62.0999690395548,-12.8876631420199,1.));
#3968=CARTESIAN_POINT('',(62.0999690395548,-13.3876631420199,2.));
#3969=CARTESIAN_POINT('Origin',(61.5999690395548,-11.3876631122175,2.));
#3970=CARTESIAN_POINT('',(61.5999690395548,-11.8876631122176,2.));
#3971=CARTESIAN_POINT('',(61.5999690395548,-17.2761629267664,2.));
#3972=CARTESIAN_POINT('',(61.5999690395548,-11.8876631122176,1.));
#3973=CARTESIAN_POINT('',(61.5999690395548,-11.8876631122176,2.));
#3974=CARTESIAN_POINT('',(61.5999690395548,-13.3876631420199,1.));
#3975=CARTESIAN_POINT('Origin',(60.7207567448858,-23.1646627413153,2.));
#3976=CARTESIAN_POINT('',(66.0999691140606,-13.3876631420199,2.));
#3977=CARTESIAN_POINT('',(61.1603628922203,-13.3876631420199,2.));
#3978=CARTESIAN_POINT('',(66.5999691140606,-12.8876631420199,2.));
#3979=CARTESIAN_POINT('Origin',(66.0999691140606,-12.8876631420199,2.));
#3980=CARTESIAN_POINT('',(66.5999691140606,-11.8876631122176,2.));
#3981=CARTESIAN_POINT('',(66.5999691140606,-18.2761629416676,2.));
#3982=CARTESIAN_POINT('',(66.0999691140606,-11.3876631122175,2.));
#3983=CARTESIAN_POINT('Origin',(66.0999691140606,-11.8876631122176,2.));
#3984=CARTESIAN_POINT('',(62.0999690395548,-11.3876631122175,2.));
#3985=CARTESIAN_POINT('',(63.6603629294732,-11.3876631122175,2.));
#3986=CARTESIAN_POINT('Origin',(62.0999690395548,-11.8876631122176,2.));
#3987=CARTESIAN_POINT('Origin',(62.0999690395548,-11.8876631122176,2.));
#3988=CARTESIAN_POINT('',(62.0999690395548,-11.3876631122175,1.));
#3989=CARTESIAN_POINT('',(62.0999690395548,-11.3876631122175,2.));
#3990=CARTESIAN_POINT('Origin',(62.0999690395548,-11.8876631122176,1.));
#3991=CARTESIAN_POINT('Origin',(66.5999691140606,-11.3876631122175,2.));
#3992=CARTESIAN_POINT('',(66.0999691140606,-11.3876631122175,1.));
#3993=CARTESIAN_POINT('',(66.0999691140606,-11.3876631122175,2.));
#3994=CARTESIAN_POINT('',(61.5999690395548,-11.3876631122175,1.));
#3995=CARTESIAN_POINT('Origin',(66.0999691140606,-11.8876631122176,2.));
#3996=CARTESIAN_POINT('',(66.5999691140606,-11.8876631122176,1.));
#3997=CARTESIAN_POINT('',(66.5999691140606,-11.8876631122176,2.));
#3998=CARTESIAN_POINT('Origin',(66.0999691140606,-11.8876631122176,1.));
#3999=CARTESIAN_POINT('Origin',(66.5999691140606,-13.3876631420199,2.));
#4000=CARTESIAN_POINT('',(66.5999691140606,-12.8876631420199,1.));
#4001=CARTESIAN_POINT('',(66.5999691140606,-12.8876631420199,2.));
#4002=CARTESIAN_POINT('',(66.5999691140606,-11.3876631122175,1.));
#4003=CARTESIAN_POINT('Origin',(52.0999688905432,-11.8876631122176,2.));
#4004=CARTESIAN_POINT('',(51.5999688905432,-11.8876631122176,2.));
#4005=CARTESIAN_POINT('',(52.0999688905432,-11.3876631122175,2.));
#4006=CARTESIAN_POINT('Origin',(52.0999688905432,-11.8876631122176,2.));
#4007=CARTESIAN_POINT('',(52.0999688905432,-11.3876631122175,1.));
#4008=CARTESIAN_POINT('',(52.0999688905432,-11.3876631122175,2.));
#4009=CARTESIAN_POINT('',(51.5999688905432,-11.8876631122176,1.));
#4010=CARTESIAN_POINT('Origin',(52.0999688905432,-11.8876631122176,1.));
#4011=CARTESIAN_POINT('',(51.5999688905432,-11.8876631122176,2.));
#4012=CARTESIAN_POINT('Origin',(56.599968965049,-11.3876631122175,2.));
#4013=CARTESIAN_POINT('',(56.099968965049,-11.3876631122175,2.));
#4014=CARTESIAN_POINT('',(58.6603628549674,-11.3876631122175,2.));
#4015=CARTESIAN_POINT('',(56.099968965049,-11.3876631122175,1.));
#4016=CARTESIAN_POINT('',(56.099968965049,-11.3876631122175,2.));
#4017=CARTESIAN_POINT('',(51.5999688905432,-11.3876631122175,1.));
#4018=CARTESIAN_POINT('Origin',(60.7207567448858,-23.1646627413153,2.));
#4019=CARTESIAN_POINT('',(51.5999688905432,-12.8876631420199,2.));
#4020=CARTESIAN_POINT('',(51.5999688905432,-17.2761629267664,2.));
#4021=CARTESIAN_POINT('',(52.0999688905432,-13.3876631420199,2.));
#4022=CARTESIAN_POINT('Origin',(52.0999688905432,-12.8876631420199,2.));
#4023=CARTESIAN_POINT('',(56.099968965049,-13.3876631420199,2.));
#4024=CARTESIAN_POINT('',(56.1603628177145,-13.3876631420199,2.));
#4025=CARTESIAN_POINT('',(56.599968965049,-12.8876631420199,2.));
#4026=CARTESIAN_POINT('Origin',(56.099968965049,-12.8876631420199,2.));
#4027=CARTESIAN_POINT('',(56.599968965049,-11.8876631122176,2.));
#4028=CARTESIAN_POINT('',(56.599968965049,-18.2761629416676,2.));
#4029=CARTESIAN_POINT('Origin',(56.099968965049,-11.8876631122176,2.));
#4030=CARTESIAN_POINT('Origin',(52.0999688905432,-12.8876631420199,2.));
#4031=CARTESIAN_POINT('',(51.5999688905432,-12.8876631420199,1.));
#4032=CARTESIAN_POINT('',(51.5999688905432,-12.8876631420199,2.));
#4033=CARTESIAN_POINT('',(52.0999688905432,-13.3876631420199,1.));
#4034=CARTESIAN_POINT('Origin',(52.0999688905432,-12.8876631420199,1.));
#4035=CARTESIAN_POINT('',(52.0999688905432,-13.3876631420199,2.));
#4036=CARTESIAN_POINT('Origin',(51.5999688905432,-13.3876631420199,2.));
#4037=CARTESIAN_POINT('',(56.099968965049,-13.3876631420199,1.));
#4038=CARTESIAN_POINT('',(56.599968965049,-13.3876631420199,1.));
#4039=CARTESIAN_POINT('',(56.099968965049,-13.3876631420199,2.));
#4040=CARTESIAN_POINT('Origin',(56.099968965049,-12.8876631420199,2.));
#4041=CARTESIAN_POINT('',(56.599968965049,-12.8876631420199,1.));
#4042=CARTESIAN_POINT('Origin',(56.099968965049,-12.8876631420199,1.));
#4043=CARTESIAN_POINT('',(56.599968965049,-12.8876631420199,2.));
#4044=CARTESIAN_POINT('Origin',(56.099968965049,-11.8876631122176,2.));
#4045=CARTESIAN_POINT('',(56.599968965049,-11.8876631122176,1.));
#4046=CARTESIAN_POINT('',(56.599968965049,-11.8876631122176,2.));
#4047=CARTESIAN_POINT('Origin',(56.099968965049,-11.8876631122176,1.));
#4048=CARTESIAN_POINT('Origin',(66.0999691140606,-12.8876631420199,2.));
#4049=CARTESIAN_POINT('',(66.0999691140606,-13.3876631420199,1.));
#4050=CARTESIAN_POINT('',(66.0999691140606,-13.3876631420199,2.));
#4051=CARTESIAN_POINT('Origin',(66.0999691140606,-12.8876631420199,1.));
#4052=CARTESIAN_POINT('Origin',(60.7207567448858,-23.1646627413153,2.));
#4053=CARTESIAN_POINT('',(31.7207567448858,-43.1646627413153,2.));
#4054=CARTESIAN_POINT('',(29.7207567448858,-41.1646627413153,2.));
#4055=CARTESIAN_POINT('Origin',(31.7207567448858,-41.1646627413153,2.));
#4056=CARTESIAN_POINT('',(89.7207567448858,-43.1646627413153,2.));
#4057=CARTESIAN_POINT('',(91.7207567448858,-43.1646627413153,2.));
#4058=CARTESIAN_POINT('',(91.7207567448858,-41.1646627413153,2.));
#4059=CARTESIAN_POINT('Origin',(89.7207567448858,-41.1646627413153,2.));
#4060=CARTESIAN_POINT('',(91.7207567448858,-5.1646627413153,2.));
#4061=CARTESIAN_POINT('',(91.7207567448858,-3.1646627413153,2.));
#4062=CARTESIAN_POINT('',(89.7207567448858,-3.1646627413153,2.));
#4063=CARTESIAN_POINT('Origin',(89.7207567448858,-5.1646627413153,2.));
#4064=CARTESIAN_POINT('',(31.7207567448858,-3.1646627413153,2.));
#4065=CARTESIAN_POINT('',(29.7207567448858,-3.1646627413153,2.));
#4066=CARTESIAN_POINT('',(29.7207567448858,-5.1646627413153,2.));
#4067=CARTESIAN_POINT('Origin',(31.7207567448858,-5.1646627413153,2.));
#4068=CARTESIAN_POINT('',(29.7207567448858,-43.1646627413153,2.));
#4069=CARTESIAN_POINT('',(67.8499691513135,-13.6876631420199,2.));
#4070=CARTESIAN_POINT('',(50.3499688532903,-13.6876631420199,2.));
#4071=CARTESIAN_POINT('',(64.9103629480997,-13.6876631420199,2.));
#4072=CARTESIAN_POINT('',(49.0999688532903,-12.4376631420199,2.));
#4073=CARTESIAN_POINT('Origin',(50.3499688532903,-12.4376631420199,2.));
#4074=CARTESIAN_POINT('',(50.3499688532903,-11.187663104767,2.));
#4075=CARTESIAN_POINT('Origin',(50.3499688532903,-12.437663104767,2.));
#4076=CARTESIAN_POINT('',(67.8499691513135,-11.187663104767,2.));
#4077=CARTESIAN_POINT('',(54.910362799088,-11.187663104767,2.));
#4078=CARTESIAN_POINT('',(69.0999691513135,-12.437663104767,2.));
#4079=CARTESIAN_POINT('Origin',(67.8499691513135,-12.437663104767,2.));
#4080=CARTESIAN_POINT('Origin',(67.8499691513135,-12.4376631420199,2.));
#4081=CARTESIAN_POINT('Origin',(50.3499688532903,-12.437663104767,2.));
#4082=CARTESIAN_POINT('',(50.3499688532903,-11.187663104767,1.));
#4083=CARTESIAN_POINT('',(49.0999688532903,-12.4376631420199,1.));
#4084=CARTESIAN_POINT('Origin',(50.3499688532903,-12.437663104767,1.));
#4085=CARTESIAN_POINT('',(50.3499688532903,-11.187663104767,2.));
#4086=CARTESIAN_POINT('',(49.0999688532903,-12.4376631420199,2.));
#4087=CARTESIAN_POINT('Origin',(59.0999690023019,-12.4376631233934,1.));
#4088=CARTESIAN_POINT('',(50.3499688532903,-13.6876631420199,1.));
#4089=CARTESIAN_POINT('Origin',(50.3499688532903,-12.4376631420199,1.));
#4090=CARTESIAN_POINT('',(67.8499691513135,-13.6876631420199,1.));
#4091=CARTESIAN_POINT('',(69.0999691513135,-13.6876631420199,1.));
#4092=CARTESIAN_POINT('',(69.0999691513135,-12.437663104767,1.));
#4093=CARTESIAN_POINT('Origin',(67.8499691513135,-12.4376631420199,1.));
#4094=CARTESIAN_POINT('',(67.8499691513135,-11.187663104767,1.));
#4095=CARTESIAN_POINT('Origin',(67.8499691513135,-12.437663104767,1.));
#4096=CARTESIAN_POINT('',(49.0999688532903,-11.187663104767,1.));
#4097=CARTESIAN_POINT('',(56.599968965049,-11.3876631122175,1.));
#4098=CARTESIAN_POINT('',(51.5999688905432,-13.3876631420199,1.));
#4099=CARTESIAN_POINT('',(66.5999691140606,-13.3876631420199,1.));
#4100=CARTESIAN_POINT('Origin',(50.3499688532903,-12.4376631420199,2.));
#4101=CARTESIAN_POINT('',(50.3499688532903,-13.6876631420199,2.));
#4102=CARTESIAN_POINT('Origin',(67.8499691513135,-12.4376631420199,2.));
#4103=CARTESIAN_POINT('',(67.8499691513135,-13.6876631420199,2.));
#4104=CARTESIAN_POINT('',(69.0999691513135,-12.437663104767,2.));
#4105=CARTESIAN_POINT('Origin',(67.8499691513135,-12.437663104767,2.));
#4106=CARTESIAN_POINT('',(67.8499691513135,-11.187663104767,2.));
#4107=CARTESIAN_POINT('Origin',(49.0999688532903,-11.187663104767,2.));
#4108=CARTESIAN_POINT('Origin',(31.7207567448858,-41.1646627413153,8.47225419086323E-30));
#4109=CARTESIAN_POINT('',(29.7207567448858,-41.1646627413153,8.76807703032111E-30));
#4110=CARTESIAN_POINT('',(29.7207567448858,-41.1646627413153,8.76807703032111E-30));
#4111=CARTESIAN_POINT('',(31.7207567448858,-43.1646627413153,8.47225419086323E-30));
#4112=CARTESIAN_POINT('Origin',(31.7207567448858,-41.1646627413153,8.47225419086323E-30));
#4113=CARTESIAN_POINT('',(31.7207567448858,-43.1646627413153,8.47225419086323E-30));
#4114=CARTESIAN_POINT('Origin',(29.7207567448858,-43.1646627413153,8.76807703032111E-30));
#4115=CARTESIAN_POINT('',(89.7207567448858,-43.1646627413153,-1.06608153415271E-31));
#4116=CARTESIAN_POINT('',(91.7207567448858,-43.1646627413153,-4.02430992873151E-31));
#4117=CARTESIAN_POINT('',(89.7207567448858,-43.1646627413153,-1.06608153415271E-31));
#4118=CARTESIAN_POINT('Origin',(60.7207567448858,-23.1646627413153,4.18282301872398E-30));
#4119=CARTESIAN_POINT('',(29.7207567448858,-5.1646627413153,8.76807703032111E-30));
#4120=CARTESIAN_POINT('',(29.7207567448858,-43.1646627413153,8.76807703032111E-30));
#4121=CARTESIAN_POINT('',(31.7207567448858,-3.1646627413153,8.47225419086323E-30));
#4122=CARTESIAN_POINT('Origin',(31.7207567448858,-5.1646627413153,8.47225419086323E-30));
#4123=CARTESIAN_POINT('',(89.7207567448858,-3.1646627413153,-1.06608153415271E-31));
#4124=CARTESIAN_POINT('',(29.7207567448858,-3.1646627413153,8.76807703032111E-30));
#4125=CARTESIAN_POINT('',(91.7207567448858,-5.1646627413153,-4.02430992873151E-31));
#4126=CARTESIAN_POINT('Origin',(89.7207567448858,-5.1646627413153,-1.06608153415271E-31));
#4127=CARTESIAN_POINT('',(91.7207567448858,-41.1646627413153,-4.02430992873151E-31));
#4128=CARTESIAN_POINT('',(91.7207567448858,-3.1646627413153,-4.02430992873151E-31));
#4129=CARTESIAN_POINT('Origin',(89.7207567448858,-41.1646627413153,-1.06608153415271E-31));
#4130=CARTESIAN_POINT('Origin',(89.7207567448858,-41.1646627413153,-1.06608153415271E-31));
#4131=CARTESIAN_POINT('',(91.7207567448858,-41.1646627413153,-4.02430992873151E-31));
#4132=CARTESIAN_POINT('Origin',(91.7207567448858,-43.1646627413153,-4.02430992873151E-31));
#4133=CARTESIAN_POINT('',(91.7207567448858,-5.1646627413153,-4.02430992873151E-31));
#4134=CARTESIAN_POINT('Origin',(89.7207567448858,-5.1646627413153,-1.06608153415271E-31));
#4135=CARTESIAN_POINT('',(89.7207567448858,-3.1646627413153,-1.06608153415271E-31));
#4136=CARTESIAN_POINT('Origin',(91.7207567448858,-3.1646627413153,-4.02430992873151E-31));
#4137=CARTESIAN_POINT('',(31.7207567448858,-3.1646627413153,8.47225419086323E-30));
#4138=CARTESIAN_POINT('Origin',(31.7207567448858,-5.1646627413153,8.47225419086323E-30));
#4139=CARTESIAN_POINT('',(29.7207567448858,-5.1646627413153,8.76807703032111E-30));
#4140=CARTESIAN_POINT('Origin',(61.5999690395548,-13.3876631420199,2.));
#4141=CARTESIAN_POINT('Origin',(51.5999688905432,-11.3876631122175,2.));
#4142=CARTESIAN_POINT('Origin',(56.599968965049,-13.3876631420199,2.));
#4143=CARTESIAN_POINT('Origin',(69.0999691513135,-13.6876631420199,2.));
#4144=CARTESIAN_POINT('Origin',(29.7207567448858,-3.1646627413153,8.76807703032111E-30));
#4145=CARTESIAN_POINT('',(2.65133494812527,-3.81640303903251,-3.65327749109298));
#4146=CARTESIAN_POINT('',(9.21789329629498,-2.16037825724902,43.8239626119229));
#4147=UNCERTAINTY_MEASURE_WITH_UNIT(LENGTH_MEASURE(0.01),#4155,
'DISTANCE_ACCURACY_VALUE',
'Maximum model space distance between geometric entities at asserted c
onnectivities');
#4148=UNCERTAINTY_MEASURE_WITH_UNIT(LENGTH_MEASURE(0.01),#4155,
'DISTANCE_ACCURACY_VALUE',
'Maximum model space distance between geometric entities at asserted c
onnectivities');
#4149=UNCERTAINTY_MEASURE_WITH_UNIT(LENGTH_MEASURE(0.01),#4155,
'DISTANCE_ACCURACY_VALUE',
'Maximum model space distance between geometric entities at asserted c
onnectivities');
#4150=UNCERTAINTY_MEASURE_WITH_UNIT(LENGTH_MEASURE(0.01),#4155,
'DISTANCE_ACCURACY_VALUE',
'Maximum model space distance between geometric entities at asserted c
onnectivities');
#4151=(
GEOMETRIC_REPRESENTATION_CONTEXT(3)
GLOBAL_UNCERTAINTY_ASSIGNED_CONTEXT((#4147))
GLOBAL_UNIT_ASSIGNED_CONTEXT((#4155,#4157,#4158))
REPRESENTATION_CONTEXT('','3D')
);
#4152=(
GEOMETRIC_REPRESENTATION_CONTEXT(3)
GLOBAL_UNCERTAINTY_ASSIGNED_CONTEXT((#4148))
GLOBAL_UNIT_ASSIGNED_CONTEXT((#4155,#4157,#4158))
REPRESENTATION_CONTEXT('','3D')
);
#4153=(
GEOMETRIC_REPRESENTATION_CONTEXT(3)
GLOBAL_UNCERTAINTY_ASSIGNED_CONTEXT((#4149))
GLOBAL_UNIT_ASSIGNED_CONTEXT((#4155,#4157,#4158))
REPRESENTATION_CONTEXT('','3D')
);
#4154=(
GEOMETRIC_REPRESENTATION_CONTEXT(3)
GLOBAL_UNCERTAINTY_ASSIGNED_CONTEXT((#4150))
GLOBAL_UNIT_ASSIGNED_CONTEXT((#4155,#4157,#4158))
REPRESENTATION_CONTEXT('','3D')
);
#4155=(
LENGTH_UNIT()
NAMED_UNIT(*)
SI_UNIT(.MILLI.,.METRE.)
);
#4156=(
LENGTH_UNIT()
NAMED_UNIT(*)
SI_UNIT($,.METRE.)
);
#4157=(
NAMED_UNIT(*)
PLANE_ANGLE_UNIT()
SI_UNIT($,.RADIAN.)
);
#4158=(
NAMED_UNIT(*)
SI_UNIT($,.STERADIAN.)
SOLID_ANGLE_UNIT()
);
#4159=SHAPE_DEFINITION_REPRESENTATION(#4162,#4167);
#4160=SHAPE_DEFINITION_REPRESENTATION(#4163,#4168);
#4161=SHAPE_DEFINITION_REPRESENTATION(#4164,#4169);
#4162=PRODUCT_DEFINITION_SHAPE('',$,#4171);
#4163=PRODUCT_DEFINITION_SHAPE('',$,#4172);
#4164=PRODUCT_DEFINITION_SHAPE('',$,#4173);
#4165=PRODUCT_DEFINITION_SHAPE($,$,#17);
#4166=PRODUCT_DEFINITION_SHAPE($,$,#18);
#4167=SHAPE_REPRESENTATION('',(#2473,#2723,#2724),#4151);
#4168=SHAPE_REPRESENTATION('',(#2474),#4152);
#4169=SHAPE_REPRESENTATION('',(#2554),#4153);
#4170=PRODUCT_DEFINITION_CONTEXT('part definition',#4181,'design');
#4171=PRODUCT_DEFINITION('2026-05-21-21-40-13-295','USB_HUB',#4174,#4170);
#4172=PRODUCT_DEFINITION('2026-05-21-22-02-35-512','Component1',#4175,#4170);
#4173=PRODUCT_DEFINITION('2026-05-22-11-06-20-955','Component2',#4176,#4170);
#4174=PRODUCT_DEFINITION_FORMATION('',$,#4183);
#4175=PRODUCT_DEFINITION_FORMATION('',$,#4184);
#4176=PRODUCT_DEFINITION_FORMATION('',$,#4185);
#4177=PRODUCT_RELATED_PRODUCT_CATEGORY('USB_HUB','USB_HUB',(#4183));
#4178=PRODUCT_RELATED_PRODUCT_CATEGORY('Component1','Component1',(#4184));
#4179=PRODUCT_RELATED_PRODUCT_CATEGORY('Component2','Component2',(#4185));
#4180=APPLICATION_PROTOCOL_DEFINITION('international standard',
'automotive_design',2009,#4181);
#4181=APPLICATION_CONTEXT(
'Core Data for Automotive Mechanical Design Process');
#4182=PRODUCT_CONTEXT('part definition',#4181,'mechanical');
#4183=PRODUCT('2026-05-21-21-40-13-295','USB_HUB',$,(#4182));
#4184=PRODUCT('2026-05-21-22-02-35-512','Component1',$,(#4182));
#4185=PRODUCT('2026-05-22-11-06-20-955','Component2',$,(#4182));
#4186=PRESENTATION_STYLE_ASSIGNMENT((#4193));
#4187=PRESENTATION_STYLE_ASSIGNMENT((#4194));
#4188=PRESENTATION_STYLE_ASSIGNMENT((#4195));
#4189=PRESENTATION_STYLE_ASSIGNMENT((#4196));
#4190=PRESENTATION_STYLE_ASSIGNMENT((#4197));
#4191=PRESENTATION_STYLE_ASSIGNMENT((#4198));
#4192=PRESENTATION_STYLE_ASSIGNMENT((#4199));
#4193=SURFACE_STYLE_USAGE(.BOTH.,#4200);
#4194=SURFACE_STYLE_USAGE(.BOTH.,#4201);
#4195=SURFACE_STYLE_USAGE(.BOTH.,#4202);
#4196=SURFACE_STYLE_USAGE(.BOTH.,#4203);
#4197=SURFACE_STYLE_USAGE(.BOTH.,#4204);
#4198=SURFACE_STYLE_USAGE(.BOTH.,#4205);
#4199=SURFACE_STYLE_USAGE(.BOTH.,#4206);
#4200=SURFACE_SIDE_STYLE('',(#4207));
#4201=SURFACE_SIDE_STYLE('',(#4208));
#4202=SURFACE_SIDE_STYLE('',(#4209));
#4203=SURFACE_SIDE_STYLE('',(#4210));
#4204=SURFACE_SIDE_STYLE('',(#4211));
#4205=SURFACE_SIDE_STYLE('',(#4212));
#4206=SURFACE_SIDE_STYLE('',(#4213));
#4207=SURFACE_STYLE_FILL_AREA(#4214);
#4208=SURFACE_STYLE_FILL_AREA(#4215);
#4209=SURFACE_STYLE_FILL_AREA(#4216);
#4210=SURFACE_STYLE_FILL_AREA(#4217);
#4211=SURFACE_STYLE_FILL_AREA(#4218);
#4212=SURFACE_STYLE_FILL_AREA(#4219);
#4213=SURFACE_STYLE_FILL_AREA(#4220);
#4214=FILL_AREA_STYLE('Steel - Satin',(#4221));
#4215=FILL_AREA_STYLE('Paint - Enamel Glossy (Dark Grey)',(#4222));
#4216=FILL_AREA_STYLE('Paint - Enamel Glossy (Green)',(#4223));
#4217=FILL_AREA_STYLE('Paint - Enamel Glossy (Yellow)',(#4224));
#4218=FILL_AREA_STYLE('Aluminum - Anodized Glossy (Red)',(#4225));
#4219=FILL_AREA_STYLE('Aluminum - Anodized Glossy (Blue)',(#4226));
#4220=FILL_AREA_STYLE('Aluminum - Anodized Rough (Grey)',(#4227));
#4221=FILL_AREA_STYLE_COLOUR('Steel - Satin',#4228);
#4222=FILL_AREA_STYLE_COLOUR('Paint - Enamel Glossy (Dark Grey)',#4229);
#4223=FILL_AREA_STYLE_COLOUR('Paint - Enamel Glossy (Green)',#4230);
#4224=FILL_AREA_STYLE_COLOUR('Paint - Enamel Glossy (Yellow)',#4231);
#4225=FILL_AREA_STYLE_COLOUR('Aluminum - Anodized Glossy (Red)',#4232);
#4226=FILL_AREA_STYLE_COLOUR('Aluminum - Anodized Glossy (Blue)',#4233);
#4227=FILL_AREA_STYLE_COLOUR('Aluminum - Anodized Rough (Grey)',#4234);
#4228=COLOUR_RGB('Steel - Satin',0.627450980392157,0.627450980392157,0.627450980392157);
#4229=COLOUR_RGB('Paint - Enamel Glossy (Dark Grey)',0.349019607843137,
0.349019607843137,0.349019607843137);
#4230=COLOUR_RGB('Paint - Enamel Glossy (Green)',0.266666666666667,0.588235294117647,
0.282352941176471);
#4231=COLOUR_RGB('Paint - Enamel Glossy (Yellow)',0.909803921568627,0.67843137254902,
0.137254901960784);
#4232=COLOUR_RGB('Aluminum - Anodized Glossy (Red)',0.854901960784314,0.349019607843137,
0.349019607843137);
#4233=COLOUR_RGB('Aluminum - Anodized Glossy (Blue)',0.349019607843137,
0.584313725490196,0.854901960784314);
#4234=COLOUR_RGB('Aluminum - Anodized Rough (Grey)',0.537254901960784,0.537254901960784,
0.537254901960784);
ENDSEC;
END-ISO-10303-21;
